 CN = 4
 DataFile: ./Data/4/2/NX360_NP128
 C_max = 1E-2
 C_min = 1E-5
 annule.size = 1204
 lattice.size = 2066
begin{loop}
 Loop;  A;  k;  b;  X;  Lambda
0   1              0.71           1              806394288.5     100 
1   1.083711561    0.7136392651   1.018037598    454161884.9     10 
2   1.274553729    0.7201307119   1.049952188    32236818.3      1 
3   1.440456698    0.7175232354   1.039973114    16632465.83     0.1 
4   1.808718957    0.7115859826   1.016536654    3578617.038     0.01 
5   1.985240733    0.7099222251   1.009896896    50321.44244     0.001 
6   1.995555317    0.7101291944   1.008649341    123.6602674     0.0001 
7   1.99820486     0.7111088798   1.003589579    66.02977493     1e-05 
8   2.000037905    0.7117894524   1.000012294    10.78328043     1e-06 
9   2.000181282    0.7118419419   0.9997230126   0.1159752893    1e-07 
10  2.000182426    0.7118423609   0.9997207227   0.1155342294    1e-08 
11  2.000182427    0.7118423612   0.999720721    0.1155342294    1e-09 
end{loop}
begin{disp_deviation_11}
0   0   1                 1.984685705       0.9846857053      
0   1   1.021611529       1.019874396       -0.001700385372   
0   2   0.6178277298      0.6175600979      -0.0004331820103  
0   3   0.4084571865      0.4084046392      -0.0001286483865  
0   4   0.283090844       0.2830788826      -4.22529162e-05   
0   5   0.2016166282      0.201613761       -1.422115836e-05  
0   6   0.1461038796      0.1461032213      -4.505311644e-06  
0   7   0.1071561634      0.1071560514      -1.044855995e-06  
0   8   0.07928983607     0.07928985093     1.873084791e-07   
0   9   0.05907149804     0.05907152168     4.000582498e-07   
0   10  0.04424791281     0.04424791979     1.578153516e-07   
0   11  0.03329105187     0.03329104112     -3.229925583e-07  
0   12  0.02513962963     0.02513962677     -1.138778407e-07  
0   13  0.01904321633     0.01904321382     -1.316391662e-07  
0   14  0.01446367581     0.01446366395     -8.20056176e-07   
0   15  0.01101080887     0.01101079823     -9.666142593e-07  
0   16  0.008399193264    0.008399173654    -2.334839042e-06  
0   17  0.006418455405    0.006418427692    -4.317579165e-06  
0   18  0.004912606393    0.00491257682     -6.01984586e-06   
0   19  0.003765392369    0.003765359938    -8.613076057e-06  
0   20  0.002889768893    0.002889739835    -1.00556338e-05   
0   21  0.002220332232    0.002220309507    -1.023466023e-05  
0   22  0.001707770037    0.001707754358    -9.180978507e-06  
0   23  0.001314796346    0.00131478546     -8.27919043e-06   
0   24  0.001013140013    0.001013135217    -4.733798672e-06  
0   25  0.0007813260736   0.0007813264375   4.657756727e-07   
0   26  0.0006030048207   0.0006030082818   5.739758821e-06   
0   27  0.00046570582     0.000465710175    9.351463621e-06   
0   28  0.0003599009053   0.000359905488    1.273309291e-05   
0   29  0.0002783014856   0.0002783058329   1.562064434e-05   
0   30  0.0002153237485   0.0002153277296   1.848878582e-05   
0   31  0.0001666848447   0.0001666885651   2.231993868e-05   
0   32  0.0001290963765   0.0001290998352   2.679134128e-05   
0   33  0.0001000306802   0.0001000337892   3.108042082e-05   
0   34  7.754242017e-05   7.7545599e-05     4.099477486e-05   
0   35  6.013483738e-05   6.013762137e-05   4.629568752e-05   
0   36  4.665329091e-05   4.665563855e-05   5.032116539e-05   
0   37  3.620750323e-05   3.620943667e-05   5.339883458e-05   
0   38  2.811053876e-05   2.811193815e-05   4.978148593e-05   
0   39  2.183163942e-05   2.183250098e-05   3.946408125e-05   
0   40  1.696044558e-05   1.696104993e-05   3.563289715e-05   
0   41  1.318001037e-05   1.318050061e-05   3.719537957e-05   
0   42  1.024498469e-05   1.02455402e-05    5.42226574e-05    
0   43  7.965765401e-06   7.966285773e-06   6.532610002e-05   
0   44  6.195398496e-06   6.195689358e-06   4.694806184e-05   
0   45  4.819704787e-06   4.819823592e-06   2.464982402e-05   
0   46  3.750356567e-06   3.750384129e-06   7.349058303e-06   
0   47  2.918976321e-06   2.918899234e-06   -2.640874781e-05  
0   48  2.272385535e-06   2.272255203e-06   -5.735438804e-05  
0   49  1.769393019e-06   1.769236641e-06   -8.837995272e-05  
0   50  1.377984095e-06   1.377850023e-06   -9.72955403e-05   
0   51  1.073352259e-06   1.073252173e-06   -9.324578447e-05  
1   1   0.7687780922      0.7682843401      -0.000642255627   
1   2   0.5390141765      0.5388954807      -0.0002202090687  
1   3   0.3783544454      0.3783263172      -7.434336673e-05  
1   4   0.2693566613      0.2693501186      -2.42901055e-05   
1   5   0.194478341       0.1944770108      -6.839740477e-06  
1   6   0.1420539011      0.1420537628      -9.734178561e-07  
1   7   0.1047193984      0.1047195137      1.100595681e-06   
1   8   0.07776250637     0.07776263994     1.717671933e-06   
1   9   0.0580851261      0.05808521988     1.614450185e-06   
1   10  0.04359618609     0.04359623335     1.084162752e-06   
1   11  0.03285258606     0.03285260593     6.047547702e-07   
1   12  0.02484030208     0.02484030992     3.155998869e-07   
1   13  0.01883637759     0.01883637884     6.667331938e-08   
1   14  0.01431927661     0.01431926873     -5.502422767e-07  
1   15  0.01090912303     0.01090911023     -1.173060999e-06  
1   16  0.00832703932     0.008327019823    -2.34146918e-06   
1   17  0.00636691841     0.00636689236     -4.091461512e-06  
1   18  0.004875582208    0.004875554393    -5.704899317e-06  
1   19  0.003738656129    0.0037386265      -7.925018523e-06  
1   20  0.002870373735    0.00287034722     -9.237565113e-06  
1   21  0.002206204311    0.002206183891    -9.255733735e-06  
1   22  0.001697440757    0.001697426866    -8.183864539e-06  
1   23  0.001307218193    0.001307209287    -6.812486186e-06  
1   24  0.00100756425     0.001007560242    -3.978023968e-06  
1   25  0.0007772118343   0.0007772124679   8.152505275e-07   
1   26  0.0005999608981   0.0005999645598   6.103176742e-06   
1   27  0.000463448428    0.000463452887    9.621243379e-06   
1   28  0.0003582228145   0.0003582277305   1.372330079e-05   
1   29  0.0002770519521   0.0002770562583   1.554316584e-05   
1   30  0.0002143913321   0.0002143952835   1.843042821e-05   
1   31  0.0001659878994   0.0001659915245   2.183944834e-05   
1   32  0.0001285744926   0.0001285779022   2.65183352e-05    
1   33  9.963928739e-05   9.964236472e-05   3.088473106e-05   
1   34  7.724860473e-05   7.725161994e-05   3.903259845e-05   
1   35  5.991402512e-05   5.991652468e-05   4.171916602e-05   
1   36  4.648708498e-05   4.648913981e-05   4.42020596e-05    
1   37  3.608215845e-05   3.608389988e-05   4.826287648e-05   
1   38  2.801585145e-05   2.801717634e-05   4.72906679e-05    
1   39  2.176005157e-05   2.176089139e-05   3.859466478e-05   
1   40  1.69062934e-05    1.690687978e-05   3.468396229e-05   
1   41  1.313899927e-05   1.313948237e-05   3.676796637e-05   
1   42  1.021392821e-05   1.02144516e-05    5.124252846e-05   
1   43  7.942240759e-06   7.94270203e-06    5.80781291e-05    
1   44  6.177526492e-06   6.177783561e-06   4.161347859e-05   
1   45  4.806129114e-06   4.806217702e-06   1.843244404e-05   
1   46  3.740066292e-06   3.740037549e-06   -7.685272206e-06  
1   47  2.911125623e-06   2.91102536e-06    -3.444133074e-05  
1   48  2.266399231e-06   2.266258837e-06   -6.194569147e-05  
1   49  1.764821443e-06   1.764666992e-06   -8.751640311e-05  
1   50  1.374508996e-06   1.374365363e-06   -0.0001044974615  
1   51  1.070704367e-06   1.070593227e-06   -0.0001038007645  
2   1   0.5390141765      0.5388954807      -0.0002202090687  
2   2   0.4226510356      0.4226148227      -8.568038004e-05  
2   3   0.3185791609      0.3185709015      -2.592579313e-05  
2   4   0.2371234002      0.2371226513      -3.158304054e-06  
2   5   0.1761563975      0.1761571736      4.405861455e-06   
2   6   0.1311441132      0.131144916       6.122020061e-06   
2   7   0.09797166673     0.09797225901     6.045409905e-06   
2   8   0.0734605326      0.07346091965     5.268850367e-06   
2   9   0.05527522065     0.0552754573      4.281394171e-06   
2   10  0.04172464118     0.04172477906     3.30443362e-06    
2   11  0.03158595555     0.03158603123     2.396068423e-06   
2   12  0.02397161497     0.02397165451     1.649607037e-06   
2   13  0.0182339165      0.01823393302     9.059977526e-07   
2   14  0.01389745315     0.01389745019     -2.124972909e-07  
2   15  0.01061133871     0.01061132811     -9.989914811e-07  
2   16  0.008115310987    0.008115293905    -2.104846286e-06  
2   17  0.006215428409    0.006215406371    -3.545694195e-06  
2   18  0.004766589849    0.004766566228    -4.955447791e-06  
2   19  0.003659849993    0.003659825626    -6.65811913e-06   
2   20  0.002813141789    0.002813119744    -7.836329241e-06  
2   21  0.002164474318    0.002164457597    -7.725027422e-06  
2   22  0.001666903996    0.0016668929      -6.656555312e-06  
2   23  0.001284799243    0.001284791991    -5.645074608e-06  
2   24  0.0009910555301   0.0009910525414   -3.01566131e-06   
2   25  0.000765022268    0.0007650229893   9.427703051e-07   
2   26  0.0005909377542   0.0005909408803   5.290048249e-06   
2   27  0.0004567532335   0.0004567571588   8.593996499e-06   
2   28  0.0003532442611   0.0003532486113   1.231481792e-05   
2   29  0.0002733421898   0.0002733462      1.467123137e-05   
2   30  0.0002116220051   0.0002116256502   1.722429184e-05   
2   31  0.0001639171057   0.0001639203202   1.961080447e-05   
2   32  0.0001270235891   0.0001270264665   2.265230052e-05   
2   33  9.847588294e-05   9.84784788e-05    2.636039715e-05   
2   34  7.637468328e-05   7.63772153e-05    3.315266619e-05   
2   35  5.925654729e-05   5.925871072e-05   3.650967091e-05   
2   36  4.599178809e-05   4.599363412e-05   4.013840398e-05   
2   37  3.570870488e-05   3.571020405e-05   4.198330737e-05   
2   38  2.773385346e-05   2.773502407e-05   4.220863605e-05   
2   39  2.154685733e-05   2.154762697e-05   3.571920185e-05   
2   40  1.674503815e-05   1.674551874e-05   2.870015498e-05   
2   41  1.301690343e-05   1.301727368e-05   2.844422227e-05   
2   42  1.012141576e-05   1.012180961e-05   3.891234286e-05   
2   43  7.872095783e-06   7.872411485e-06   4.010398012e-05   
2   44  6.124263539e-06   6.124406914e-06   2.341090577e-05   
2   45  4.765658253e-06   4.765652432e-06   -1.221537099e-06  
2   46  3.709242385e-06   3.70918503e-06    -1.546267949e-05  
2   47  2.887654719e-06   2.887542796e-06   -3.875903804e-05  
2   48  2.248531849e-06   2.248373157e-06   -7.057554291e-05  
2   49  1.751222187e-06   1.751035051e-06   -0.0001068598875  
2   50  1.364121438e-06   1.363968789e-06   -0.0001119031579  
2   51  1.062781203e-06   1.062659232e-06   -0.0001147656123  
3   1   0.3783544454      0.3783263172      -7.434336673e-05  
3   2   0.3185791609      0.3185709015      -2.592579313e-05  
3   3   0.2546717589      0.2546717398      -7.485598481e-08  
3   4   0.1981462108      0.1981482256      1.016843274e-05   
3   5   0.1520868823      0.1520888526      1.295533167e-05   
3   6   0.1159923385      0.115993794       1.254838467e-05   
3   7   0.0882383467      0.08823932827     1.112399223e-05   
3   8   0.06708836431     0.06708899966     9.470355035e-06   
3   9   0.05103268394     0.05103308072     7.775190592e-06   
3   10  0.0388583205      0.03885855539     6.044786729e-06   
3   11  0.02962475666     0.02962489564     4.691362354e-06   
3   12  0.02261496278     0.02261504408     3.595099067e-06   
3   13  0.01728651447     0.01728655608     2.40692133e-06    
3   14  0.01323035182     0.01323036156     7.36119838e-07    
3   15  0.01013818359     0.01013818053     -3.019665213e-07  
3   16  0.007777557758    0.007777546255    -1.478947822e-06  
3   17  0.005972952581    0.005972935842    -2.80252876e-06   
3   18  0.004591627462    0.004591608914    -4.039706407e-06  
3   19  0.003533025501    0.003533006103    -5.490577653e-06  
3   20  0.002720832512    0.002720814324    -6.684993497e-06  
3   21  0.002097034867    0.002097022198    -6.041314865e-06  
3   22  0.001617466777    0.001617459238    -4.660936715e-06  
3   23  0.001248446337    0.001248441974    -3.495086796e-06  
3   24  0.0009642482903   0.0009642471758   -1.155833948e-06  
3   25  0.0007452027031   0.0007452042707   2.103598287e-06   
3   26  0.0005762484084   0.0005762523375   6.81841076e-06    
3   27  0.0004458417845   0.0004458464412   1.044466727e-05   
3   28  0.0003451224892   0.000345127232    1.374247538e-05   
3   29  0.0002672856014   0.0002672893659   1.408416975e-05   
3   30  0.0002070975091   0.000207100378    1.385277727e-05   
3   31  0.0001605309739   0.0001605336256   1.651785636e-05   
3   32  0.0001244856248   0.0001244878706   1.804071931e-05   
3   33  9.657071268e-05   9.657277492e-05   2.135468811e-05   
3   34  7.494267374e-05   7.494462062e-05   2.597816163e-05   
3   35  5.817859178e-05   5.818035414e-05   3.029220386e-05   
3   36  4.517941409e-05   4.518091484e-05   3.321764514e-05   
3   37  3.509570312e-05   3.509696695e-05   3.601084418e-05   
3   38  2.727077689e-05   2.727179172e-05   3.721298223e-05   
3   39  2.119669636e-05   2.119733762e-05   3.025303189e-05   
3   40  1.64800351e-05    1.648037007e-05   2.032585873e-05   
3   41  1.281620396e-05   1.281638058e-05   1.378049094e-05   
3   42  9.969297614e-06   9.969462653e-06   1.655474152e-05   
3   43  7.756624031e-06   7.756779704e-06   2.006968113e-05   
3   44  6.036527236e-06   6.036569788e-06   7.049039624e-06   
3   45  4.69893281e-06    4.69887643e-06    -1.199838818e-05  
3   46  3.658476974e-06   3.65838206e-06    -2.594335572e-05  
3   47  2.849001422e-06   2.848864251e-06   -4.814731589e-05  
3   48  2.219070273e-06   2.218905179e-06   -7.439790993e-05  
3   49  1.728770428e-06   1.728569484e-06   -0.0001162356218  
3   50  1.346998342e-06   1.346830807e-06   -0.0001243761128  
3   51  1.049715895e-06   1.04957747e-06    -0.0001318686934  
4   1   0.2693566613      0.2693501186      -2.42901055e-05   
4   2   0.2371234002      0.2371226513      -3.158304054e-06  
4   3   0.1981462108      0.1981482256      1.016843274e-05   
4   4   0.1601849549      0.160187542       1.615050233e-05   
4   5   0.1268641788      0.1268664076      1.756801381e-05   
4   6   0.09921984156     0.09922151066     1.682224848e-05   
4   7   0.07701280613     0.07701396166     1.500449161e-05   
4   8   0.05950839399     0.05950915961     1.286573073e-05   
4   9   0.04586519187     0.04586568517     1.075555719e-05   
4   10  0.03530225934     0.03530256743     8.727154051e-06   
4   11  0.02715595057     0.02715614242     7.064734424e-06   
4   12  0.02088705925     0.02088717536     5.558863055e-06   
4   13  0.01606824499     0.01606830781     3.909421885e-06   
4   14  0.0123656773      0.01236570328     2.101232411e-06   
4   15  0.009520792094    0.009520797711    5.89977905e-07    
4   16  0.007334338726    0.007334333028    -7.76820231e-07   
4   17  0.0056532098      0.005653197761    -2.129639167e-06  
4   18  0.004359936196    0.004359922204    -3.209251091e-06  
4   19  0.003364458843    0.003364444706    -4.201881554e-06  
4   20  0.002597740663    0.002597727614    -5.023186277e-06  
4   21  0.002006848262    0.00200683933     -4.450804971e-06  
4   22  0.001551184607    0.001551180199    -2.841654437e-06  
4   23  0.00119959433     0.00119959242     -1.591565106e-06  
4   24  0.0009281482324   0.0009281492758   1.124169794e-06   
4   25  0.0007184618325   0.0007184646585   3.933333422e-06   
4   26  0.000556395954    0.0005564003564   7.912434434e-06   
4   27  0.0004310718315   0.0004310771497   1.233700192e-05   
4   28  0.0003341128626   0.000334117905    1.509190765e-05   
4   29  0.0002590638078   0.0002590678604   1.564314475e-05   
4   30  0.0002009473105   0.0002009502974   1.486416503e-05   
4   31  0.0001559233107   0.0001559257248   1.548247045e-05   
4   32  0.0001210282139   0.0001210302577   1.688658813e-05   
4   33  9.397287808e-05   9.397463669e-05   1.871399012e-05   
4   34  7.298809109e-05   7.298971543e-05   2.225487822e-05   
4   35  5.670629757e-05   5.670758558e-05   2.271377842e-05   
4   36  4.406892522e-05   4.407005555e-05   2.564922691e-05   
4   37  3.425717537e-05   3.425814065e-05   2.817747911e-05   
4   38  2.663695566e-05   2.663770562e-05   2.815463888e-05   
4   39  2.071700364e-05   2.071753313e-05   2.555829956e-05   
4   40  1.61166814e-05    1.61169586e-05    1.71996133e-05    
4   41  1.254073423e-05   1.254087457e-05   1.119132942e-05   
4   42  9.760315982e-06   9.76041613e-06    1.02607455e-05    
4   43  7.597980441e-06   7.598028571e-06   6.334527295e-06   
4   44  5.915950652e-06   5.915917249e-06   -5.646270028e-06  
4   45  4.607214956e-06   4.607109407e-06   -2.290946235e-05  
4   46  3.588655083e-06   3.588534196e-06   -3.368603124e-05  
4   47  2.79582085e-06    2.795662907e-06   -5.649256671e-05  
4   48  2.178564435e-06   2.178355957e-06   -9.569520258e-05  
4   49  1.697851383e-06   1.697643669e-06   -0.0001223390811  
4   50  1.323433684e-06   1.323229971e-06   -0.0001539277142  
4   51  1.031728815e-06   1.031555973e-06   -0.0001675263823  
5   1   0.194478341       0.1944770108      -6.839740477e-06  
5   2   0.1761563975      0.1761571736      4.405861455e-06   
5   3   0.1520868823      0.1520888526      1.295533167e-05   
5   4   0.1268641788      0.1268664076      1.756801381e-05   
5   5   0.1033148215      0.1033167913      1.906534533e-05   
5   6   0.08275810131     0.08275963979     1.859006029e-05   
5   7   0.06554609944     0.06554721137     1.696405087e-05   
5   8   0.05151457582     0.05151534291     1.489059738e-05   
5   9   0.04027442088     0.04027493484     1.27615083e-05    
5   10  0.03137463767     0.03137497347     1.070265625e-05   
5   11  0.02438287785     0.02438309676     8.977788489e-06   
5   12  0.01891907774     0.01891921059     7.021875273e-06   
5   13  0.01466457037     0.01466464152     4.851875514e-06   
5   14  0.01135966399     0.01135969765     2.963190359e-06   
5   15  0.008796507317    0.008796518899    1.316644449e-06   
5   16  0.006810673935    0.006810672256    -2.465066725e-07  
5   17  0.005273099002    0.005273092772    -1.1814741e-06    
5   18  0.004083019119    0.004083010079    -2.214026689e-06  
5   19  0.003162036928    0.003162026985    -3.144504665e-06  
5   20  0.002449308282    0.002449299836    -3.448097365e-06  
5   21  0.001897690284    0.001897684563    -3.014442137e-06  
5   22  0.001470693423    0.001470690482    -1.999402318e-06  
5   23  0.001140091765    0.001140091237    -4.628256957e-07  
5   24  0.0008840591363   0.0008840610074   2.116550518e-06   
5   25  0.0006857217941   0.0006857257494   5.768011118e-06   
5   26  0.0005320351714   0.0005320398291   8.754463005e-06   
5   27  0.0004129105715   0.0004129164073   1.413329929e-05   
5   28  0.0003205496587   0.0003205549907   1.663384325e-05   
5   29  0.0002489178796   0.0002489217991   1.574584105e-05   
5   30  0.0001933457107   0.0001933483732   1.377078905e-05   
5   31  0.0001502193624   0.0001502215696   1.469352678e-05   
5   32  0.0001167422716   0.0001167441383   1.598971286e-05   
5   33  9.074836756e-05   9.074979316e-05   1.570937094e-05   
5   34  7.055907861e-05   7.056034675e-05   1.797286539e-05   
5   35  5.487432498e-05   5.487531363e-05   1.801670346e-05   
5   36  4.268578263e-05   4.26865795e-05    1.866818353e-05   
5   37  3.321167023e-05   3.321242406e-05   2.26980319e-05    
5   38  2.584591957e-05   2.584649121e-05   2.211702935e-05   
5   39  2.011801079e-05   2.011830661e-05   1.470429907e-05   
5   40  1.566260043e-05   1.566271921e-05   7.583688575e-06   
5   41  1.219618337e-05   1.219624138e-05   4.756049816e-06   
5   42  9.498702648e-06   9.498723914e-06   2.238870634e-06   
5   43  7.399204676e-06   7.399158311e-06   -6.266291158e-06  
5   44  5.764786277e-06   5.764672885e-06   -1.966983899e-05  
5   45  4.492156699e-06   4.492001593e-06   -3.452820245e-05  
5   46  3.501025857e-06   3.500867739e-06   -4.516317587e-05  
5   47  2.7290235e-06     2.728851175e-06   -6.314522386e-05  
5   48  2.127598092e-06   2.127405162e-06   -9.067936295e-05  
5   49  1.658999304e-06   1.658764484e-06   -0.0001415429119  
5   50  1.293774857e-06   1.293544705e-06   -0.000177891789   
5   51  1.009069946e-06   1.008877567e-06   -0.0001906498634  
6   1   0.1420539011      0.1420537628      -9.734178561e-07  
6   2   0.1311441132      0.131144916       6.122020061e-06   
6   3   0.1159923385      0.115993794       1.254838467e-05   
6   4   0.09921984156     0.09922151066     1.682224848e-05   
6   5   0.08275810131     0.08275963979     1.859006029e-05   
6   6   0.06774592324     0.06774718619     1.86425154e-05    
6   7   0.05469602836     0.05469698499     1.748988229e-05   
6   8   0.0437136273      0.043714319       1.582342927e-05   
6   9   0.03467637028     0.03467685345     1.3933521e-05     
6   10  0.02735651473     0.02735684536     1.208598572e-05   
6   11  0.02149435494     0.02149457601     1.028501176e-05   
6   12  0.01683778188     0.01683792282     8.370569515e-06   
6   13  0.01316079521     0.01316087717     6.227516293e-06   
6   14  0.01026995818     0.01026999829     3.905514148e-06   
6   15  0.008004477884    0.008004493816    1.990386428e-06   
6   16  0.006233287321    0.006233289462    3.435200363e-07   
6   17  0.004850965414    0.004850963594    -3.75169177e-07   
6   18  0.003773534284    0.003773528987    -1.403593686e-06  
6   19  0.002934538351    0.002934531005    -2.50347686e-06   
6   20  0.002281655211    0.002281649269    -2.604167312e-06  
6   21  0.001773846693    0.001773842364    -2.440575532e-06  
6   22  0.001379005773    0.001379003722    -1.486891316e-06  
6   23  0.001072066613    0.001072067062    4.182791052e-07   
6   24  0.0008334893799   0.0008334918372   2.948202861e-06   
6   25  0.0006480580821   0.0006480619165   5.916807385e-06   
6   26  0.0005039334694   0.0005039381189   9.226576195e-06   
6   27  0.0003919092303   0.000391914099    1.242298453e-05   
6   28  0.0003048293425   0.0003048337502   1.445962965e-05   
6   29  0.0002371326541   0.0002371361263   1.464259169e-05   
6   30  0.0001844981333   0.0001845005864   1.329570209e-05   
6   31  0.0001435685296   0.000143570446    1.334830215e-05   
6   32  0.0001117363105   0.0001117379734   1.488223214e-05   
6   33  8.697593544e-05   8.697722726e-05   1.48525686e-05    
6   34  6.771320023e-05   6.771415726e-05   1.413359753e-05   
6   35  5.272509477e-05   5.272569403e-05   1.136582932e-05   
6   36  4.106089826e-05   4.106137719e-05   1.166410101e-05   
6   37  3.19820895e-05    3.198249526e-05   1.268731329e-05   
6   38  2.491450749e-05   2.491482712e-05   1.282920529e-05   
6   39  1.94117845e-05    1.941194516e-05   8.276406706e-06   
6   40  1.512668322e-05   1.512671838e-05   2.324606813e-06   
6   41  1.178923583e-05   1.178918134e-05   -4.621715413e-06  
6   42  9.189465624e-06   9.189345007e-06   -1.312561856e-05  
6   43  7.16397477e-06    7.163844288e-06   -1.821362275e-05  
6   44  5.585741136e-06   5.585564349e-06   -3.16497552e-05   
6   45  4.355783671e-06   4.355579904e-06   -4.678079182e-05  
6   46  3.397091583e-06   3.396890745e-06   -5.912054396e-05  
6   47  2.649782609e-06   2.649552393e-06   -8.688092295e-05  
6   48  2.067107772e-06   2.06689051e-06    -0.0001051047519  
6   49  1.612803859e-06   1.612557322e-06   -0.0001528625588  
6   50  1.258454764e-06   1.258242384e-06   -0.0001687625838  
7   1   0.1047193984      0.1047195137      1.100595681e-06   
7   2   0.09797166673     0.09797225901     6.045409905e-06   
7   3   0.0882383467      0.08823932827     1.112399223e-05   
7   4   0.07701280613     0.07701396166     1.500449161e-05   
7   5   0.06554609944     0.06554721137     1.696405087e-05   
7   6   0.05469602836     0.05469698499     1.748988229e-05   
7   7   0.04494699439     0.0449477633      1.710687377e-05   
7   8   0.03649985798     0.03650043302     1.575465077e-05   
7   9   0.02936970898     0.02937012825     1.427565081e-05   
7   10  0.02346545458     0.02346575345     1.27364582e-05    
7   11  0.01864541097     0.01864561789     1.109787508e-05   
7   12  0.01475230991     0.01475244902     9.429593137e-06   
7   13  0.01163327353     0.01163335746     7.214049795e-06   
7   14  0.00914982288     0.009149867692    4.897618062e-06   
7   15  0.00718185056     0.007181871099    2.85985644e-06    
7   16  0.005628118739    0.005628124589    1.039467307e-06   
7   17  0.004404961236    0.004404961147    -2.029393756e-08  
7   18  0.003444216763    0.003444213198    -1.035096474e-06  
7   19  0.002690922802    0.002690917297    -2.045828727e-06  
7   20  0.002101106666    0.002101100727    -2.826211046e-06  
7   21  0.001639796411    0.00163979132     -3.104136352e-06  
7   22  0.001279303471    0.001279301244    -1.740479362e-06  
7   23  0.0009977863523   0.0009977867499   3.984547049e-07   
7   24  0.0007780593121   0.0007780619024   3.329250297e-06   
7   25  0.0006066303541   0.0006066344668   6.779483781e-06   
7   26  0.000472924891    0.0004729299845   1.077027931e-05   
7   27  0.0003686673007   0.0003686718735   1.240378035e-05   
7   28  0.00028738507     0.0002873889363   1.345324086e-05   
7   29  0.0002240226923   0.0002240257685   1.373132505e-05   
7   30  0.0001746332554   0.000174635599    1.342008106e-05   
7   31  0.0001361369155   0.000136138753    1.349754321e-05   
7   32  0.0001061317196   0.0001061331112   1.311171903e-05   
7   33  8.274448205e-05   8.274561355e-05   1.367456569e-05   
7   34  6.451543846e-05   6.45160713e-05    9.80913443e-06    
7   35  5.030620197e-05   5.030635016e-05   2.945742942e-06   
7   36  3.922929074e-05   3.922944316e-05   3.885404244e-06   
7   37  3.059398987e-05   3.059411229e-05   4.001633819e-06   
7   38  2.386160928e-05   2.38617034e-05    3.944330657e-06   
7   39  1.861239385e-05   1.861247076e-05   4.132280987e-06   
7   40  1.451935834e-05   1.451932503e-05   -2.294276057e-06  
7   41  1.13274789e-05    1.132737286e-05   -9.361403641e-06  
7   42  8.838149259e-06   8.837973108e-06   -1.993077213e-05  
7   43  6.896516701e-06   6.896313992e-06   -2.939290176e-05  
7   44  5.381909714e-06   5.3817344e-06     -3.257456213e-05  
7   45  4.200353058e-06   4.200183491e-06   -4.036988192e-05  
7   46  3.278544363e-06   3.278346237e-06   -6.043082401e-05  
7   47  2.559301498e-06   2.559066815e-06   -9.169809175e-05  
7   48  1.998024757e-06   1.997782983e-06   -0.0001210063656  
7   49  1.559992314e-06   1.559748022e-06   -0.0001565984049  
7   50  1.218078054e-06   1.217866127e-06   -0.0001739846829  
8   1   0.07776250637     0.07776263994     1.717671933e-06   
8   2   0.0734605326      0.07346091965     5.268850367e-06   
8   3   0.06708836431     0.06708899966     9.470355035e-06   
8   4   0.05950839399     0.05950915961     1.286573073e-05   
8   5   0.05151457582     0.05151534291     1.489059738e-05   
8   6   0.0437136273      0.043714319       1.582342927e-05   
8   7   0.03649985798     0.03650043302     1.575465077e-05   
8   8   0.03008351674     0.03008396468     1.488971164e-05   
8   9   0.02453852346     0.02453886843     1.405823373e-05   
8   10  0.01984952826     0.01984978455     1.291172335e-05   
8   11  0.01594964639     0.01594982954     1.148327317e-05   
8   12  0.0127473803      0.01274750584     9.848402435e-06   
8   13  0.01014407603     0.0101441564      7.922753167e-06   
8   14  0.008044251831    0.008044296576    5.562350836e-06   
8   15  0.006361022641    0.006361045213    3.548402866e-06   
8   16  0.005018406552    0.005018415082    1.699764024e-06   
8   17  0.003951722654    0.003951723716    2.688952049e-07   
8   18  0.003106973584    0.003106969614    -1.277718776e-06  
8   19  0.002439716193    0.002439709939    -2.563671093e-06  
8   20  0.001913769814    0.00191376249     -3.827416197e-06  
8   21  0.001499920001    0.001499914633    -3.579223495e-06  
8   22  0.001174735645    0.001174733572    -1.764366244e-06  
8   23  0.0009195186823   0.0009195189523   2.936214294e-07   
8   24  0.0007194057497   0.0007194079806   3.101100842e-06   
8   25  0.0005626234865   0.0005626266355   5.597035614e-06   
8   26  0.0004398684847   0.0004398725002   9.128672669e-06   
8   27  0.0003438081739   0.0003438117837   1.049941383e-05   
8   28  0.0002686696075   0.0002686729101   1.229230458e-05   
8   29  0.0002099175851   0.0002099203162   1.301039716e-05   
8   30  0.000163992252    0.0001639939996   1.065615411e-05   
8   31  0.0001281008772   0.0001281024295   1.211811021e-05   
8   32  0.0001000572267   0.0001000584395   1.212059762e-05   
8   33  7.81487881e-05    7.814953193e-05   9.518145379e-06   
8   34  6.103527212e-05   6.103560682e-05   5.483753793e-06   
8   35  4.766841293e-05   4.766845975e-05   9.82174482e-07    
8   36  3.722846309e-05   3.722851083e-05   1.282461908e-06   
8   37  2.907522249e-05   2.907513688e-05   -2.94452162e-06   
8   38  2.270775486e-05   2.270772174e-05   -1.458468999e-06  
8   39  1.773515248e-05   1.773513755e-05   -8.418405179e-07  
8   40  1.385196029e-05   1.385184857e-05   -8.064740315e-06  
8   41  1.081937988e-05   1.081921132e-05   -1.558012682e-05  
8   42  8.451058185e-06   8.450847982e-06   -2.487296045e-05  
8   43  6.601411221e-06   6.601210466e-06   -3.041098333e-05  
8   44  5.156855971e-06   5.156641844e-06   -4.152278039e-05  
8   45  4.028586893e-06   4.028391766e-06   -4.843571996e-05  
8   46  3.147347994e-06   3.147159834e-06   -5.978373623e-05  
8   47  2.459059374e-06   2.458833426e-06   -9.188385701e-05  
8   48  1.921399968e-06   1.921158967e-06   -0.0001254300038  
8   49  1.501365678e-06   1.501142491e-06   -0.0001486555392  
8   50  1.173224213e-06   1.173019878e-06   -0.0001741651724  
9   1   0.0580851261      0.05808521988     1.614450185e-06   
9   2   0.05527522065     0.0552754573      4.281394171e-06   
9   3   0.05103268394     0.05103308072     7.775190592e-06   
9   4   0.04586519187     0.04586568517     1.075555719e-05   
9   5   0.04027442088     0.04027493484     1.27615083e-05    
9   6   0.03467637028     0.03467685345     1.3933521e-05     
9   7   0.02936970898     0.02937012825     1.427565081e-05   
9   8   0.02453852346     0.02453886843     1.405823373e-05   
9   9   0.02027283957     0.02027311948     1.380732222e-05   
9   10  0.0165943632      0.01659457644     1.285039313e-05   
9   11  0.01348022301     0.01348037874     1.155235101e-05   
9   12  0.01088193802     0.010882049       1.01985915e-05    
9   13  0.008739042515    0.008739115806    8.386610624e-06   
9   14  0.006988079215    0.006988123035    6.270648641e-06   
9   15  0.005568071207    0.005568093837    4.06418432e-06    
9   16  0.004423476971    0.004423484202    1.634783532e-06   
9   17  0.003505474485    0.003505473043    -4.112149364e-07  
9   18  0.002772225959    0.002772219003    -2.509149259e-06  
9   19  0.002188532211    0.002188523341    -4.052686291e-06  
9   20  0.001725198886    0.001725189436    -5.477362871e-06  
9   21  0.001358268623    0.001358261641    -5.140182856e-06  
9   22  0.001068256104    0.00106825214     -3.71097023e-06   
9   23  0.0008394164053   0.000839415539    -1.032028054e-06  
9   24  0.0006590988865   0.0006590999804   1.659630419e-06   
9   25  0.0005171825715   0.0005171847523   4.216655363e-06   
9   26  0.0004056007779   0.0004056035685   6.880113094e-06   
9   27  0.0003179441245   0.0003179469933   9.023141331e-06   
9   28  0.0002491323434   0.0002491349257   1.036498396e-05   
9   29  0.0001951470746   0.0001951493497   1.165805791e-05   
9   30  0.0001528165253   0.0001528178885   8.920461984e-06   
9   31  0.0001196382221   0.0001196395492   1.109223573e-05   
9   32  9.364404291e-05   9.36451094e-05    1.138879501e-05   
9   33  7.328517821e-05   7.328570074e-05   7.130042826e-06   
9   34  5.734403548e-05   5.734418093e-05   2.536432877e-06   
9   35  4.486488057e-05   4.486482381e-05   -1.265130225e-06  
9   36  3.509766721e-05   3.509766586e-05   -3.845554063e-08  
9   37  2.745458602e-05   2.745453683e-05   -1.791672418e-06  
9   38  2.147446351e-05   2.147437645e-05   -4.054232436e-06  
9   39  1.679597702e-05   1.679591269e-05   -3.830004359e-06  
9   40  1.313627359e-05   1.31361635e-05    -8.380689228e-06  
9   41  1.027370465e-05   1.027353707e-05   -1.631135012e-05  
9   42  8.034784095e-06   8.034558023e-06   -2.813663351e-05  
9   43  6.283683017e-06   6.283448796e-06   -3.727439279e-05  
9   44  4.914149365e-06   4.913957058e-06   -3.913317082e-05  
9   45  3.84312361e-06    3.842948234e-06   -4.563371632e-05  
9   46  3.005552825e-06   3.005384127e-06   -5.612887968e-05  
9   47  2.350568592e-06   2.350389285e-06   -7.628220074e-05  
9   48  1.838363678e-06   1.838170471e-06   -0.0001050974754  
9   49  1.437779654e-06   1.437604879e-06   -0.0001215589526  
9   50  1.124520734e-06   1.124352387e-06   -0.0001497059968  
10  1   0.04359618609     0.04359623335     1.084162752e-06   
10  2   0.04172464118     0.04172477906     3.30443362e-06    
10  3   0.0388583205      0.03885855539     6.044786729e-06   
10  4   0.03530225934     0.03530256743     8.727154051e-06   
10  5   0.03137463767     0.03137497347     1.070265625e-05   
10  6   0.02735651473     0.02735684536     1.208598572e-05   
10  7   0.02346545458     0.02346575345     1.27364582e-05    
10  8   0.01984952826     0.01984978455     1.291172335e-05   
10  9   0.0165943632      0.01659457644     1.285039313e-05   
10  10  0.01373617159     0.01373633994     1.225574727e-05   
10  11  0.011275848       0.01127597393     1.116836804e-05   
10  12  0.009191499237    0.009191590142    9.890117778e-06   
10  13  0.007448330315    0.007448390423    8.0700429e-06     
10  14  0.006005770304    0.006005807348    6.168145273e-06   
10  15  0.004822265923    0.004822282516    3.440890903e-06   
10  16  0.003858204885    0.003858207499    6.774985307e-07   
10  17  0.003077542142    0.00307753765     -1.459457283e-06  
10  18  0.002448513688    0.002448505051    -3.52715832e-06   
10  19  0.001943766719    0.001943756536    -5.238798561e-06  
10  20  0.001540160617    0.001540150858    -6.336533913e-06  
10  21  0.001218381685    0.001218374773    -5.6725715e-06    
10  22  0.000962486373    0.0009624819311   -4.614970821e-06  
10  23  0.0007594210961   0.0007594186589   -3.209230512e-06  
10  24  0.0005985743332   0.0005985735054   -1.382988274e-06  
10  25  0.0004713680444   0.0004713694968   3.081423261e-06   
10  26  0.0003709047041   0.0003709067727   5.5771879e-06     
10  27  0.0002916543338   0.0002916564698   7.323671175e-06   
10  28  0.0002292008372   0.0002292029204   9.089158269e-06   
10  29  0.0001800275015   0.0001800293377   1.019934939e-05   
10  30  0.0001413401604   0.0001413414498   9.122890388e-06   
10  31  0.0001109222425   0.0001109235312   1.161785692e-05   
10  32  8.702069101e-05   8.702164339e-05   1.094423773e-05   
10  33  6.824886569e-05   6.824944822e-05   8.535517839e-06   
10  34  5.351238064e-05   5.351256197e-05   3.388591194e-06   
10  35  4.19480415e-05    4.194802469e-05   -4.008948983e-07  
10  36  3.28760087e-05    3.287601295e-05   1.291329646e-07   
10  37  2.576152506e-05   2.576141983e-05   -4.084824427e-06  
10  38  2.018346438e-05   2.018335331e-05   -5.502939933e-06  
10  39  1.581109856e-05   1.581096689e-05   -8.327436583e-06  
10  40  1.2384485e-05     1.238433863e-05   -1.181851511e-05  
10  41  9.6995699e-06     9.699365385e-06   -2.108497066e-05  
10  42  7.596060965e-06   7.595843282e-06   -2.865728565e-05  
10  43  5.948250327e-06   5.948072249e-06   -2.993787715e-05  
10  44  4.657609678e-06   4.65745679e-06    -3.282548771e-05  
10  45  3.646776707e-06   3.646683461e-06   -2.556939792e-05  
10  46  2.855258685e-06   2.85514222e-06    -4.078964789e-05  
10  47  2.235453421e-06   2.235328081e-06   -5.606897614e-05  
10  48  1.750138469e-06   1.750014679e-06   -7.073114854e-05  
10  49  1.370158978e-06   1.370035177e-06   -9.035582541e-05  
10  50  1.072666172e-06   1.072540711e-06   -0.0001169616104  
11  1   0.03285258606     0.03285260593     6.047547702e-07   
11  2   0.03158595555     0.03158603123     2.396068423e-06   
11  3   0.02962475666     0.02962489564     4.691362354e-06   
11  4   0.02715595057     0.02715614242     7.064734424e-06   
11  5   0.02438287785     0.02438309676     8.977788489e-06   
11  6   0.02149435494     0.02149457601     1.028501176e-05   
11  7   0.01864541097     0.01864561789     1.109787508e-05   
11  8   0.01594964639     0.01594982954     1.148327317e-05   
11  9   0.01348022301     0.01348037874     1.155235101e-05   
11  10  0.011275848       0.01127597393     1.116836804e-05   
11  11  0.009348704363    0.009348800488    1.028212057e-05   
11  12  0.007692346581    0.00769241369     8.724189088e-06   
11  13  0.006288487327    0.006288532258    7.145027029e-06   
11  14  0.005112321029    0.005112349101    5.491140941e-06   
11  15  0.004136363848    0.004136375904    2.914693919e-06   
11  16  0.003333031159    0.003333031559    1.199211807e-07   
11  17  0.00267625321     0.002676246891    -2.361415882e-06  
11  18  0.00214235867     0.002142349122    -4.456428856e-06  
11  19  0.001710459425    0.001710448947    -6.125741479e-06  
11  20  0.001362512604    0.001362503866    -6.412809123e-06  
11  21  0.001083191367    0.00108318534     -5.563677901e-06  
11  22  0.0008596436844   0.0008596389331   -5.527078442e-06  
11  23  0.00068119981     0.0006811969597   -4.184239615e-06  
11  24  0.0005390833699   0.0005390813992   -3.655660958e-06  
11  25  0.0004261201423   0.0004261195184   -1.464227531e-06  
11  26  0.0003364833404   0.00033648429     2.822084404e-06   
11  27  0.0002654633988   0.0002654649381   5.798820411e-06   
11  28  0.0002092670156   0.0002092687438   8.258597777e-06   
11  29  0.0001648513726   0.0001648527872   8.581627692e-06   
11  30  0.000129781713    0.0001297829979   9.901022233e-06   
11  31  0.0001021161486   0.0001021173191   1.146262203e-05   
11  32  8.030874781e-05   8.030967794e-05   1.15818546e-05    
11  33  6.313103233e-05   6.313160076e-05   9.003881739e-06   
11  34  4.960832885e-05   4.960859538e-05   5.372613754e-06   
11  35  3.896864317e-05   3.896876386e-05   3.097028695e-06   
11  36  3.060141622e-05   3.060146055e-05   1.448916716e-06   
11  37  2.402415739e-05   2.402414452e-05   -5.355493899e-07  
11  38  1.88559288e-05    1.885587906e-05   -2.638184624e-06  
11  39  1.479629568e-05   1.4796198e-05     -6.601302664e-06  
11  40  1.160844515e-05   1.160828803e-05   -1.353485935e-05  
11  41  9.105880871e-06   9.105630375e-06   -2.75092883e-05   
11  42  7.141639789e-06   7.141407488e-06   -3.252770585e-05  
11  43  5.600231855e-06   5.600114167e-06   -2.101497824e-05  
11  44  4.391003368e-06   4.390922602e-06   -1.839354271e-05  
11  45  3.442483215e-06   3.44244034e-06    -1.245489226e-05  
11  46  2.698621859e-06   2.698572672e-06   -1.822668355e-05  
11  47  2.115307266e-06   2.115259537e-06   -2.256360478e-05  
11  48  1.657976609e-06   1.657903999e-06   -4.379407362e-05  
11  49  1.299433063e-06   1.299347092e-06   -6.616031337e-05  
11  50  1.018378922e-06   1.018273862e-06   -0.0001031639928  
12  1   0.02484030208     0.02484030992     3.155998869e-07   
12  2   0.02397161497     0.02397165451     1.649607037e-06   
12  3   0.02261496278     0.02261504408     3.595099067e-06   
12  4   0.02088705925     0.02088717536     5.558863055e-06   
12  5   0.01891907774     0.01891921059     7.021875273e-06   
12  6   0.01683778188     0.01683792282     8.370569515e-06   
12  7   0.01475230991     0.01475244902     9.429593137e-06   
12  8   0.0127473803      0.01274750584     9.848402435e-06   
12  9   0.01088193802     0.010882049       1.01985915e-05    
12  10  0.009191499237    0.009191590142    9.890117778e-06   
12  11  0.007692346581    0.00769241369     8.724189088e-06   
12  12  0.006386301898    0.006386351491    7.765440834e-06   
12  13  0.005265237895    0.005265269241    5.953519622e-06   
12  14  0.004314820347    0.004314838526    4.213031739e-06   
12  15  0.003517454255    0.003517460297    1.717797365e-06   
12  16  0.002854379693    0.002854378302    -4.871659878e-07  
12  17  0.002307111167    0.002307104208    -3.016693346e-06  
12  18  0.001858310247    0.001858301969    -4.454507847e-06  
12  19  0.001492281338    0.001492272704    -5.786222368e-06  
12  20  0.001195167575    0.001195160319    -6.071596172e-06  
12  21  0.0009549787578   0.0009549728674   -6.168025314e-06  
12  22  0.0007614952447   0.0007614905285   -6.193334467e-06  
12  23  0.0006061141723   0.0006061107177   -5.699604069e-06  
12  24  0.0004816676355   0.0004816647131   -6.067333091e-06  
12  25  0.0003822296108   0.0003822280894   -3.98035121e-06   
12  26  0.0003029386508   0.0003029385488   -3.36858284e-07   
12  27  0.0002398279784   0.0002398287021   3.017439347e-06   
12  28  0.0001896764088   0.0001896773251   4.831119414e-06   
12  29  0.0001498793321   0.0001498800385   4.712905616e-06   
12  30  0.0001183380331   0.000118338803    6.505379977e-06   
12  31  9.336779482e-05   9.336875678e-05   1.030289642e-05   
12  32  7.361969249e-05   7.362051319e-05   1.114775459e-05   
12  33  5.801532898e-05   5.801591525e-05   1.010557168e-05   
12  34  4.569506555e-05   4.569529699e-05   5.064851912e-06   
12  35  3.597431441e-05   3.597444821e-05   3.71914971e-06    
12  36  2.830959477e-05   2.830967377e-05   2.790446586e-06   
12  37  2.226955812e-05   2.22695455e-05    -5.665627808e-07  
12  38  1.751226714e-05   1.751214796e-05   -6.805937924e-06  
12  39  1.376697844e-05   1.376680693e-05   -1.245812124e-05  
12  40  1.08196445e-05    1.081945731e-05   -1.730086507e-05  
12  41  8.501205397e-06   8.500952981e-06   -2.96916815e-05   
12  42  6.677964823e-06   6.677746407e-06   -3.270696528e-05  
12  43  5.244577083e-06   5.244470947e-06   -2.023735679e-05  
12  44  4.118113869e-06   4.11804684e-06    -1.62765758e-05   
12  45  3.233061676e-06   3.233004438e-06   -1.770390065e-05  
12  46  2.53781062e-06    2.537777889e-06   -1.289714893e-05  
12  47  1.991786757e-06   1.991771153e-06   -7.834261143e-06  
12  48  1.563082054e-06   1.563037676e-06   -2.839135072e-05  
12  49  1.226528656e-06   1.226446985e-06   -6.658666945e-05  
13  1   0.01883637759     0.01883637884     6.667331938e-08   
13  2   0.0182339165      0.01823393302     9.059977526e-07   
13  3   0.01728651447     0.01728655608     2.40692133e-06    
13  4   0.01606824499     0.01606830781     3.909421885e-06   
13  5   0.01466457037     0.01466464152     4.851875514e-06   
13  6   0.01316079521     0.01316087717     6.227516293e-06   
13  7   0.01163327353     0.01163335746     7.214049795e-06   
13  8   0.01014407603     0.0101441564      7.922753167e-06   
13  9   0.008739042515    0.008739115806    8.386610624e-06   
13  10  0.007448330315    0.007448390423    8.0700429e-06     
13  11  0.006288487327    0.006288532258    7.145027029e-06   
13  12  0.005265237895    0.005265269241    5.953519622e-06   
13  13  0.004376351144    0.004376370719    4.472921111e-06   
13  14  0.003614222446    0.00361423339     3.02789389e-06    
13  15  0.002968013057    0.002968014531    4.966263059e-07   
13  16  0.00242527459     0.002425271072    -1.450729532e-06  
13  17  0.001973147007    0.001973140138    -3.480769301e-06  
13  18  0.001599141261    0.001599133286    -4.987427495e-06  
13  19  0.001291635406    0.001291626997    -6.509766888e-06  
13  20  0.00104013397     0.001040127562    -6.160647309e-06  
13  21  0.0008353818632   0.0008353769582   -5.871566348e-06  
13  22  0.0006693569995   0.0006693528407   -6.213077141e-06  
13  23  0.0005352064335   0.0005352027566   -6.870145411e-06  
13  24  0.0004271446516   0.0004271415676   -7.220244094e-06  
13  25  0.0003403335332   0.0003403321253   -4.136768502e-06  
13  26  0.0002707627935   0.0002707624083   -1.422371426e-06  
13  27  0.0002151273202   0.000215127328    3.63992385e-08    
13  28  0.0001707197109   0.0001707198697   9.302169098e-07   
13  29  0.0001353335101   0.0001353338277   2.346676944e-06   
13  30  0.0001071781222   0.0001071788172   6.484026715e-06   
13  31  8.480637829e-05   8.480726984e-05   1.051273686e-05   
13  32  6.705174297e-05   6.705256023e-05   1.21883811e-05    
13  33  5.297655646e-05   5.297712918e-05   1.081078243e-05   
13  34  4.182918839e-05   4.182937149e-05   4.377441408e-06   
13  35  3.30078823e-05    3.300806911e-05   5.659531075e-06   
13  36  2.603321221e-05   2.603322914e-05   6.501920462e-07   
13  37  2.052239833e-05   2.052229767e-05   -4.904923348e-06  
13  38  1.617098226e-05   1.617084476e-05   -8.502385023e-06  
13  39  1.273712618e-05   1.273694011e-05   -1.460871583e-05  
13  40  1.002878378e-05   1.002855607e-05   -2.270530593e-05  
13  41  7.893656798e-06   7.89344091e-06    -2.734950495e-05  
13  42  6.211166239e-06   6.210998337e-06   -2.703224048e-05  
13  43  4.885863999e-06   4.885790377e-06   -1.506842898e-05  
13  44  3.842378459e-06   3.842349254e-06   -7.60074559e-06   
13  45  3.021038416e-06   3.021041759e-06   1.106310215e-06   
13  46  2.374769781e-06   2.374777657e-06   3.316301019e-06   
13  47  1.866404518e-06   1.866393515e-06   -5.895287784e-06  
13  48  1.466620301e-06   1.466575892e-06   -3.027974692e-05  
13  49  1.152295558e-06   1.152214526e-06   -7.032176775e-05  
14  1   0.01431927661     0.01431926873     -5.502422767e-07  
14  2   0.01389745315     0.01389745019     -2.124972909e-07  
14  3   0.01323035182     0.01323036156     7.36119838e-07    
14  4   0.0123656773      0.01236570328     2.101232411e-06   
14  5   0.01135966399     0.01135969765     2.963190359e-06   
14  6   0.01026995818     0.01026999829     3.905514148e-06   
14  7   0.00914982288     0.009149867692    4.897618062e-06   
14  8   0.008044251831    0.008044296576    5.562350836e-06   
14  9   0.006988079215    0.006988123035    6.270648641e-06   
14  10  0.006005770304    0.006005807348    6.168145273e-06   
14  11  0.005112321029    0.005112349101    5.491140941e-06   
14  12  0.004314820347    0.004314838526    4.213031739e-06   
14  13  0.003614222446    0.00361423339     3.02789389e-06    
14  14  0.003007077869    0.003007081781    1.300700976e-06   
14  15  0.002487032527    0.00248703009     -9.798706884e-07  
14  16  0.002046053046    0.002046047057    -2.927289783e-06  
14  17  0.001675363281    0.001675355892    -4.410554929e-06  
14  18  0.001366109401    0.001366101796    -5.566679091e-06  
14  19  0.001109805864    0.001109798406    -6.720192288e-06  
14  20  0.0008986063333   0.0008986006084   -6.370832873e-06  
14  21  0.0007254525346   0.0007254480088   -6.238658576e-06  
14  22  0.0005841211608   0.0005841167947   -7.474632473e-06  
14  23  0.0004692138556   0.0004692102609   -7.660995733e-06  
14  24  0.0003761135934   0.0003761110477   -6.76839302e-06   
14  25  0.0003009136119   0.0003009119316   -5.583807881e-06  
14  26  0.0002403376969   0.0002403369469   -3.120355764e-06  
14  27  0.0001916610193   0.0001916607009   -1.661198478e-06  
14  28  0.000152630738    0.0001526308365   6.452245903e-07   
14  29  0.0001213962334   0.0001213965049   2.236115337e-06   
14  30  9.644374071e-05   9.64442629e-05    5.414454336e-06   
14  31  7.654114199e-05   7.654185167e-05   9.271888786e-06   
14  32  6.068904654e-05   6.06897011e-05    1.078548889e-05   
14  33  4.807924689e-05   4.807964922e-05   8.368040855e-06   
14  34  3.806005381e-05   3.806017789e-05   3.259963685e-06   
14  35  3.010743611e-05   3.010739455e-05   -1.380111661e-06  
14  36  2.380115248e-05   2.380098864e-05   -6.883815226e-06  
14  37  1.880464431e-05   1.880443416e-05   -1.117547476e-05  
14  38  1.484898688e-05   1.484877532e-05   -1.424691424e-05  
14  39  1.171965173e-05   1.171940758e-05   -2.083230727e-05  
14  40  9.245584949e-06   9.245343379e-06   -2.612810607e-05  
14  41  7.290737803e-06   7.290525819e-06   -2.907582985e-05  
14  42  5.746947333e-06   5.746820809e-06   -2.201577494e-05  
14  43  4.52843828e-06    4.528378411e-06   -1.32207536e-05   
14  44  3.567134541e-06   3.56710661e-06    -7.82996724e-06   
14  45  2.80899754e-06    2.809045647e-06   1.712612946e-05   
14  46  2.211450282e-06   2.211469136e-06   8.525808648e-06   
14  47  1.740596254e-06   1.74057017e-06    -1.498561972e-05  
14  48  1.369663975e-06   1.369617096e-06   -3.42266298e-05   
14  49  1.077547773e-06   1.077485635e-06   -5.76657038e-05   
15  1   0.01090912303     0.01090911023     -1.173060999e-06  
15  2   0.01061133871     0.01061132811     -9.989914811e-07  
15  3   0.01013818359     0.01013818053     -3.019665213e-07  
15  4   0.009520792094    0.009520797711    5.89977905e-07    
15  5   0.008796507317    0.008796518899    1.316644449e-06   
15  6   0.008004477884    0.008004493816    1.990386428e-06   
15  7   0.00718185056     0.007181871099    2.85985644e-06    
15  8   0.006361022641    0.006361045213    3.548402866e-06   
15  9   0.005568071207    0.005568093837    4.06418432e-06    
15  10  0.004822265923    0.004822282516    3.440890903e-06   
15  11  0.004136363848    0.004136375904    2.914693919e-06   
15  12  0.003517454255    0.003517460297    1.717797365e-06   
15  13  0.002968013057    0.002968014531    4.966263059e-07   
15  14  0.002487032527    0.00248703009     -9.798706884e-07  
15  15  0.002071056352    0.002071050359    -2.89365667e-06   
15  16  0.001715066223    0.001715058494    -4.506511439e-06  
15  17  0.001413196802    0.001413187836    -6.344432424e-06  
15  18  0.001159265891    0.00115925783     -6.953603738e-06  
15  19  0.0009471621044   0.0009471548329   -7.677231948e-06  
15  20  0.0007710893175   0.0007710844076   -6.367525654e-06  
15  21  0.0006257273226   0.0006257229099   -7.052080401e-06  
15  22  0.0005062979373   0.0005062939955   -7.785431871e-06  
15  23  0.0004085951244   0.0004085918392   -8.040149093e-06  
15  24  0.0003289710801   0.0003289685871   -7.5780924e-06    
15  25  0.0002643010831   0.0002642994758   -6.081567693e-06  
15  26  0.0002119363949   0.0002119355034   -4.20645044e-06   
15  27  0.0001696511862   0.0001696506294   -3.282358767e-06  
15  28  0.0001355882492   0.0001355882037   -3.360113795e-07  
15  29  0.000108209419    0.0001082096165   1.825440151e-06   
15  30  8.624647315e-05   8.62469148e-05    5.120778185e-06   
15  31  6.865973336e-05   6.866025972e-05   7.666327813e-06   
15  32  5.460002068e-05   5.460051218e-05   9.001799063e-06   
15  33  4.337662194e-05   4.337685474e-05   5.366936373e-06   
15  34  3.442907884e-05   3.442913222e-05   1.55056367e-06    
15  35  2.730458388e-05   2.730447197e-05   -4.098653121e-06  
15  36  2.163788804e-05   2.163769452e-05   -8.94382192e-06   
15  37  1.713520366e-05   1.713502116e-05   -1.065082447e-05  
15  38  1.356074963e-05   1.356060863e-05   -1.039793027e-05  
15  39  1.072569016e-05   1.072548025e-05   -1.956999169e-05  
15  40  8.478661685e-06   8.478469557e-06   -2.266012532e-05  
15  41  6.698955856e-06   6.698840561e-06   -1.72107784e-05   
15  42  5.29036843e-06    5.290295777e-06   -1.373307568e-05  
15  43  4.17616585e-06    4.176126229e-06   -9.487495479e-06  
15  44  3.295331869e-06   3.295296748e-06   -1.065770698e-05  
15  45  2.599308117e-06   2.599293999e-06   -5.431718058e-06  
15  46  2.04962375e-06    2.049594198e-06   -1.441828276e-05  
15  47  1.615689946e-06   1.615632731e-06   -3.541172586e-05  
15  48  1.273232156e-06   1.273179059e-06   -4.170270976e-05  
15  49  1.003084576e-06   1.003038088e-06   -4.634453554e-05  
16  1   0.00832703932     0.008327019823    -2.34146918e-06   
16  2   0.008115310987    0.008115293905    -2.104846286e-06  
16  3   0.007777557758    0.007777546255    -1.478947822e-06  
16  4   0.007334338726    0.007334333028    -7.76820231e-07   
16  5   0.006810673935    0.006810672256    -2.465066725e-07  
16  6   0.006233287321    0.006233289462    3.435200363e-07   
16  7   0.005628118739    0.005628124589    1.039467307e-06   
16  8   0.005018406552    0.005018415082    1.699764024e-06   
16  9   0.004423476971    0.004423484202    1.634783532e-06   
16  10  0.003858204885    0.003858207499    6.774985307e-07   
16  11  0.003333031159    0.003333031559    1.199211807e-07   
16  12  0.002854379693    0.002854378302    -4.871659878e-07  
16  13  0.00242527459     0.002425271072    -1.450729532e-06  
16  14  0.002046053046    0.002046047057    -2.927289783e-06  
16  15  0.001715066223    0.001715058494    -4.506511439e-06  
16  16  0.001429310864    0.001429301912    -6.26341874e-06   
16  17  0.001184954628    0.001184945004    -8.121923393e-06  
16  18  0.0009777509367   0.0009777426082   -8.518025101e-06  
16  19  0.0008033542846   0.0008033473483   -8.634143634e-06  
16  20  0.000657533155    0.0006575282009   -7.534303271e-06  
16  21  0.0005363171875   0.0005363133726   -7.112992405e-06  
16  22  0.0004360777708   0.0004360740744   -8.476501048e-06  
16  23  0.0003535673097   0.0003535642677   -8.603772007e-06  
16  24  0.0002859314624   0.0002859291664   -8.029988259e-06  
16  25  0.0002306944468   0.0002306927791   -7.228987157e-06  
16  26  0.0001857332594   0.0001857324129   -4.557569096e-06  
16  27  0.0001492465813   0.0001492459955   -3.925021306e-06  
16  28  0.0001197166252   0.000119716379    -2.056651738e-06  
16  29  9.587533362e-05   9.587544506e-05   1.162359256e-06   
16  30  7.666935501e-05   7.666982041e-05   6.070166733e-06   
16  31  6.122883605e-05   6.122926315e-05   6.975468668e-06   
16  32  4.883795478e-05   4.883825265e-05   6.099149011e-06   
16  33  3.891078678e-05   3.891095639e-05   4.358920257e-06   
16  34  3.096939113e-05   3.096951209e-05   3.906040715e-06   
16  35  2.462541806e-05   2.462542139e-05   1.350812454e-07   
16  36  1.956395585e-05   1.956377345e-05   -9.322854158e-06  
16  37  1.553018817e-05   1.552998361e-05   -1.317199291e-05  
16  38  1.231884046e-05   1.23187275e-05    -9.169484104e-06  
16  39  9.764931008e-06   9.764765283e-06   -1.697144115e-05  
16  40  7.735511172e-06   7.735374175e-06   -1.771009498e-05  
16  41  6.12421518e-06    6.124136858e-06   -1.278884833e-05  
16  42  4.845925536e-06   4.845863898e-06   -1.271941709e-05  
16  43  3.832514364e-06   3.832458218e-06   -1.465008279e-05  
16  44  3.029606872e-06   3.029557696e-06   -1.623194064e-05  
16  45  2.393862064e-06   2.393817302e-06   -1.869877731e-05  
16  46  1.890759291e-06   1.890714554e-06   -2.366094557e-05  
16  47  1.49284934e-06    1.492781612e-06   -4.536825845e-05  
16  48  1.178227691e-06   1.178183988e-06   -3.70920271e-05   
17  1   0.00636691841     0.00636689236     -4.091461512e-06  
17  2   0.006215428409    0.006215406371    -3.545694195e-06  
17  3   0.005972952581    0.005972935842    -2.80252876e-06   
17  4   0.0056532098      0.005653197761    -2.129639167e-06  
17  5   0.005273099002    0.005273092772    -1.1814741e-06    
17  6   0.004850965414    0.004850963594    -3.75169177e-07   
17  7   0.004404961236    0.004404961147    -2.029393756e-08  
17  8   0.003951722654    0.003951723716    2.688952049e-07   
17  9   0.003505474485    0.003505473043    -4.112149364e-07  
17  10  0.003077542142    0.00307753765     -1.459457283e-06  
17  11  0.00267625321     0.002676246891    -2.361415882e-06  
17  12  0.002307111167    0.002307104208    -3.016693346e-06  
17  13  0.001973147007    0.001973140138    -3.480769301e-06  
17  14  0.001675363281    0.001675355892    -4.410554929e-06  
17  15  0.001413196802    0.001413187836    -6.344432424e-06  
17  16  0.001184954628    0.001184945004    -8.121923393e-06  
17  17  0.0009882008655   0.0009881914503   -9.527628044e-06  
17  18  0.0008200684003   0.0008200608342   -9.226155026e-06  
17  19  0.0006775074094   0.0006775016408   -8.514563388e-06  
17  20  0.0005574623952   0.0005574582788   -7.38408284e-06   
17  21  0.0004569996068   0.0004569969458   -5.822725491e-06  
17  22  0.000373389011    0.0003733864472   -6.866301893e-06  
17  23  0.000304146532    0.0003041439875   -8.365791485e-06  
17  24  0.000247057212    0.0002470549289   -9.240935299e-06  
17  25  0.0002001757662   0.0002001741153   -8.24727015e-06   
17  26  0.0001618157791   0.0001618148724   -5.603313934e-06  
17  27  0.0001305309038   0.0001305304002   -3.858469069e-06  
17  28  0.0001050912387   0.0001050910587   -1.713331565e-06  
17  29  8.446007539e-05   8.446004383e-05   -3.735906801e-07  
17  30  6.77688421e-05    6.77691544e-05    4.608323276e-06   
17  31  5.429530849e-05   5.429574225e-05   7.989068856e-06   
17  32  4.344123007e-05   4.344148841e-05   5.946925514e-06   
17  33  3.471318171e-05   3.471332584e-05   4.152124673e-06   
17  34  2.770652147e-05   2.770660894e-05   3.156925031e-06   
17  35  2.209047986e-05   2.209048428e-05   1.999810795e-07   
17  36  1.759548439e-05   1.759532832e-05   -8.870060627e-06  
17  37  1.400227733e-05   1.400206807e-05   -1.494481292e-05  
17  38  1.113329576e-05   1.113317946e-05   -1.044548914e-05  
17  39  8.845263205e-06   8.845154593e-06   -1.227906386e-05  
17  40  7.022277782e-06   7.022237287e-06   -5.766769219e-06  
17  41  5.571294894e-06   5.571241714e-06   -9.545326048e-06  
17  42  4.417342156e-06   4.417286985e-06   -1.248957054e-05  
17  43  3.500342156e-06   3.500300439e-06   -1.191793452e-05  
17  44  2.772214491e-06   2.772161668e-06   -1.905438901e-05  
17  45  2.194440415e-06   2.194377497e-06   -2.867148893e-05  
17  46  1.736251587e-06   1.736194762e-06   -3.27287031e-05   
17  47  1.373122955e-06   1.373072464e-06   -3.677085801e-05  
17  48  1.085463932e-06   1.085447792e-06   -1.486942148e-05  
18  1   0.004875582208    0.004875554393    -5.704899317e-06  
18  2   0.004766589849    0.004766566228    -4.955447791e-06  
18  3   0.004591627462    0.004591608914    -4.039706407e-06  
18  4   0.004359936196    0.004359922204    -3.209251091e-06  
18  5   0.004083019119    0.004083010079    -2.214026689e-06  
18  6   0.003773534284    0.003773528987    -1.403593686e-06  
18  7   0.003444216763    0.003444213198    -1.035096474e-06  
18  8   0.003106973584    0.003106969614    -1.277718776e-06  
18  9   0.002772225959    0.002772219003    -2.509149259e-06  
18  10  0.002448513688    0.002448505051    -3.52715832e-06   
18  11  0.00214235867     0.002142349122    -4.456428856e-06  
18  12  0.001858310247    0.001858301969    -4.454507847e-06  
18  13  0.001599141261    0.001599133286    -4.987427495e-06  
18  14  0.001366109401    0.001366101796    -5.566679091e-06  
18  15  0.001159265891    0.00115925783     -6.953603738e-06  
18  16  0.0009777509367   0.0009777426082   -8.518025101e-06  
18  17  0.0008200684003   0.0008200608342   -9.226155026e-06  
18  18  0.0006843197523   0.0006843137258   -8.806623635e-06  
18  19  0.0005683918642   0.0005683877518   -7.235081343e-06  
18  20  0.0004701027216   0.0004700998786   -6.04769778e-06   
18  21  0.000387305982    0.0003873035193   -6.358431943e-06  
18  22  0.0003179628458   0.0003179610661   -5.59722896e-06   
18  23  0.0002601914559   0.0002601893796   -7.979983974e-06  
18  24  0.0002122863008   0.0002122843527   -9.177091308e-06  
18  25  0.000172731253    0.0001727299822   -7.357040271e-06  
18  26  0.0001401972502   0.0001401965115   -5.268832737e-06  
18  27  0.0001135315255   0.0001135313142   -1.861281476e-06  
18  28  9.174535449e-05   9.174534963e-05   -5.296831321e-08  
18  29  7.399720664e-05   7.399729913e-05   1.249971239e-06   
18  30  5.957658604e-05   5.957688846e-05   5.07627148e-06    
18  31  4.78880609e-05    4.788842433e-05   7.589008902e-06   
18  32  3.843484416e-05   3.843520598e-05   9.413908175e-06   
18  33  3.080490272e-05   3.080519912e-05   9.621700061e-06   
18  34  2.465796612e-05   2.465816289e-05   7.980019619e-06   
18  35  1.971419545e-05   1.971428485e-05   4.534879429e-06   
18  36  1.574437063e-05   1.574428869e-05   -5.204885357e-06  
18  37  1.256102202e-05   1.256092386e-05   -7.814464865e-06  
18  38  1.001175345e-05   1.001171541e-05   -3.800044631e-06  
18  39  7.972892842e-06   7.972838293e-06   -6.841801667e-06  
18  40  6.34402144e-06    6.343978626e-06   -6.748773967e-06  
18  41  5.044123446e-06   5.044049191e-06   -1.47211652e-05   
18  42  4.007706951e-06   4.007636485e-06   -1.758255863e-05  
18  43  3.182112759e-06   3.182068232e-06   -1.399321296e-05  
18  44  2.525052795e-06   2.525003126e-06   -1.967081221e-05  
18  45  2.002502173e-06   2.002457157e-06   -2.247975416e-05  
18  46  1.587232556e-06   1.587192788e-06   -2.505509288e-05  
18  47  1.25744933e-06    1.257408174e-06   -3.272917655e-05  
19  1   0.003738656129    0.0037386265      -7.925018523e-06  
19  2   0.003659849993    0.003659825626    -6.65811913e-06   
19  3   0.003533025501    0.003533006103    -5.490577653e-06  
19  4   0.003364458843    0.003364444706    -4.201881554e-06  
19  5   0.003162036928    0.003162026985    -3.144504665e-06  
19  6   0.002934538351    0.002934531005    -2.50347686e-06   
19  7   0.002690922802    0.002690917297    -2.045828727e-06  
19  8   0.002439716193    0.002439709939    -2.563671093e-06  
19  9   0.002188532211    0.002188523341    -4.052686291e-06  
19  10  0.001943766719    0.001943756536    -5.238798561e-06  
19  11  0.001710459425    0.001710448947    -6.125741479e-06  
19  12  0.001492281338    0.001492272704    -5.786222368e-06  
19  13  0.001291635406    0.001291626997    -6.509766888e-06  
19  14  0.001109805864    0.001109798406    -6.720192288e-06  
19  15  0.0009471621044   0.0009471548329   -7.677231948e-06  
19  16  0.0008033542846   0.0008033473483   -8.634143634e-06  
19  17  0.0006775074094   0.0006775016408   -8.514563388e-06  
19  18  0.0005683918642   0.0005683877518   -7.235081343e-06  
19  19  0.0004745650102   0.0004745624494   -5.396175107e-06  
19  20  0.0003944845676   0.0003944828434   -4.370805318e-06  
19  21  0.0003265942594   0.0003265926794   -4.837765904e-06  
19  22  0.0002693859363   0.0002693844075   -5.675008767e-06  
19  23  0.0002214426452   0.0002214408904   -7.92437828e-06   
19  24  0.0001814624603   0.0001814607623   -9.357679438e-06  
19  25  0.0001482723255   0.0001482712076   -7.539894555e-06  
19  26  0.0001208320339   0.000120831472    -4.650241336e-06  
19  27  9.823001881e-05   9.822987502e-05   -1.463738956e-06  
19  28  7.967652965e-05   7.967654435e-05   1.844430492e-07   
19  29  6.449345414e-05   6.449358706e-05   2.060963514e-06   
19  30  5.210363063e-05   5.210397313e-05   6.573327299e-06   
19  31  4.20196728e-05    4.202004406e-05   8.835492427e-06   
19  32  3.383193194e-05   3.383226966e-05   9.982289605e-06   
19  33  2.71984024e-05    2.71986522e-05    9.184359759e-06   
19  34  2.18347844e-05    2.18350105e-05    1.035498745e-05   
19  35  1.75061726e-05    1.750625584e-05   4.755131637e-06   
19  36  1.401871327e-05   1.401868753e-05   -1.83638562e-06   
19  37  1.121334001e-05   1.121328024e-05   -5.329888168e-06  
19  38  8.959933431e-06   8.95990087e-06    -3.634094398e-06  
19  39  7.152367343e-06   7.15237288e-06    7.74071991e-07    
19  40  5.70429667e-06    5.704297902e-06   2.159414497e-07   
19  41  4.545584712e-06   4.545542927e-06   -9.192523585e-06  
19  42  3.619359547e-06   3.619304909e-06   -1.509591495e-05  
19  43  2.879685607e-06   2.879670899e-06   -5.107445423e-06  
19  44  2.28961495e-06    2.289599534e-06   -6.732990152e-06  
19  45  1.81930454e-06    1.819258095e-06   -2.552893456e-05  
19  46  1.44470715e-06    1.444657565e-06   -3.432140239e-05  
19  47  1.146580127e-06   1.146536035e-06   -3.8455441e-05    
20  1   0.002870373735    0.00287034722     -9.237565113e-06  
20  2   0.002813141789    0.002813119744    -7.836329241e-06  
20  3   0.002720832512    0.002720814324    -6.684993497e-06  
20  4   0.002597740663    0.002597727614    -5.023186277e-06  
20  5   0.002449308282    0.002449299836    -3.448097365e-06  
20  6   0.002281655211    0.002281649269    -2.604167312e-06  
20  7   0.002101106666    0.002101100727    -2.826211046e-06  
20  8   0.001913769814    0.00191376249     -3.827416197e-06  
20  9   0.001725198886    0.001725189436    -5.477362871e-06  
20  10  0.001540160617    0.001540150858    -6.336533913e-06  
20  11  0.001362512604    0.001362503866    -6.412809123e-06  
20  12  0.001195167575    0.001195160319    -6.071596172e-06  
20  13  0.00104013397     0.001040127562    -6.160647309e-06  
20  14  0.0008986063333   0.0008986006084   -6.370832873e-06  
20  15  0.0007710893175   0.0007710844076   -6.367525654e-06  
20  16  0.000657533155    0.0006575282009   -7.534303271e-06  
20  17  0.0005574623952   0.0005574582788   -7.38408284e-06   
20  18  0.0004701027216   0.0004700998786   -6.04769778e-06   
20  19  0.0003944845676   0.0003944828434   -4.370805318e-06  
20  20  0.0003295304284   0.0003295287525   -5.085710945e-06  
20  21  0.0002741206648   0.0002741194607   -4.392603797e-06  
20  22  0.0002271499129   0.0002271484357   -6.503192162e-06  
20  23  0.0001875588077   0.0001875570882   -9.167845388e-06  
20  24  0.0001543601916   0.0001543586271   -1.013522006e-05  
20  25  0.0001266530898   0.0001266519725   -8.821723283e-06  
20  26  0.0001036287087   0.000103628069    -6.173201584e-06  
20  27  8.457059124e-05   8.457063393e-05   5.047495441e-07   
20  28  6.885313419e-05   6.885303527e-05   -1.436629786e-06  
20  29  5.593262397e-05   5.593265197e-05   5.005918739e-07   
20  30  4.534355803e-05   4.534376228e-05   4.504464546e-06   
20  31  3.668945393e-05   3.66897358e-05    7.68237099e-06    
20  32  2.963473556e-05   2.963508464e-05   1.177954933e-05   
20  33  2.389753385e-05   2.389775164e-05   9.113569808e-06   
20  34  1.924173978e-05   1.924187683e-05   7.122182685e-06   
20  35  1.547111653e-05   1.547118098e-05   4.165956083e-06   
20  36  1.242300754e-05   1.242303051e-05   1.849324212e-06   
20  37  9.963186822e-06   9.963196214e-06   9.426208173e-07   
20  38  7.981275472e-06   7.981283835e-06   1.04783988e-06    
20  39  6.386779438e-06   6.386792929e-06   2.11237336e-06    
20  40  5.105786167e-06   5.105748406e-06   -7.395672208e-06  
20  41  4.077910822e-06   4.077844038e-06   -1.637710504e-05  
20  42  3.254074569e-06   3.254036508e-06   -1.169646617e-05  
20  43  2.594506333e-06   2.594530948e-06   9.487403271e-06   
20  44  2.067091181e-06   2.067103082e-06   5.757408478e-06   
20  45  1.645717045e-06   1.645708204e-06   -5.372343067e-06  
20  46  1.30936317e-06    1.309332729e-06   -2.324806477e-05  
20  47  1.041080847e-06   1.041049534e-06   -3.007737537e-05  
21  1   0.002206204311    0.002206183891    -9.255733735e-06  
21  2   0.002164474318    0.002164457597    -7.725027422e-06  
21  3   0.002097034867    0.002097022198    -6.041314865e-06  
21  4   0.002006848262    0.00200683933     -4.450804971e-06  
21  5   0.001897690284    0.001897684563    -3.014442137e-06  
21  6   0.001773846693    0.001773842364    -2.440575532e-06  
21  7   0.001639796411    0.00163979132     -3.104136352e-06  
21  8   0.001499920001    0.001499914633    -3.579223495e-06  
21  9   0.001358268623    0.001358261641    -5.140182856e-06  
21  10  0.001218381685    0.001218374773    -5.6725715e-06    
21  11  0.001083191367    0.00108318534     -5.563677901e-06  
21  12  0.0009549787578   0.0009549728674   -6.168025314e-06  
21  13  0.0008353818632   0.0008353769582   -5.871566348e-06  
21  14  0.0007254525346   0.0007254480088   -6.238658576e-06  
21  15  0.0006257273226   0.0006257229099   -7.052080401e-06  
21  16  0.0005363171875   0.0005363133726   -7.112992405e-06  
21  17  0.0004569996068   0.0004569969458   -5.822725491e-06  
21  18  0.000387305982    0.0003873035193   -6.358431943e-06  
21  19  0.0003265942594   0.0003265926794   -4.837765904e-06  
21  20  0.0002741206648   0.0002741194607   -4.392603797e-06  
21  21  0.0002290891259   0.0002290877159   -6.155107542e-06  
21  22  0.0001906934637   0.0001906914973   -1.031200807e-05  
21  23  0.0001581472737   0.0001581455856   -1.067394607e-05  
21  24  0.0001307083665   0.0001307066856   -1.286064157e-05  
21  25  0.0001076881697   0.0001076869406   -1.141322187e-05  
21  26  8.846205532e-05   8.846137724e-05   -7.665193289e-06  
21  27  7.247089457e-05   7.247073911e-05   -2.145082999e-06  
21  28  5.922108006e-05   5.922097277e-05   -1.811592308e-06  
21  29  4.828052959e-05   4.828040705e-05   -2.537977443e-06  
21  30  3.927537681e-05   3.927545717e-05   2.045994286e-06   
21  31  3.188525665e-05   3.188549292e-05   7.410187886e-06   
21  32  2.583711737e-05   2.583734576e-05   8.839607895e-06   
21  33  2.089957963e-05   2.0899793e-05     1.020943834e-05   
21  34  1.687815834e-05   1.687824902e-05   5.372416719e-06   
21  35  1.360974685e-05   1.360980875e-05   4.547963975e-06   
21  36  1.095864707e-05   1.095872561e-05   7.166983884e-06   
21  37  8.812266377e-06   8.812360018e-06   1.062622629e-05   
21  38  7.077545208e-06   7.077602609e-06   8.110290973e-06   
21  39  5.677748112e-06   5.677754773e-06   1.173122018e-06   
21  40  4.549901315e-06   4.54983581e-06    -1.439705039e-05  
21  41  3.642362599e-06   3.642278685e-06   -2.303840624e-05  
21  42  2.913029248e-06   2.912973186e-06   -1.924503815e-05  
21  43  2.327614338e-06   2.32761507e-06    3.144960083e-07   
21  44  1.858320291e-06   1.858321407e-06   6.005995713e-07   
21  45  1.482476644e-06   1.48247518e-06    -9.874536272e-07  
21  46  1.181785076e-06   1.18176558e-06    -1.649672466e-05  
22  1   0.001697440757    0.001697426866    -8.183864539e-06  
22  2   0.001666903996    0.0016668929      -6.656555312e-06  
22  3   0.001617466777    0.001617459238    -4.660936715e-06  
22  4   0.001551184607    0.001551180199    -2.841654437e-06  
22  5   0.001470693423    0.001470690482    -1.999402318e-06  
22  6   0.001379005773    0.001379003722    -1.486891316e-06  
22  7   0.001279303471    0.001279301244    -1.740479362e-06  
22  8   0.001174735645    0.001174733572    -1.764366244e-06  
22  9   0.001068256104    0.00106825214     -3.71097023e-06   
22  10  0.000962486373    0.0009624819311   -4.614970821e-06  
22  11  0.0008596436844   0.0008596389331   -5.527078442e-06  
22  12  0.0007614952447   0.0007614905285   -6.193334467e-06  
22  13  0.0006693569995   0.0006693528407   -6.213077141e-06  
22  14  0.0005841211608   0.0005841167947   -7.474632473e-06  
22  15  0.0005062979373   0.0005062939955   -7.785431871e-06  
22  16  0.0004360777708   0.0004360740744   -8.476501048e-06  
22  17  0.000373389011    0.0003733864472   -6.866301893e-06  
22  18  0.0003179628458   0.0003179610661   -5.59722896e-06   
22  19  0.0002693859363   0.0002693844075   -5.675008767e-06  
22  20  0.0002271499129   0.0002271484357   -6.503192162e-06  
22  21  0.0001906934637   0.0001906914973   -1.031200807e-05  
22  22  0.0001594325914   0.0001594310126   -9.90262819e-06   
22  23  0.0001327900476   0.0001327884484   -1.204367447e-05  
22  24  0.0001102088142   0.0001102074309   -1.255158937e-05  
22  25  9.116708769e-05   9.116603586e-05   -1.15373753e-05   
22  26  7.518491512e-05   7.518433229e-05   -7.752041446e-06  
22  27  6.182846159e-05   6.182820685e-05   -4.120222824e-06  
22  28  5.071059528e-05   5.07103849e-05    -4.148756277e-06  
22  29  4.148953232e-05   4.148943433e-05   -2.361856186e-06  
22  30  3.386736202e-05   3.386739737e-05   1.043713165e-06   
22  31  2.758645628e-05   2.758656296e-05   3.867442759e-06   
22  32  2.242563913e-05   2.242577295e-05   5.967285367e-06   
22  33  1.819634645e-05   1.819655326e-05   1.136527808e-05   
22  34  1.473917064e-05   1.473927679e-05   7.201567298e-06   
22  35  1.191939172e-05   1.191949763e-05   8.885660253e-06   
22  36  9.624443888e-06   9.624543871e-06   1.038844324e-05   
22  37  7.760335811e-06   7.760417124e-06   1.047813047e-05   
22  38  6.248973954e-06   6.249018572e-06   7.13997796e-06    
22  39  5.02569007e-06    5.025701123e-06   2.19932923e-06    
22  40  4.037170575e-06   4.03713424e-06    -9.000171154e-06  
22  41  3.239520181e-06   3.239459637e-06   -1.868905926e-05  
22  42  2.59673425e-06    2.596711624e-06   -8.71346179e-06   
22  43  2.0794889e-06     2.079473979e-06   -7.175257539e-06  
22  44  1.663763312e-06   1.663745266e-06   -1.084676645e-05  
22  45  1.330003108e-06   1.329985653e-06   -1.312376874e-05  
22  46  1.062345808e-06   1.062320244e-06   -2.406369391e-05  
23  1   0.001307218193    0.001307209287    -6.812486186e-06  
23  2   0.001284799243    0.001284791991    -5.645074608e-06  
23  3   0.001248446337    0.001248441974    -3.495086796e-06  
23  4   0.00119959433     0.00119959242     -1.591565106e-06  
23  5   0.001140091765    0.001140091237    -4.628256957e-07  
23  6   0.001072066613    0.001072067062    4.182791052e-07   
23  7   0.0009977863523   0.0009977867499   3.984547049e-07   
23  8   0.0009195186823   0.0009195189523   2.936214294e-07   
23  9   0.0008394164053   0.000839415539    -1.032028054e-06  
23  10  0.0007594210961   0.0007594186589   -3.209230512e-06  
23  11  0.00068119981     0.0006811969597   -4.184239615e-06  
23  12  0.0006061141723   0.0006061107177   -5.699604069e-06  
23  13  0.0005352064335   0.0005352027566   -6.870145411e-06  
23  14  0.0004692138556   0.0004692102609   -7.660995733e-06  
23  15  0.0004085951244   0.0004085918392   -8.040149093e-06  
23  16  0.0003535673097   0.0003535642677   -8.603772007e-06  
23  17  0.000304146532    0.0003041439875   -8.365791485e-06  
23  18  0.0002601914559   0.0002601893796   -7.979983974e-06  
23  19  0.0002214426452   0.0002214408904   -7.92437828e-06   
23  20  0.0001875588077   0.0001875570882   -9.167845388e-06  
23  21  0.0001581472737   0.0001581455856   -1.067394607e-05  
23  22  0.0001327900476   0.0001327884484   -1.204367447e-05  
23  23  0.0001110630772   0.000111062202    -7.880218234e-06  
23  24  9.255361043e-05   9.255287362e-05   -7.960839105e-06  
23  25  7.686717191e-05   7.686669139e-05   -6.251309663e-06  
23  26  6.363725066e-05   6.363714101e-05   -1.722980522e-06  
23  27  5.25292193e-05    5.252908253e-05   -2.603658335e-06  
23  28  4.324072225e-05   4.324058155e-05   -3.25395597e-06   
23  29  3.55030865e-05    3.550303406e-05   -1.477019961e-06  
23  30  2.908006188e-05   2.908007628e-05   4.951619636e-07   
23  31  2.376567536e-05   2.376568086e-05   2.315182319e-07   
23  32  1.938170322e-05   1.938175725e-05   2.787784639e-06   
23  33  1.577533117e-05   1.577549874e-05   1.062240619e-05   
23  34  1.281649116e-05   1.281665541e-05   1.281536833e-05   
23  35  1.039476283e-05   1.039485924e-05   9.275003154e-06   
23  36  8.417058504e-06   8.417086342e-06   3.30735386e-06    
23  37  6.805307802e-06   6.805308202e-06   5.867603841e-08   
23  38  5.494358143e-06   5.494360097e-06   3.556558502e-07   
23  39  4.430037356e-06   4.430036637e-06   -1.621253471e-07  
23  40  3.567403095e-06   3.567412302e-06   2.580666794e-06   
23  41  2.869387167e-06   2.869376505e-06   -3.715579153e-06  
23  42  2.305361452e-06   2.305367702e-06   2.711226986e-06   
23  43  1.850300314e-06   1.850288303e-06   -6.491285895e-06  
23  44  1.483612149e-06   1.483581135e-06   -2.090490116e-05  
23  45  1.188500509e-06   1.188448278e-06   -4.394676641e-05  
24  1   0.00100756425     0.001007560242    -3.978023968e-06  
24  2   0.0009910555301   0.0009910525414   -3.01566131e-06   
24  3   0.0009642482903   0.0009642471758   -1.155833948e-06  
24  4   0.0009281482324   0.0009281492758   1.124169794e-06   
24  5   0.0008840591363   0.0008840610074   2.116550518e-06   
24  6   0.0008334893799   0.0008334918372   2.948202861e-06   
24  7   0.0007780593121   0.0007780619024   3.329250297e-06   
24  8   0.0007194057497   0.0007194079806   3.101100842e-06   
24  9   0.0006590988865   0.0006590999804   1.659630419e-06   
24  10  0.0005985743332   0.0005985735054   -1.382988274e-06  
24  11  0.0005390833699   0.0005390813992   -3.655660958e-06  
24  12  0.0004816676355   0.0004816647131   -6.067333091e-06  
24  13  0.0004271446516   0.0004271415676   -7.220244094e-06  
24  14  0.0003761135934   0.0003761110477   -6.76839302e-06   
24  15  0.0003289710801   0.0003289685871   -7.5780924e-06    
24  16  0.0002859314624   0.0002859291664   -8.029988259e-06  
24  17  0.000247057212    0.0002470549289   -9.240935299e-06  
24  18  0.0002122863008   0.0002122843527   -9.177091308e-06  
24  19  0.0001814624603   0.0001814607623   -9.357679438e-06  
24  20  0.0001543601916   0.0001543586271   -1.013522006e-05  
24  21  0.0001307083665   0.0001307066856   -1.286064157e-05  
24  22  0.0001102088142   0.0001102074309   -1.255158937e-05  
24  23  9.255361043e-05   9.255287362e-05   -7.960839105e-06  
24  24  7.743728864e-05   7.743676093e-05   -6.814657769e-06  
24  25  6.456389504e-05   6.456360531e-05   -4.487594666e-06  
24  26  5.365499063e-05   5.365496019e-05   -5.673572825e-07  
24  27  4.445336551e-05   4.445341321e-05   1.072891186e-06   
24  28  3.672476039e-05   3.672475421e-05   -1.683377406e-07  
24  29  3.025869318e-05   3.025873733e-05   1.459085117e-06   
24  30  2.486870664e-05   2.486880393e-05   3.912327418e-06   
24  31  2.039101956e-05   2.039107495e-05   2.716385846e-06   
24  32  1.668281366e-05   1.668286353e-05   2.989549626e-06   
24  33  1.362079989e-05   1.36209054e-05    7.74619356e-06    
24  34  1.109931062e-05   1.10994572e-05    1.32064924e-05    
24  35  9.028307265e-06   9.028373099e-06   7.291915948e-06   
24  36  7.331213789e-06   7.331236999e-06   3.165928327e-06   
24  37  5.943613221e-06   5.943601725e-06   -1.934214348e-06  
24  38  4.81136963e-06    4.811366094e-06   -7.349180371e-07  
24  39  3.889303749e-06   3.889305761e-06   5.173387735e-07   
24  40  3.139736047e-06   3.13976262e-06    8.463170803e-06   
24  41  2.531482535e-06   2.531489866e-06   2.895689641e-06   
24  42  2.038649468e-06   2.038644751e-06   -2.313727091e-06  
24  43  1.639960866e-06   1.639917951e-06   -2.616832482e-05  
24  44  1.31784216e-06    1.31778684e-06    -4.1978329e-05    
24  45  1.057968204e-06   1.057879397e-06   -8.394123308e-05  
25  1   0.0007772118343   0.0007772124679   8.152505275e-07   
25  2   0.000765022268    0.0007650229893   9.427703051e-07   
25  3   0.0007452027031   0.0007452042707   2.103598287e-06   
25  4   0.0007184618325   0.0007184646585   3.933333422e-06   
25  5   0.0006857217941   0.0006857257494   5.768011118e-06   
25  6   0.0006480580821   0.0006480619165   5.916807385e-06   
25  7   0.0006066303541   0.0006066344668   6.779483781e-06   
25  8   0.0005626234865   0.0005626266355   5.597035614e-06   
25  9   0.0005171825715   0.0005171847523   4.216655363e-06   
25  10  0.0004713680444   0.0004713694968   3.081423261e-06   
25  11  0.0004261201423   0.0004261195184   -1.464227531e-06  
25  12  0.0003822296108   0.0003822280894   -3.98035121e-06   
25  13  0.0003403335332   0.0003403321253   -4.136768502e-06  
25  14  0.0003009136119   0.0003009119316   -5.583807881e-06  
25  15  0.0002643010831   0.0002642994758   -6.081567693e-06  
25  16  0.0002306944468   0.0002306927791   -7.228987157e-06  
25  17  0.0002001757662   0.0002001741153   -8.24727015e-06   
25  18  0.000172731253    0.0001727299822   -7.357040271e-06  
25  19  0.0001482723255   0.0001482712076   -7.539894555e-06  
25  20  0.0001266530898   0.0001266519725   -8.821723283e-06  
25  21  0.0001076881697   0.0001076869406   -1.141322187e-05  
25  22  9.116708769e-05   9.116603586e-05   -1.15373753e-05   
25  23  7.686717191e-05   7.686669139e-05   -6.251309663e-06  
25  24  6.456389504e-05   6.456360531e-05   -4.487594666e-06  
25  25  5.403621592e-05   5.403618081e-05   -6.496778169e-07  
25  26  4.507378001e-05   4.507391539e-05   3.003541726e-06   
25  27  3.747982448e-05   3.748004435e-05   5.866381088e-06   
25  28  3.107354313e-05   3.107375188e-05   6.717715725e-06   
25  29  2.569106575e-05   2.569124775e-05   7.083916043e-06   
25  30  2.118578689e-05   2.118597881e-05   9.0590305e-06     
25  31  1.742808556e-05   1.742820811e-05   7.031780202e-06   
25  32  1.430412801e-05   1.430415632e-05   1.979510391e-06   
25  33  1.17148311e-05    1.171486253e-05   2.682597083e-06   
25  34  9.57478478e-06    9.574887663e-06   1.074525597e-05   
25  35  7.810974191e-06   7.810953658e-06   -2.628781405e-06  
25  36  6.360609464e-06   6.360586307e-06   -3.640666638e-06  
25  37  5.170852706e-06   5.170809247e-06   -8.40451508e-06   
25  38  4.196947846e-06   4.196919914e-06   -6.655486592e-06  
25  39  3.401404249e-06   3.40136576e-06    -1.131579117e-05  
25  40  2.752769234e-06   2.752729494e-06   -1.443631098e-05  
25  41  2.224852724e-06   2.224825213e-06   -1.236527782e-05  
25  42  1.795922801e-06   1.795902528e-06   -1.12882312e-05   
25  43  1.447991295e-06   1.447952652e-06   -2.668754756e-05  
25  44  1.166163942e-06   1.166108513e-06   -4.753032896e-05  
26  1   0.0005999608981   0.0005999645598   6.103176742e-06   
26  2   0.0005909377542   0.0005909408803   5.290048249e-06   
26  3   0.0005762484084   0.0005762523375   6.81841076e-06    
26  4   0.000556395954    0.0005564003564   7.912434434e-06   
26  5   0.0005320351714   0.0005320398291   8.754463005e-06   
26  6   0.0005039334694   0.0005039381189   9.226576195e-06   
26  7   0.000472924891    0.0004729299845   1.077027931e-05   
26  8   0.0004398684847   0.0004398725002   9.128672669e-06   
26  9   0.0004056007779   0.0004056035685   6.880113094e-06   
26  10  0.0003709047041   0.0003709067727   5.5771879e-06     
26  11  0.0003364833404   0.00033648429     2.822084404e-06   
26  12  0.0003029386508   0.0003029385488   -3.36858284e-07   
26  13  0.0002707627935   0.0002707624083   -1.422371426e-06  
26  14  0.0002403376969   0.0002403369469   -3.120355764e-06  
26  15  0.0002119363949   0.0002119355034   -4.20645044e-06   
26  16  0.0001857332594   0.0001857324129   -4.557569096e-06  
26  17  0.0001618157791   0.0001618148724   -5.603313934e-06  
26  18  0.0001401972502   0.0001401965115   -5.268832737e-06  
26  19  0.0001208320339   0.000120831472    -4.650241336e-06  
26  20  0.0001036287087   0.000103628069    -6.173201584e-06  
26  21  8.846205532e-05   8.846137724e-05   -7.665193289e-06  
26  22  7.518491512e-05   7.518433229e-05   -7.752041446e-06  
26  23  6.363725066e-05   6.363714101e-05   -1.722980522e-06  
26  24  5.365499063e-05   5.365496019e-05   -5.673572825e-07  
26  25  4.507378001e-05   4.507391539e-05   3.003541726e-06   
26  26  3.773532554e-05   3.773561016e-05   7.542466889e-06   
26  27  3.148994646e-05   3.149031777e-05   1.179151041e-05   
26  28  2.619872909e-05   2.619906537e-05   1.283584221e-05   
26  29  2.173465913e-05   2.173481856e-05   7.335199924e-06   
26  30  1.798283029e-05   1.798296067e-05   7.250319538e-06   
26  31  1.484120429e-05   1.484123982e-05   2.394044026e-06   
26  32  1.221934265e-05   1.22193321e-05    -8.634760265e-07  
26  33  1.003820389e-05   1.003814379e-05   -5.987136152e-06  
26  34  8.228989926e-06   8.228951475e-06   -4.672607e-06     
26  35  6.732547496e-06   6.732456959e-06   -1.344770465e-05  
26  36  5.4978685e-06     5.497814835e-06   -9.761111355e-06  
26  37  4.48175975e-06    4.481674671e-06   -1.89833591e-05   
26  38  3.647334707e-06   3.647266682e-06   -1.865070079e-05  
26  39  2.963622165e-06   2.963549466e-06   -2.453035624e-05  
26  40  2.404509917e-06   2.404430412e-06   -3.30651108e-05   
26  41  1.948127777e-06   1.948063435e-06   -3.302768577e-05  
26  42  1.576253493e-06   1.576224422e-06   -1.844308416e-05  
26  43  1.273782896e-06   1.273761759e-06   -1.659390811e-05  
26  44  1.028144332e-06   1.028117424e-06   -2.617140758e-05  
27  1   0.000463448428    0.000463452887    9.621243379e-06   
27  2   0.0004567532335   0.0004567571588   8.593996499e-06   
27  3   0.0004458417845   0.0004458464412   1.044466727e-05   
27  4   0.0004310718315   0.0004310771497   1.233700192e-05   
27  5   0.0004129105715   0.0004129164073   1.413329929e-05   
27  6   0.0003919092303   0.000391914099    1.242298453e-05   
27  7   0.0003686673007   0.0003686718735   1.240378035e-05   
27  8   0.0003438081739   0.0003438117837   1.049941383e-05   
27  9   0.0003179441245   0.0003179469933   9.023141331e-06   
27  10  0.0002916543338   0.0002916564698   7.323671175e-06   
27  11  0.0002654633988   0.0002654649381   5.798820411e-06   
27  12  0.0002398279784   0.0002398287021   3.017439347e-06   
27  13  0.0002151273202   0.000215127328    3.63992385e-08    
27  14  0.0001916610193   0.0001916607009   -1.661198478e-06  
27  15  0.0001696511862   0.0001696506294   -3.282358767e-06  
27  16  0.0001492465813   0.0001492459955   -3.925021306e-06  
27  17  0.0001305309038   0.0001305304002   -3.858469069e-06  
27  18  0.0001135315255   0.0001135313142   -1.861281476e-06  
27  19  9.823001881e-05   9.822987502e-05   -1.463738956e-06  
27  20  8.457059124e-05   8.457063393e-05   5.047495441e-07   
27  21  7.247089457e-05   7.247073911e-05   -2.145082999e-06  
27  22  6.182846159e-05   6.182820685e-05   -4.120222824e-06  
27  23  5.25292193e-05    5.252908253e-05   -2.603658335e-06  
27  24  4.445336551e-05   4.445341321e-05   1.072891186e-06   
27  25  3.747982448e-05   3.748004435e-05   5.866381088e-06   
27  26  3.148994646e-05   3.149031777e-05   1.179151041e-05   
27  27  2.637030745e-05   2.637078691e-05   1.818186536e-05   
27  28  2.201466717e-05   2.20150866e-05    1.905190665e-05   
27  29  1.832490777e-05   1.832509982e-05   1.04804177e-05    
27  30  1.521152123e-05   1.52115596e-05    2.522277288e-06   
27  31  1.259430801e-05   1.259421251e-05   -7.582389668e-06  
27  32  1.04017717e-05    1.040165537e-05   -1.118396197e-05  
27  33  8.571122155e-06   8.570939608e-06   -2.129782829e-05  
27  34  7.047175357e-06   7.047021429e-06   -2.184246409e-05  
27  35  5.782271334e-06   5.782119788e-06   -2.620882316e-05  
27  36  4.735159837e-06   4.735030419e-06   -2.733109429e-05  
27  37  3.870589916e-06   3.870431859e-06   -4.083551987e-05  
27  38  3.158334441e-06   3.158209292e-06   -3.962510433e-05  
27  39  2.572944875e-06   2.572813825e-06   -5.093396567e-05  
27  40  2.092779282e-06   2.09266824e-06    -5.305929823e-05  
27  41  1.699706983e-06   1.699625294e-06   -4.806012698e-05  
27  42  1.378526902e-06   1.378480889e-06   -3.337805526e-05  
27  43  1.116565055e-06   1.116541759e-06   -2.086330036e-05  
28  1   0.0003582228145   0.0003582277305   1.372330079e-05   
28  2   0.0003532442611   0.0003532486113   1.231481792e-05   
28  3   0.0003451224892   0.000345127232    1.374247538e-05   
28  4   0.0003341128626   0.000334117905    1.509190765e-05   
28  5   0.0003205496587   0.0003205549907   1.663384325e-05   
28  6   0.0003048293425   0.0003048337502   1.445962965e-05   
28  7   0.00028738507     0.0002873889363   1.345324086e-05   
28  8   0.0002686696075   0.0002686729101   1.229230458e-05   
28  9   0.0002491323434   0.0002491349257   1.036498396e-05   
28  10  0.0002292008372   0.0002292029204   9.089158269e-06   
28  11  0.0002092670156   0.0002092687438   8.258597777e-06   
28  12  0.0001896764088   0.0001896773251   4.831119414e-06   
28  13  0.0001707197109   0.0001707198697   9.302169098e-07   
28  14  0.000152630738    0.0001526308365   6.452245903e-07   
28  15  0.0001355882492   0.0001355882037   -3.360113795e-07  
28  16  0.0001197166252   0.000119716379    -2.056651738e-06  
28  17  0.0001050912387   0.0001050910587   -1.713331565e-06  
28  18  9.174535449e-05   9.174534963e-05   -5.296831321e-08  
28  19  7.967652965e-05   7.967654435e-05   1.844430492e-07   
28  20  6.885313419e-05   6.885303527e-05   -1.436629786e-06  
28  21  5.922108006e-05   5.922097277e-05   -1.811592308e-06  
28  22  5.071059528e-05   5.07103849e-05    -4.148756277e-06  
28  23  4.324072225e-05   4.324058155e-05   -3.25395597e-06   
28  24  3.672476039e-05   3.672475421e-05   -1.683377406e-07  
28  25  3.107354313e-05   3.107375188e-05   6.717715725e-06   
28  26  2.619872909e-05   2.619906537e-05   1.283584221e-05   
28  27  2.201466717e-05   2.20150866e-05    1.905190665e-05   
28  28  1.844035408e-05   1.84407295e-05    2.035865085e-05   
28  29  1.540040811e-05   1.540050867e-05   6.529938009e-06   
28  30  1.282524176e-05   1.282517204e-05   -5.436468072e-06  
28  31  1.065217713e-05   1.065197889e-05   -1.860969937e-05  
28  32  8.824924213e-06   8.824705951e-06   -2.47323473e-05   
28  33  7.293662525e-06   7.293453093e-06   -2.871416647e-05  
28  34  6.014481443e-06   6.014309432e-06   -2.859941057e-05  
28  35  4.94911779e-06    4.948929104e-06   -3.812528935e-05  
28  36  4.064265264e-06   4.064056001e-06   -5.148849065e-05  
28  37  3.33121403e-06    3.3310276e-06     -5.596460726e-05  
28  38  2.725452367e-06   2.725280238e-06   -6.315626065e-05  
28  39  2.226025941e-06   2.225871727e-06   -6.927780217e-05  
28  40  1.815170898e-06   1.815031977e-06   -7.65335338e-05   
28  41  1.477865972e-06   1.477748142e-06   -7.972980609e-05  
28  42  1.201461549e-06   1.201387679e-06   -6.148285255e-05  
29  1   0.0002770519521   0.0002770562583   1.554316584e-05   
29  2   0.0002733421898   0.0002733462      1.467123137e-05   
29  3   0.0002672856014   0.0002672893659   1.408416975e-05   
29  4   0.0002590638078   0.0002590678604   1.564314475e-05   
29  5   0.0002489178796   0.0002489217991   1.574584105e-05   
29  6   0.0002371326541   0.0002371361263   1.464259169e-05   
29  7   0.0002240226923   0.0002240257685   1.373132505e-05   
29  8   0.0002099175851   0.0002099203162   1.301039716e-05   
29  9   0.0001951470746   0.0001951493497   1.165805791e-05   
29  10  0.0001800275015   0.0001800293377   1.019934939e-05   
29  11  0.0001648513726   0.0001648527872   8.581627692e-06   
29  12  0.0001498793321   0.0001498800385   4.712905616e-06   
29  13  0.0001353335101   0.0001353338277   2.346676944e-06   
29  14  0.0001213962334   0.0001213965049   2.236115337e-06   
29  15  0.000108209419    0.0001082096165   1.825440151e-06   
29  16  9.587533362e-05   9.587544506e-05   1.162359256e-06   
29  17  8.446007539e-05   8.446004383e-05   -3.735906801e-07  
29  18  7.399720664e-05   7.399729913e-05   1.249971239e-06   
29  19  6.449345414e-05   6.449358706e-05   2.060963514e-06   
29  20  5.593262397e-05   5.593265197e-05   5.005918739e-07   
29  21  4.828052959e-05   4.828040705e-05   -2.537977443e-06  
29  22  4.148953232e-05   4.148943433e-05   -2.361856186e-06  
29  23  3.55030865e-05    3.550303406e-05   -1.477019961e-06  
29  24  3.025869318e-05   3.025873733e-05   1.459085117e-06   
29  25  2.569106575e-05   2.569124775e-05   7.083916043e-06   
29  26  2.173465913e-05   2.173481856e-05   7.335199924e-06   
29  27  1.832490777e-05   1.832509982e-05   1.04804177e-05    
29  28  1.540040811e-05   1.540050867e-05   6.529938009e-06   
29  29  1.290322694e-05   1.290318576e-05   -3.191008341e-06  
29  30  1.077972853e-05   1.077960404e-05   -1.154824837e-05  
29  31  8.9810534e-06     8.980894958e-06   -1.764186665e-05  
29  32  7.463179171e-06   7.462952331e-06   -3.039462713e-05  
29  33  6.186627516e-06   6.186367707e-06   -4.199518892e-05  
29  34  5.11648787e-06    5.116243569e-06   -4.774781025e-05  
29  35  4.222161139e-06   4.221923116e-06   -5.637471366e-05  
29  36  3.476894517e-06   3.476668046e-06   -6.513597904e-05  
29  37  2.857537037e-06   2.857309083e-06   -7.977276446e-05  
29  38  2.344101953e-06   2.343888121e-06   -9.12213498e-05   
29  39  1.919498332e-06   1.919305881e-06   -0.0001002612921  
29  40  1.569151473e-06   1.568984828e-06   -0.0001062005679  
29  41  1.280706028e-06   1.280553762e-06   -0.0001188917974  
29  42  1.043667219e-06   1.043557896e-06   -0.0001047495104  
30  1   0.0002143913321   0.0002143952835   1.843042821e-05   
30  2   0.0002116220051   0.0002116256502   1.722429184e-05   
30  3   0.0002070975091   0.000207100378    1.385277727e-05   
30  4   0.0002009473105   0.0002009502974   1.486416503e-05   
30  5   0.0001933457107   0.0001933483732   1.377078905e-05   
30  6   0.0001844981333   0.0001845005864   1.329570209e-05   
30  7   0.0001746332554   0.000174635599    1.342008106e-05   
30  8   0.000163992252    0.0001639939996   1.065615411e-05   
30  9   0.0001528165253   0.0001528178885   8.920461984e-06   
30  10  0.0001413401604   0.0001413414498   9.122890388e-06   
30  11  0.000129781713    0.0001297829979   9.901022233e-06   
30  12  0.0001183380331   0.000118338803    6.505379977e-06   
30  13  0.0001071781222   0.0001071788172   6.484026715e-06   
30  14  9.644374071e-05   9.64442629e-05    5.414454336e-06   
30  15  8.624647315e-05   8.62469148e-05    5.120778185e-06   
30  16  7.666935501e-05   7.666982041e-05   6.070166733e-06   
30  17  6.77688421e-05    6.77691544e-05    4.608323276e-06   
30  18  5.957658604e-05   5.957688846e-05   5.07627148e-06    
30  19  5.210363063e-05   5.210397313e-05   6.573327299e-06   
30  20  4.534355803e-05   4.534376228e-05   4.504464546e-06   
30  21  3.927537681e-05   3.927545717e-05   2.045994286e-06   
30  22  3.386736202e-05   3.386739737e-05   1.043713165e-06   
30  23  2.908006188e-05   2.908007628e-05   4.951619636e-07   
30  24  2.486870664e-05   2.486880393e-05   3.912327418e-06   
30  25  2.118578689e-05   2.118597881e-05   9.0590305e-06     
30  26  1.798283029e-05   1.798296067e-05   7.250319538e-06   
30  27  1.521152123e-05   1.52115596e-05    2.522277288e-06   
30  28  1.282524176e-05   1.282517204e-05   -5.436468072e-06  
30  29  1.077972853e-05   1.077960404e-05   -1.154824837e-05  
30  30  9.033867759e-06   9.033626589e-06   -2.669610746e-05  
30  31  7.549552919e-06   7.54930844e-06    -3.238317472e-05  
30  32  6.292464054e-06   6.292170089e-06   -4.671688894e-05  
30  33  5.231481224e-06   5.231198606e-06   -5.402259751e-05  
30  34  4.339049082e-06   4.33875844e-06    -6.698269261e-05  
30  35  3.590687797e-06   3.590428127e-06   -7.231783045e-05  
30  36  2.965040576e-06   2.964787695e-06   -8.528753694e-05  
30  37  2.443410442e-06   2.443176769e-06   -9.563375944e-05  
30  38  2.009646456e-06   2.009438971e-06   -0.0001032441849  
30  39  1.64988725e-06    1.649664454e-06   -0.0001350366544  
30  40  1.352141448e-06   1.351939169e-06   -0.0001495989922  
30  41  1.106293008e-06   1.106106823e-06   -0.0001682968468  
31  1   0.0001659878994   0.0001659915245   2.183944834e-05   
31  2   0.0001639171057   0.0001639203202   1.961080447e-05   
31  3   0.0001605309739   0.0001605336256   1.651785636e-05   
31  4   0.0001559233107   0.0001559257248   1.548247045e-05   
31  5   0.0001502193624   0.0001502215696   1.469352678e-05   
31  6   0.0001435685296   0.000143570446    1.334830215e-05   
31  7   0.0001361369155   0.000136138753    1.349754321e-05   
31  8   0.0001281008772   0.0001281024295   1.211811021e-05   
31  9   0.0001196382221   0.0001196395492   1.109223573e-05   
31  10  0.0001109222425   0.0001109235312   1.161785692e-05   
31  11  0.0001021161486   0.0001021173191   1.146262203e-05   
31  12  9.336779482e-05   9.336875678e-05   1.030289642e-05   
31  13  8.480637829e-05   8.480726984e-05   1.051273686e-05   
31  14  7.654114199e-05   7.654185167e-05   9.271888786e-06   
31  15  6.865973336e-05   6.866025972e-05   7.666327813e-06   
31  16  6.122883605e-05   6.122926315e-05   6.975468668e-06   
31  17  5.429530849e-05   5.429574225e-05   7.989068856e-06   
31  18  4.78880609e-05    4.788842433e-05   7.589008902e-06   
31  19  4.20196728e-05    4.202004406e-05   8.835492427e-06   
31  20  3.668945393e-05   3.66897358e-05    7.68237099e-06    
31  21  3.188525665e-05   3.188549292e-05   7.410187886e-06   
31  22  2.758645628e-05   2.758656296e-05   3.867442759e-06   
31  23  2.376567536e-05   2.376568086e-05   2.315182319e-07   
31  24  2.039101956e-05   2.039107495e-05   2.716385846e-06   
31  25  1.742808556e-05   1.742820811e-05   7.031780202e-06   
31  26  1.484120429e-05   1.484123982e-05   2.394044026e-06   
31  27  1.259430801e-05   1.259421251e-05   -7.582389668e-06  
31  28  1.065217713e-05   1.065197889e-05   -1.860969937e-05  
31  29  8.9810534e-06     8.980894958e-06   -1.764186665e-05  
31  30  7.549552919e-06   7.54930844e-06    -3.238317472e-05  
31  31  6.328142266e-06   6.327874099e-06   -4.237688149e-05  
31  32  5.290039196e-06   5.289726861e-06   -5.904212025e-05  
31  33  4.410862942e-06   4.410541931e-06   -7.277735123e-05  
31  34  3.668787041e-06   3.668508093e-06   -7.603260147e-05  
31  35  3.04448956e-06    3.044237069e-06   -8.293374817e-05  
31  36  2.520868372e-06   2.520628261e-06   -9.524929743e-05  
31  37  2.082945266e-06   2.082704795e-06   -0.000115447967   
31  38  1.717638767e-06   1.717433547e-06   -0.0001194784828  
31  39  1.413748516e-06   1.413539037e-06   -0.0001481727638  
31  40  1.161520984e-06   1.161318561e-06   -0.0001742741526  
32  1   0.0001285744926   0.0001285779022   2.65183352e-05    
32  2   0.0001270235891   0.0001270264665   2.265230052e-05   
32  3   0.0001244856248   0.0001244878706   1.804071931e-05   
32  4   0.0001210282139   0.0001210302577   1.688658813e-05   
32  5   0.0001167422716   0.0001167441383   1.598971286e-05   
32  6   0.0001117363105   0.0001117379734   1.488223214e-05   
32  7   0.0001061317196   0.0001061331112   1.311171903e-05   
32  8   0.0001000572267   0.0001000584395   1.212059762e-05   
32  9   9.364404291e-05   9.36451094e-05    1.138879501e-05   
32  10  8.702069101e-05   8.702164339e-05   1.094423773e-05   
32  11  8.030874781e-05   8.030967794e-05   1.15818546e-05    
32  12  7.361969249e-05   7.362051319e-05   1.114775459e-05   
32  13  6.705174297e-05   6.705256023e-05   1.21883811e-05    
32  14  6.068904654e-05   6.06897011e-05    1.078548889e-05   
32  15  5.460002068e-05   5.460051218e-05   9.001799063e-06   
32  16  4.883795478e-05   4.883825265e-05   6.099149011e-06   
32  17  4.344123007e-05   4.344148841e-05   5.946925514e-06   
32  18  3.843484416e-05   3.843520598e-05   9.413908175e-06   
32  19  3.383193194e-05   3.383226966e-05   9.982289605e-06   
32  20  2.963473556e-05   2.963508464e-05   1.177954933e-05   
32  21  2.583711737e-05   2.583734576e-05   8.839607895e-06   
32  22  2.242563913e-05   2.242577295e-05   5.967285367e-06   
32  23  1.938170322e-05   1.938175725e-05   2.787784639e-06   
32  24  1.668281366e-05   1.668286353e-05   2.989549626e-06   
32  25  1.430412801e-05   1.430415632e-05   1.979510391e-06   
32  26  1.221934265e-05   1.22193321e-05    -8.634760265e-07  
32  27  1.04017717e-05    1.040165537e-05   -1.118396197e-05  
32  28  8.824924213e-06   8.824705951e-06   -2.47323473e-05   
32  29  7.463179171e-06   7.462952331e-06   -3.039462713e-05  
32  30  6.292464054e-06   6.292170089e-06   -4.671688894e-05  
32  31  5.290039196e-06   5.289726861e-06   -5.904212025e-05  
32  32  4.435067023e-06   4.434755598e-06   -7.021874795e-05  
32  33  3.708538133e-06   3.708237201e-06   -8.114567959e-05  
32  34  3.093265524e-06   3.093011906e-06   -8.199051674e-05  
32  35  2.573970272e-06   2.573736708e-06   -9.074098416e-05  
32  36  2.137009723e-06   2.136803708e-06   -9.640336762e-05  
32  37  1.770450769e-06   1.770231886e-06   -0.0001236310843  
32  38  1.463731337e-06   1.463542479e-06   -0.0001290246916  
32  39  1.207794539e-06   1.207626049e-06   -0.0001395025789  
33  1   9.963928739e-05   9.964236472e-05   3.088473106e-05   
33  2   9.847588294e-05   9.84784788e-05    2.636039715e-05   
33  3   9.657071268e-05   9.657277492e-05   2.135468811e-05   
33  4   9.397287808e-05   9.397463669e-05   1.871399012e-05   
33  5   9.074836756e-05   9.074979316e-05   1.570937094e-05   
33  6   8.697593544e-05   8.697722726e-05   1.48525686e-05    
33  7   8.274448205e-05   8.274561355e-05   1.367456569e-05   
33  8   7.81487881e-05    7.814953193e-05   9.518145379e-06   
33  9   7.328517821e-05   7.328570074e-05   7.130042826e-06   
33  10  6.824886569e-05   6.824944822e-05   8.535517839e-06   
33  11  6.313103233e-05   6.313160076e-05   9.003881739e-06   
33  12  5.801532898e-05   5.801591525e-05   1.010557168e-05   
33  13  5.297655646e-05   5.297712918e-05   1.081078243e-05   
33  14  4.807924689e-05   4.807964922e-05   8.368040855e-06   
33  15  4.337662194e-05   4.337685474e-05   5.366936373e-06   
33  16  3.891078678e-05   3.891095639e-05   4.358920257e-06   
33  17  3.471318171e-05   3.471332584e-05   4.152124673e-06   
33  18  3.080490272e-05   3.080519912e-05   9.621700061e-06   
33  19  2.71984024e-05    2.71986522e-05    9.184359759e-06   
33  20  2.389753385e-05   2.389775164e-05   9.113569808e-06   
33  21  2.089957963e-05   2.0899793e-05     1.020943834e-05   
33  22  1.819634645e-05   1.819655326e-05   1.136527808e-05   
33  23  1.577533117e-05   1.577549874e-05   1.062240619e-05   
33  24  1.362079989e-05   1.36209054e-05    7.74619356e-06    
33  25  1.17148311e-05    1.171486253e-05   2.682597083e-06   
33  26  1.003820389e-05   1.003814379e-05   -5.987136152e-06  
33  27  8.571122155e-06   8.570939608e-06   -2.129782829e-05  
33  28  7.293662525e-06   7.293453093e-06   -2.871416647e-05  
33  29  6.186627516e-06   6.186367707e-06   -4.199518892e-05  
33  30  5.231481224e-06   5.231198606e-06   -5.402259751e-05  
33  31  4.410862942e-06   4.410541931e-06   -7.277735123e-05  
33  32  3.708538133e-06   3.708237201e-06   -8.114567959e-05  
33  33  3.109766803e-06   3.109457842e-06   -9.935187217e-05  
33  34  2.600992133e-06   2.600744054e-06   -9.537858438e-05  
33  35  2.170195427e-06   2.169990933e-06   -9.422838338e-05  
33  36  1.806582564e-06   1.806403204e-06   -9.928117291e-05  
33  37  1.500610739e-06   1.500426261e-06   -0.0001229353671  
33  38  1.243814991e-06   1.243661593e-06   -0.0001233283769  
33  39  1.028913364e-06   1.028773122e-06   -0.0001363007442  
34  1   7.724860473e-05   7.725161994e-05   3.903259845e-05   
34  2   7.637468328e-05   7.63772153e-05    3.315266619e-05   
34  3   7.494267374e-05   7.494462062e-05   2.597816163e-05   
34  4   7.298809109e-05   7.298971543e-05   2.225487822e-05   
34  5   7.055907861e-05   7.056034675e-05   1.797286539e-05   
34  6   6.771320023e-05   6.771415726e-05   1.413359753e-05   
34  7   6.451543846e-05   6.45160713e-05    9.80913443e-06    
34  8   6.103527212e-05   6.103560682e-05   5.483753793e-06   
34  9   5.734403548e-05   5.734418093e-05   2.536432877e-06   
34  10  5.351238064e-05   5.351256197e-05   3.388591194e-06   
34  11  4.960832885e-05   4.960859538e-05   5.372613754e-06   
34  12  4.569506555e-05   4.569529699e-05   5.064851912e-06   
34  13  4.182918839e-05   4.182937149e-05   4.377441408e-06   
34  14  3.806005381e-05   3.806017789e-05   3.259963685e-06   
34  15  3.442907884e-05   3.442913222e-05   1.55056367e-06    
34  16  3.096939113e-05   3.096951209e-05   3.906040715e-06   
34  17  2.770652147e-05   2.770660894e-05   3.156925031e-06   
34  18  2.465796612e-05   2.465816289e-05   7.980019619e-06   
34  19  2.18347844e-05    2.18350105e-05    1.035498745e-05   
34  20  1.924173978e-05   1.924187683e-05   7.122182685e-06   
34  21  1.687815834e-05   1.687824902e-05   5.372416719e-06   
34  22  1.473917064e-05   1.473927679e-05   7.201567298e-06   
34  23  1.281649116e-05   1.281665541e-05   1.281536833e-05   
34  24  1.109931062e-05   1.10994572e-05    1.32064924e-05    
34  25  9.57478478e-06    9.574887663e-06   1.074525597e-05   
34  26  8.228989926e-06   8.228951475e-06   -4.672607e-06     
34  27  7.047175357e-06   7.047021429e-06   -2.184246409e-05  
34  28  6.014481443e-06   6.014309432e-06   -2.859941057e-05  
34  29  5.11648787e-06    5.116243569e-06   -4.774781025e-05  
34  30  4.339049082e-06   4.33875844e-06    -6.698269261e-05  
34  31  3.668787041e-06   3.668508093e-06   -7.603260147e-05  
34  32  3.093265524e-06   3.093011906e-06   -8.199051674e-05  
34  33  2.600992133e-06   2.600744054e-06   -9.537858438e-05  
34  34  2.181390706e-06   2.181176851e-06   -9.803616679e-05  
34  35  1.824966317e-06   1.824787526e-06   -9.796917522e-05  
34  36  1.523183817e-06   1.52303701e-06    -9.638144264e-05  
34  37  1.2684636e-06     1.268328189e-06   -0.0001067523238  
34  38  1.054065013e-06   1.053949946e-06   -0.0001091648527  
35  1   5.991402512e-05   5.991652468e-05   4.171916602e-05   
35  2   5.925654729e-05   5.925871072e-05   3.650967091e-05   
35  3   5.817859178e-05   5.818035414e-05   3.029220386e-05   
35  4   5.670629757e-05   5.670758558e-05   2.271377842e-05   
35  5   5.487432498e-05   5.487531363e-05   1.801670346e-05   
35  6   5.272509477e-05   5.272569403e-05   1.136582932e-05   
35  7   5.030620197e-05   5.030635016e-05   2.945742942e-06   
35  8   4.766841293e-05   4.766845975e-05   9.82174482e-07    
35  9   4.486488057e-05   4.486482381e-05   -1.265130225e-06  
35  10  4.19480415e-05    4.194802469e-05   -4.008948983e-07  
35  11  3.896864317e-05   3.896876386e-05   3.097028695e-06   
35  12  3.597431441e-05   3.597444821e-05   3.71914971e-06    
35  13  3.30078823e-05    3.300806911e-05   5.659531075e-06   
35  14  3.010743611e-05   3.010739455e-05   -1.380111661e-06  
35  15  2.730458388e-05   2.730447197e-05   -4.098653121e-06  
35  16  2.462541806e-05   2.462542139e-05   1.350812454e-07   
35  17  2.209047986e-05   2.209048428e-05   1.999810795e-07   
35  18  1.971419545e-05   1.971428485e-05   4.534879429e-06   
35  19  1.75061726e-05    1.750625584e-05   4.755131637e-06   
35  20  1.547111653e-05   1.547118098e-05   4.165956083e-06   
35  21  1.360974685e-05   1.360980875e-05   4.547963975e-06   
35  22  1.191939172e-05   1.191949763e-05   8.885660253e-06   
35  23  1.039476283e-05   1.039485924e-05   9.275003154e-06   
35  24  9.028307265e-06   9.028373099e-06   7.291915948e-06   
35  25  7.810974191e-06   7.810953658e-06   -2.628781405e-06  
35  26  6.732547496e-06   6.732456959e-06   -1.344770465e-05  
35  27  5.782271334e-06   5.782119788e-06   -2.620882316e-05  
35  28  4.94911779e-06    4.948929104e-06   -3.812528935e-05  
35  29  4.222161139e-06   4.221923116e-06   -5.637471366e-05  
35  30  3.590687797e-06   3.590428127e-06   -7.231783045e-05  
35  31  3.04448956e-06    3.044237069e-06   -8.293374817e-05  
35  32  2.573970272e-06   2.573736708e-06   -9.074098416e-05  
35  33  2.170195427e-06   2.169990933e-06   -9.422838338e-05  
35  34  1.824966317e-06   1.824787526e-06   -9.796917522e-05  
35  35  1.530809833e-06   1.530655408e-06   -0.0001008782038  
35  36  1.280970816e-06   1.280858789e-06   -8.745427176e-05  
35  37  1.069461656e-06   1.069373904e-06   -8.205221962e-05  
36  1   4.648708498e-05   4.648913981e-05   4.42020596e-05    
36  2   4.599178809e-05   4.599363412e-05   4.013840398e-05   
36  3   4.517941409e-05   4.518091484e-05   3.321764514e-05   
36  4   4.406892522e-05   4.407005555e-05   2.564922691e-05   
36  5   4.268578263e-05   4.26865795e-05    1.866818353e-05   
36  6   4.106089826e-05   4.106137719e-05   1.166410101e-05   
36  7   3.922929074e-05   3.922944316e-05   3.885404244e-06   
36  8   3.722846309e-05   3.722851083e-05   1.282461908e-06   
36  9   3.509766721e-05   3.509766586e-05   -3.845554063e-08  
36  10  3.28760087e-05    3.287601295e-05   1.291329646e-07   
36  11  3.060141622e-05   3.060146055e-05   1.448916716e-06   
36  12  2.830959477e-05   2.830967377e-05   2.790446586e-06   
36  13  2.603321221e-05   2.603322914e-05   6.501920462e-07   
36  14  2.380115248e-05   2.380098864e-05   -6.883815226e-06  
36  15  2.163788804e-05   2.163769452e-05   -8.94382192e-06   
36  16  1.956395585e-05   1.956377345e-05   -9.322854158e-06  
36  17  1.759548439e-05   1.759532832e-05   -8.870060627e-06  
36  18  1.574437063e-05   1.574428869e-05   -5.204885357e-06  
36  19  1.401871327e-05   1.401868753e-05   -1.83638562e-06   
36  20  1.242300754e-05   1.242303051e-05   1.849324212e-06   
36  21  1.095864707e-05   1.095872561e-05   7.166983884e-06   
36  22  9.624443888e-06   9.624543871e-06   1.038844324e-05   
36  23  8.417058504e-06   8.417086342e-06   3.30735386e-06    
36  24  7.331213789e-06   7.331236999e-06   3.165928327e-06   
36  25  6.360609464e-06   6.360586307e-06   -3.640666638e-06  
36  26  5.4978685e-06     5.497814835e-06   -9.761111355e-06  
36  27  4.735159837e-06   4.735030419e-06   -2.733109429e-05  
36  28  4.064265264e-06   4.064056001e-06   -5.148849065e-05  
36  29  3.476894517e-06   3.476668046e-06   -6.513597904e-05  
36  30  2.965040576e-06   2.964787695e-06   -8.528753694e-05  
36  31  2.520868372e-06   2.520628261e-06   -9.524929743e-05  
36  32  2.137009723e-06   2.136803708e-06   -9.640336762e-05  
36  33  1.806582564e-06   1.806403204e-06   -9.928117291e-05  
36  34  1.523183817e-06   1.52303701e-06    -9.638144264e-05  
36  35  1.280970816e-06   1.280858789e-06   -8.745427176e-05  
36  36  1.074635448e-06   1.074569098e-06   -6.174225465e-05  
37  1   3.608215845e-05   3.608389988e-05   4.826287648e-05   
37  2   3.570870488e-05   3.571020405e-05   4.198330737e-05   
37  3   3.509570312e-05   3.509696695e-05   3.601084418e-05   
37  4   3.425717537e-05   3.425814065e-05   2.817747911e-05   
37  5   3.321167023e-05   3.321242406e-05   2.26980319e-05    
37  6   3.19820895e-05    3.198249526e-05   1.268731329e-05   
37  7   3.059398987e-05   3.059411229e-05   4.001633819e-06   
37  8   2.907522249e-05   2.907513688e-05   -2.94452162e-06   
37  9   2.745458602e-05   2.745453683e-05   -1.791672418e-06  
37  10  2.576152506e-05   2.576141983e-05   -4.084824427e-06  
37  11  2.402415739e-05   2.402414452e-05   -5.355493899e-07  
37  12  2.226955812e-05   2.22695455e-05    -5.665627808e-07  
37  13  2.052239833e-05   2.052229767e-05   -4.904923348e-06  
37  14  1.880464431e-05   1.880443416e-05   -1.117547476e-05  
37  15  1.713520366e-05   1.713502116e-05   -1.065082447e-05  
37  16  1.553018817e-05   1.552998361e-05   -1.317199291e-05  
37  17  1.400227733e-05   1.400206807e-05   -1.494481292e-05  
37  18  1.256102202e-05   1.256092386e-05   -7.814464865e-06  
37  19  1.121334001e-05   1.121328024e-05   -5.329888168e-06  
37  20  9.963186822e-06   9.963196214e-06   9.426208173e-07   
37  21  8.812266377e-06   8.812360018e-06   1.062622629e-05   
37  22  7.760335811e-06   7.760417124e-06   1.047813047e-05   
37  23  6.805307802e-06   6.805308202e-06   5.867603841e-08   
37  24  5.943613221e-06   5.943601725e-06   -1.934214348e-06  
37  25  5.170852706e-06   5.170809247e-06   -8.40451508e-06   
37  26  4.48175975e-06    4.481674671e-06   -1.89833591e-05   
37  27  3.870589916e-06   3.870431859e-06   -4.083551987e-05  
37  28  3.33121403e-06    3.3310276e-06     -5.596460726e-05  
37  29  2.857537037e-06   2.857309083e-06   -7.977276446e-05  
37  30  2.443410442e-06   2.443176769e-06   -9.563375944e-05  
37  31  2.082945266e-06   2.082704795e-06   -0.000115447967   
37  32  1.770450769e-06   1.770231886e-06   -0.0001236310843  
37  33  1.500610739e-06   1.500426261e-06   -0.0001229353671  
37  34  1.2684636e-06     1.268328189e-06   -0.0001067523238  
37  35  1.069461656e-06   1.069373904e-06   -8.205221962e-05  
38  1   2.801585145e-05   2.801717634e-05   4.72906679e-05    
38  2   2.773385346e-05   2.773502407e-05   4.220863605e-05   
38  3   2.727077689e-05   2.727179172e-05   3.721298223e-05   
38  4   2.663695566e-05   2.663770562e-05   2.815463888e-05   
38  5   2.584591957e-05   2.584649121e-05   2.211702935e-05   
38  6   2.491450749e-05   2.491482712e-05   1.282920529e-05   
38  7   2.386160928e-05   2.38617034e-05    3.944330657e-06   
38  8   2.270775486e-05   2.270772174e-05   -1.458468999e-06  
38  9   2.147446351e-05   2.147437645e-05   -4.054232436e-06  
38  10  2.018346438e-05   2.018335331e-05   -5.502939933e-06  
38  11  1.88559288e-05    1.885587906e-05   -2.638184624e-06  
38  12  1.751226714e-05   1.751214796e-05   -6.805937924e-06  
38  13  1.617098226e-05   1.617084476e-05   -8.502385023e-06  
38  14  1.484898688e-05   1.484877532e-05   -1.424691424e-05  
38  15  1.356074963e-05   1.356060863e-05   -1.039793027e-05  
38  16  1.231884046e-05   1.23187275e-05    -9.169484104e-06  
38  17  1.113329576e-05   1.113317946e-05   -1.044548914e-05  
38  18  1.001175345e-05   1.001171541e-05   -3.800044631e-06  
38  19  8.959933431e-06   8.95990087e-06    -3.634094398e-06  
38  20  7.981275472e-06   7.981283835e-06   1.04783988e-06    
38  21  7.077545208e-06   7.077602609e-06   8.110290973e-06   
38  22  6.248973954e-06   6.249018572e-06   7.13997796e-06    
38  23  5.494358143e-06   5.494360097e-06   3.556558502e-07   
38  24  4.81136963e-06    4.811366094e-06   -7.349180371e-07  
38  25  4.196947846e-06   4.196919914e-06   -6.655486592e-06  
38  26  3.647334707e-06   3.647266682e-06   -1.865070079e-05  
38  27  3.158334441e-06   3.158209292e-06   -3.962510433e-05  
38  28  2.725452367e-06   2.725280238e-06   -6.315626065e-05  
38  29  2.344101953e-06   2.343888121e-06   -9.12213498e-05   
38  30  2.009646456e-06   2.009438971e-06   -0.0001032441849  
38  31  1.717638767e-06   1.717433547e-06   -0.0001194784828  
38  32  1.463731337e-06   1.463542479e-06   -0.0001290246916  
38  33  1.243814991e-06   1.243661593e-06   -0.0001233283769  
38  34  1.054065013e-06   1.053949946e-06   -0.0001091648527  
39  1   2.176005157e-05   2.176089139e-05   3.859466478e-05   
39  2   2.154685733e-05   2.154762697e-05   3.571920185e-05   
39  3   2.119669636e-05   2.119733762e-05   3.025303189e-05   
39  4   2.071700364e-05   2.071753313e-05   2.555829956e-05   
39  5   2.011801079e-05   2.011830661e-05   1.470429907e-05   
39  6   1.94117845e-05    1.941194516e-05   8.276406706e-06   
39  7   1.861239385e-05   1.861247076e-05   4.132280987e-06   
39  8   1.773515248e-05   1.773513755e-05   -8.418405179e-07  
39  9   1.679597702e-05   1.679591269e-05   -3.830004359e-06  
39  10  1.581109856e-05   1.581096689e-05   -8.327436583e-06  
39  11  1.479629568e-05   1.4796198e-05     -6.601302664e-06  
39  12  1.376697844e-05   1.376680693e-05   -1.245812124e-05  
39  13  1.273712618e-05   1.273694011e-05   -1.460871583e-05  
39  14  1.171965173e-05   1.171940758e-05   -2.083230727e-05  
39  15  1.072569016e-05   1.072548025e-05   -1.956999169e-05  
39  16  9.764931008e-06   9.764765283e-06   -1.697144115e-05  
39  17  8.845263205e-06   8.845154593e-06   -1.227906386e-05  
39  18  7.972892842e-06   7.972838293e-06   -6.841801667e-06  
39  19  7.152367343e-06   7.15237288e-06    7.74071991e-07    
39  20  6.386779438e-06   6.386792929e-06   2.11237336e-06    
39  21  5.677748112e-06   5.677754773e-06   1.173122018e-06   
39  22  5.02569007e-06    5.025701123e-06   2.19932923e-06    
39  23  4.430037356e-06   4.430036637e-06   -1.621253471e-07  
39  24  3.889303749e-06   3.889305761e-06   5.173387735e-07   
39  25  3.401404249e-06   3.40136576e-06    -1.131579117e-05  
39  26  2.963622165e-06   2.963549466e-06   -2.453035624e-05  
39  27  2.572944875e-06   2.572813825e-06   -5.093396567e-05  
39  28  2.226025941e-06   2.225871727e-06   -6.927780217e-05  
39  29  1.919498332e-06   1.919305881e-06   -0.0001002612921  
39  30  1.64988725e-06    1.649664454e-06   -0.0001350366544  
39  31  1.413748516e-06   1.413539037e-06   -0.0001481727638  
39  32  1.207794539e-06   1.207626049e-06   -0.0001395025789  
39  33  1.028913364e-06   1.028773122e-06   -0.0001363007442  
40  1   1.69062934e-05    1.690687978e-05   3.468396229e-05   
40  2   1.674503815e-05   1.674551874e-05   2.870015498e-05   
40  3   1.64800351e-05    1.648037007e-05   2.032585873e-05   
40  4   1.61166814e-05    1.61169586e-05    1.71996133e-05    
40  5   1.566260043e-05   1.566271921e-05   7.583688575e-06   
40  6   1.512668322e-05   1.512671838e-05   2.324606813e-06   
40  7   1.451935834e-05   1.451932503e-05   -2.294276057e-06  
40  8   1.385196029e-05   1.385184857e-05   -8.064740315e-06  
40  9   1.313627359e-05   1.31361635e-05    -8.380689228e-06  
40  10  1.2384485e-05     1.238433863e-05   -1.181851511e-05  
40  11  1.160844515e-05   1.160828803e-05   -1.353485935e-05  
40  12  1.08196445e-05    1.081945731e-05   -1.730086507e-05  
40  13  1.002878378e-05   1.002855607e-05   -2.270530593e-05  
40  14  9.245584949e-06   9.245343379e-06   -2.612810607e-05  
40  15  8.478661685e-06   8.478469557e-06   -2.266012532e-05  
40  16  7.735511172e-06   7.735374175e-06   -1.771009498e-05  
40  17  7.022277782e-06   7.022237287e-06   -5.766769219e-06  
40  18  6.34402144e-06    6.343978626e-06   -6.748773967e-06  
40  19  5.70429667e-06    5.704297902e-06   2.159414497e-07   
40  20  5.105786167e-06   5.105748406e-06   -7.395672208e-06  
40  21  4.549901315e-06   4.54983581e-06    -1.439705039e-05  
40  22  4.037170575e-06   4.03713424e-06    -9.000171154e-06  
40  23  3.567403095e-06   3.567412302e-06   2.580666794e-06   
40  24  3.139736047e-06   3.13976262e-06    8.463170803e-06   
40  25  2.752769234e-06   2.752729494e-06   -1.443631098e-05  
40  26  2.404509917e-06   2.404430412e-06   -3.30651108e-05   
40  27  2.092779282e-06   2.09266824e-06    -5.305929823e-05  
40  28  1.815170898e-06   1.815031977e-06   -7.65335338e-05   
40  29  1.569151473e-06   1.568984828e-06   -0.0001062005679  
40  30  1.352141448e-06   1.351939169e-06   -0.0001495989922  
40  31  1.161520984e-06   1.161318561e-06   -0.0001742741526  
41  1   1.313899927e-05   1.313948237e-05   3.676796637e-05   
41  2   1.301690343e-05   1.301727368e-05   2.844422227e-05   
41  3   1.281620396e-05   1.281638058e-05   1.378049094e-05   
41  4   1.254073423e-05   1.254087457e-05   1.119132942e-05   
41  5   1.219618337e-05   1.219624138e-05   4.756049816e-06   
41  6   1.178923583e-05   1.178918134e-05   -4.621715413e-06  
41  7   1.13274789e-05    1.132737286e-05   -9.361403641e-06  
41  8   1.081937988e-05   1.081921132e-05   -1.558012682e-05  
41  9   1.027370465e-05   1.027353707e-05   -1.631135012e-05  
41  10  9.6995699e-06     9.699365385e-06   -2.108497066e-05  
41  11  9.105880871e-06   9.105630375e-06   -2.75092883e-05   
41  12  8.501205397e-06   8.500952981e-06   -2.96916815e-05   
41  13  7.893656798e-06   7.89344091e-06    -2.734950495e-05  
41  14  7.290737803e-06   7.290525819e-06   -2.907582985e-05  
41  15  6.698955856e-06   6.698840561e-06   -1.72107784e-05   
41  16  6.12421518e-06    6.124136858e-06   -1.278884833e-05  
41  17  5.571294894e-06   5.571241714e-06   -9.545326048e-06  
41  18  5.044123446e-06   5.044049191e-06   -1.47211652e-05   
41  19  4.545584712e-06   4.545542927e-06   -9.192523585e-06  
41  20  4.077910822e-06   4.077844038e-06   -1.637710504e-05  
41  21  3.642362599e-06   3.642278685e-06   -2.303840624e-05  
41  22  3.239520181e-06   3.239459637e-06   -1.868905926e-05  
41  23  2.869387167e-06   2.869376505e-06   -3.715579153e-06  
41  24  2.531482535e-06   2.531489866e-06   2.895689641e-06   
41  25  2.224852724e-06   2.224825213e-06   -1.236527782e-05  
41  26  1.948127777e-06   1.948063435e-06   -3.302768577e-05  
41  27  1.699706983e-06   1.699625294e-06   -4.806012698e-05  
41  28  1.477865972e-06   1.477748142e-06   -7.972980609e-05  
41  29  1.280706028e-06   1.280553762e-06   -0.0001188917974  
41  30  1.106293008e-06   1.106106823e-06   -0.0001682968468  
42  1   1.021392821e-05   1.02144516e-05    5.124252846e-05   
42  2   1.012141576e-05   1.012180961e-05   3.891234286e-05   
42  3   9.969297614e-06   9.969462653e-06   1.655474152e-05   
42  4   9.760315982e-06   9.76041613e-06    1.02607455e-05    
42  5   9.498702648e-06   9.498723914e-06   2.238870634e-06   
42  6   9.189465624e-06   9.189345007e-06   -1.312561856e-05  
42  7   8.838149259e-06   8.837973108e-06   -1.993077213e-05  
42  8   8.451058185e-06   8.450847982e-06   -2.487296045e-05  
42  9   8.034784095e-06   8.034558023e-06   -2.813663351e-05  
42  10  7.596060965e-06   7.595843282e-06   -2.865728565e-05  
42  11  7.141639789e-06   7.141407488e-06   -3.252770585e-05  
42  12  6.677964823e-06   6.677746407e-06   -3.270696528e-05  
42  13  6.211166239e-06   6.210998337e-06   -2.703224048e-05  
42  14  5.746947333e-06   5.746820809e-06   -2.201577494e-05  
42  15  5.29036843e-06    5.290295777e-06   -1.373307568e-05  
42  16  4.845925536e-06   4.845863898e-06   -1.271941709e-05  
42  17  4.417342156e-06   4.417286985e-06   -1.248957054e-05  
42  18  4.007706951e-06   4.007636485e-06   -1.758255863e-05  
42  19  3.619359547e-06   3.619304909e-06   -1.509591495e-05  
42  20  3.254074569e-06   3.254036508e-06   -1.169646617e-05  
42  21  2.913029248e-06   2.912973186e-06   -1.924503815e-05  
42  22  2.59673425e-06    2.596711624e-06   -8.71346179e-06   
42  23  2.305361452e-06   2.305367702e-06   2.711226986e-06   
42  24  2.038649468e-06   2.038644751e-06   -2.313727091e-06  
42  25  1.795922801e-06   1.795902528e-06   -1.12882312e-05   
42  26  1.576253493e-06   1.576224422e-06   -1.844308416e-05  
42  27  1.378526902e-06   1.378480889e-06   -3.337805526e-05  
42  28  1.201461549e-06   1.201387679e-06   -6.148285255e-05  
42  29  1.043667219e-06   1.043557896e-06   -0.0001047495104  
43  1   7.942240759e-06   7.94270203e-06    5.80781291e-05    
43  2   7.872095783e-06   7.872411485e-06   4.010398012e-05   
43  3   7.756624031e-06   7.756779704e-06   2.006968113e-05   
43  4   7.597980441e-06   7.598028571e-06   6.334527295e-06   
43  5   7.399204676e-06   7.399158311e-06   -6.266291158e-06  
43  6   7.16397477e-06    7.163844288e-06   -1.821362275e-05  
43  7   6.896516701e-06   6.896313992e-06   -2.939290176e-05  
43  8   6.601411221e-06   6.601210466e-06   -3.041098333e-05  
43  9   6.283683017e-06   6.283448796e-06   -3.727439279e-05  
43  10  5.948250327e-06   5.948072249e-06   -2.993787715e-05  
43  11  5.600231855e-06   5.600114167e-06   -2.101497824e-05  
43  12  5.244577083e-06   5.244470947e-06   -2.023735679e-05  
43  13  4.885863999e-06   4.885790377e-06   -1.506842898e-05  
43  14  4.52843828e-06    4.528378411e-06   -1.32207536e-05   
43  15  4.17616585e-06    4.176126229e-06   -9.487495479e-06  
43  16  3.832514364e-06   3.832458218e-06   -1.465008279e-05  
43  17  3.500342156e-06   3.500300439e-06   -1.191793452e-05  
43  18  3.182112759e-06   3.182068232e-06   -1.399321296e-05  
43  19  2.879685607e-06   2.879670899e-06   -5.107445423e-06  
43  20  2.594506333e-06   2.594530948e-06   9.487403271e-06   
43  21  2.327614338e-06   2.32761507e-06    3.144960083e-07   
43  22  2.0794889e-06     2.079473979e-06   -7.175257539e-06  
43  23  1.850300314e-06   1.850288303e-06   -6.491285895e-06  
43  24  1.639960866e-06   1.639917951e-06   -2.616832482e-05  
43  25  1.447991295e-06   1.447952652e-06   -2.668754756e-05  
43  26  1.273782896e-06   1.273761759e-06   -1.659390811e-05  
43  27  1.116565055e-06   1.116541759e-06   -2.086330036e-05  
44  1   6.177526492e-06   6.177783561e-06   4.161347859e-05   
44  2   6.124263539e-06   6.124406914e-06   2.341090577e-05   
44  3   6.036527236e-06   6.036569788e-06   7.049039624e-06   
44  4   5.915950652e-06   5.915917249e-06   -5.646270028e-06  
44  5   5.764786277e-06   5.764672885e-06   -1.966983899e-05  
44  6   5.585741136e-06   5.585564349e-06   -3.16497552e-05   
44  7   5.381909714e-06   5.3817344e-06     -3.257456213e-05  
44  8   5.156855971e-06   5.156641844e-06   -4.152278039e-05  
44  9   4.914149365e-06   4.913957058e-06   -3.913317082e-05  
44  10  4.657609678e-06   4.65745679e-06    -3.282548771e-05  
44  11  4.391003368e-06   4.390922602e-06   -1.839354271e-05  
44  12  4.118113869e-06   4.11804684e-06    -1.62765758e-05   
44  13  3.842378459e-06   3.842349254e-06   -7.60074559e-06   
44  14  3.567134541e-06   3.56710661e-06    -7.82996724e-06   
44  15  3.295331869e-06   3.295296748e-06   -1.065770698e-05  
44  16  3.029606872e-06   3.029557696e-06   -1.623194064e-05  
44  17  2.772214491e-06   2.772161668e-06   -1.905438901e-05  
44  18  2.525052795e-06   2.525003126e-06   -1.967081221e-05  
44  19  2.28961495e-06    2.289599534e-06   -6.732990152e-06  
44  20  2.067091181e-06   2.067103082e-06   5.757408478e-06   
44  21  1.858320291e-06   1.858321407e-06   6.005995713e-07   
44  22  1.663763312e-06   1.663745266e-06   -1.084676645e-05  
44  23  1.483612149e-06   1.483581135e-06   -2.090490116e-05  
44  24  1.31784216e-06    1.31778684e-06    -4.1978329e-05    
44  25  1.166163942e-06   1.166108513e-06   -4.753032896e-05  
44  26  1.028144332e-06   1.028117424e-06   -2.617140758e-05  
45  1   4.806129114e-06   4.806217702e-06   1.843244404e-05   
45  2   4.765658253e-06   4.765652432e-06   -1.221537099e-06  
45  3   4.69893281e-06    4.69887643e-06    -1.199838818e-05  
45  4   4.607214956e-06   4.607109407e-06   -2.290946235e-05  
45  5   4.492156699e-06   4.492001593e-06   -3.452820245e-05  
45  6   4.355783671e-06   4.355579904e-06   -4.678079182e-05  
45  7   4.200353058e-06   4.200183491e-06   -4.036988192e-05  
45  8   4.028586893e-06   4.028391766e-06   -4.843571996e-05  
45  9   3.84312361e-06    3.842948234e-06   -4.563371632e-05  
45  10  3.646776707e-06   3.646683461e-06   -2.556939792e-05  
45  11  3.442483215e-06   3.44244034e-06    -1.245489226e-05  
45  12  3.233061676e-06   3.233004438e-06   -1.770390065e-05  
45  13  3.021038416e-06   3.021041759e-06   1.106310215e-06   
45  14  2.80899754e-06    2.809045647e-06   1.712612946e-05   
45  15  2.599308117e-06   2.599293999e-06   -5.431718058e-06  
45  16  2.393862064e-06   2.393817302e-06   -1.869877731e-05  
45  17  2.194440415e-06   2.194377497e-06   -2.867148893e-05  
45  18  2.002502173e-06   2.002457157e-06   -2.247975416e-05  
45  19  1.81930454e-06    1.819258095e-06   -2.552893456e-05  
45  20  1.645717045e-06   1.645708204e-06   -5.372343067e-06  
45  21  1.482476644e-06   1.48247518e-06    -9.874536272e-07  
45  22  1.330003108e-06   1.329985653e-06   -1.312376874e-05  
45  23  1.188500509e-06   1.188448278e-06   -4.394676641e-05  
45  24  1.057968204e-06   1.057879397e-06   -8.394123308e-05  
46  1   3.740066292e-06   3.740037549e-06   -7.685272206e-06  
46  2   3.709242385e-06   3.70918503e-06    -1.546267949e-05  
46  3   3.658476974e-06   3.65838206e-06    -2.594335572e-05  
46  4   3.588655083e-06   3.588534196e-06   -3.368603124e-05  
46  5   3.501025857e-06   3.500867739e-06   -4.516317587e-05  
46  6   3.397091583e-06   3.396890745e-06   -5.912054396e-05  
46  7   3.278544363e-06   3.278346237e-06   -6.043082401e-05  
46  8   3.147347994e-06   3.147159834e-06   -5.978373623e-05  
46  9   3.005552825e-06   3.005384127e-06   -5.612887968e-05  
46  10  2.855258685e-06   2.85514222e-06    -4.078964789e-05  
46  11  2.698621859e-06   2.698572672e-06   -1.822668355e-05  
46  12  2.53781062e-06    2.537777889e-06   -1.289714893e-05  
46  13  2.374769781e-06   2.374777657e-06   3.316301019e-06   
46  14  2.211450282e-06   2.211469136e-06   8.525808648e-06   
46  15  2.04962375e-06    2.049594198e-06   -1.441828276e-05  
46  16  1.890759291e-06   1.890714554e-06   -2.366094557e-05  
46  17  1.736251587e-06   1.736194762e-06   -3.27287031e-05   
46  18  1.587232556e-06   1.587192788e-06   -2.505509288e-05  
46  19  1.44470715e-06    1.444657565e-06   -3.432140239e-05  
46  20  1.30936317e-06    1.309332729e-06   -2.324806477e-05  
46  21  1.181785076e-06   1.18176558e-06    -1.649672466e-05  
46  22  1.062345808e-06   1.062320244e-06   -2.406369391e-05  
47  1   2.911125623e-06   2.91102536e-06    -3.444133074e-05  
47  2   2.887654719e-06   2.887542796e-06   -3.875903804e-05  
47  3   2.849001422e-06   2.848864251e-06   -4.814731589e-05  
47  4   2.79582085e-06    2.795662907e-06   -5.649256671e-05  
47  5   2.7290235e-06     2.728851175e-06   -6.314522386e-05  
47  6   2.649782609e-06   2.649552393e-06   -8.688092295e-05  
47  7   2.559301498e-06   2.559066815e-06   -9.169809175e-05  
47  8   2.459059374e-06   2.458833426e-06   -9.188385701e-05  
47  9   2.350568592e-06   2.350389285e-06   -7.628220074e-05  
47  10  2.235453421e-06   2.235328081e-06   -5.606897614e-05  
47  11  2.115307266e-06   2.115259537e-06   -2.256360478e-05  
47  12  1.991786757e-06   1.991771153e-06   -7.834261143e-06  
47  13  1.866404518e-06   1.866393515e-06   -5.895287784e-06  
47  14  1.740596254e-06   1.74057017e-06    -1.498561972e-05  
47  15  1.615689946e-06   1.615632731e-06   -3.541172586e-05  
47  16  1.49284934e-06    1.492781612e-06   -4.536825845e-05  
47  17  1.373122955e-06   1.373072464e-06   -3.677085801e-05  
47  18  1.25744933e-06    1.257408174e-06   -3.272917655e-05  
47  19  1.146580127e-06   1.146536035e-06   -3.8455441e-05    
47  20  1.041080847e-06   1.041049534e-06   -3.007737537e-05  
48  1   2.266399231e-06   2.266258837e-06   -6.194569147e-05  
48  2   2.248531849e-06   2.248373157e-06   -7.057554291e-05  
48  3   2.219070273e-06   2.218905179e-06   -7.439790993e-05  
48  4   2.178564435e-06   2.178355957e-06   -9.569520258e-05  
48  5   2.127598092e-06   2.127405162e-06   -9.067936295e-05  
48  6   2.067107772e-06   2.06689051e-06    -0.0001051047519  
48  7   1.998024757e-06   1.997782983e-06   -0.0001210063656  
48  8   1.921399968e-06   1.921158967e-06   -0.0001254300038  
48  9   1.838363678e-06   1.838170471e-06   -0.0001050974754  
48  10  1.750138469e-06   1.750014679e-06   -7.073114854e-05  
48  11  1.657976609e-06   1.657903999e-06   -4.379407362e-05  
48  12  1.563082054e-06   1.563037676e-06   -2.839135072e-05  
48  13  1.466620301e-06   1.466575892e-06   -3.027974692e-05  
48  14  1.369663975e-06   1.369617096e-06   -3.42266298e-05   
48  15  1.273232156e-06   1.273179059e-06   -4.170270976e-05  
48  16  1.178227691e-06   1.178183988e-06   -3.70920271e-05   
48  17  1.085463932e-06   1.085447792e-06   -1.486942148e-05  
49  1   1.764821443e-06   1.764666992e-06   -8.751640311e-05  
49  2   1.751222187e-06   1.751035051e-06   -0.0001068598875  
49  3   1.728770428e-06   1.728569484e-06   -0.0001162356218  
49  4   1.697851383e-06   1.697643669e-06   -0.0001223390811  
49  5   1.658999304e-06   1.658764484e-06   -0.0001415429119  
49  6   1.612803859e-06   1.612557322e-06   -0.0001528625588  
49  7   1.559992314e-06   1.559748022e-06   -0.0001565984049  
49  8   1.501365678e-06   1.501142491e-06   -0.0001486555392  
49  9   1.437779654e-06   1.437604879e-06   -0.0001215589526  
49  10  1.370158978e-06   1.370035177e-06   -9.035582541e-05  
49  11  1.299433063e-06   1.299347092e-06   -6.616031337e-05  
49  12  1.226528656e-06   1.226446985e-06   -6.658666945e-05  
49  13  1.152295558e-06   1.152214526e-06   -7.032176775e-05  
49  14  1.077547773e-06   1.077485635e-06   -5.76657038e-05   
49  15  1.003084576e-06   1.003038088e-06   -4.634453554e-05  
50  1   1.374508996e-06   1.374365363e-06   -0.0001044974615  
50  2   1.364121438e-06   1.363968789e-06   -0.0001119031579  
50  3   1.346998342e-06   1.346830807e-06   -0.0001243761128  
50  4   1.323433684e-06   1.323229971e-06   -0.0001539277142  
50  5   1.293774857e-06   1.293544705e-06   -0.000177891789   
50  6   1.258454764e-06   1.258242384e-06   -0.0001687625838  
50  7   1.218078054e-06   1.217866127e-06   -0.0001739846829  
50  8   1.173224213e-06   1.173019878e-06   -0.0001741651724  
50  9   1.124520734e-06   1.124352387e-06   -0.0001497059968  
50  10  1.072666172e-06   1.072540711e-06   -0.0001169616104  
50  11  1.018378922e-06   1.018273862e-06   -0.0001031639928  
51  1   1.070704367e-06   1.070593227e-06   -0.0001038007645  
51  2   1.062781203e-06   1.062659232e-06   -0.0001147656123  
51  3   1.049715895e-06   1.04957747e-06    -0.0001318686934  
51  4   1.031728815e-06   1.031555973e-06   -0.0001675263823  
51  5   1.009069946e-06   1.008877567e-06   -0.0001906498634  
end{disp_deviation_11}
begin{disp_ACL}
 A = 2.000182427 k = 0.7118423612 b = 0.999720721 K0= 1.859809813 K1= 1.848423265
0                 0                 1.979070272e-72   4.164757163       
0.01745329252     -4.527839539e-72  0.0668776811      4.165391572       
0.03490658504     0.02068580597     2.794531168e-71   4.164732784       
0.05235987756     0.03102779406     2.002161308e-71   4.164702425       
0.06981317008     0.04136868958     1.557378898e-72   4.164660134       
0.0872664626      0.05170813719     9.33882481e-72    4.16460612        
0.1047197551      0.06204578902     4.66964613e-72    4.164540652       
0.1221730476      0.07238130648     1.415978172e-72   4.164464054       
0.1396263402      0.08271436203     2.830414215e-72   4.164376707       
0.1570796327      0.09304464078     5.943034523e-72   4.164279044       
0.1745329252      0.1033718421      1.415979543e-72   4.164171547       
0.1919862177      0.1136956812      3.396309048e-72   4.164054749       
0.2094395102      0.1240158905      1.13324815e-72    4.163929227       
0.2268928028      0.1343322208      1.075375467e-71   4.163795601       
0.2443460953      0.1446444426      3.509079806e-71   4.163654531       
0.2617993878      0.1549523475      3.565677737e-71   4.163506712       
0.2792526803      0.1652557486      1.754546159e-71   4.16335287        
0.2967059728      0.1755544816      9.621811175e-72   4.163193763       
0.3141592654      0.1858484058      1.133253419e-72   4.163030173       
0.3316125579      0.1961374044      7.923904228e-72   4.1628629         
0.3490658504      0.2064213849      5.41720963e-74    4.162692766       
0.3665191429      0.2167002799      6.791975517e-72   4.162520601       
0.3839724354      0.2269740468      2.830418978e-72   4.162347246       
0.401425728       0.2372426683      1.41496025e-71    4.162173548       
0.4188790205      0.247506152       1.075375578e-71   4.162000353       
0.436332313       0.2577645306      5.685766469e-73   4.161828503       
0.4537856055      0.2680178615      6.226016149e-72   4.161658832       
0.471238898       0.2782662264      1.358362723e-71   4.161492165       
0.4886921906      0.2885097307      1.584753155e-71   4.161329309       
0.5061454831      0.2987485031      1.131972937e-71   4.161171051       
0.5235987756      0.3089826946      1.867741726e-71   4.161018156       
0.5410520681      0.3192124782      5.66006081e-72    4.160871363       
0.5585053606      0.3294380474      1.35836276e-71    4.160731379       
0.5759586532      0.3396596156      3.396315813e-72   4.160598878       
0.5934119457      0.3498774149      2.26457432e-72    4.160474498       
0.6108652382      0.360091695       1.358362778e-71   4.160358835       
0.6283185307      0.3703027219      2.264574973e-72   4.160252447       
0.6457718232      0.3805107766      1.245167793e-71   4.160155842       
0.6632251158      0.390716154       1.131973002e-71   4.160069484       
0.6806784083      0.4009191613      4.528167557e-72   4.159993787       
0.6981317008      0.4111201165      5.451048513e-74   4.159929112       
0.7155849933      0.421319347       7.923906736e-72   4.159875769       
0.7330382858      0.4315171883      3.396317313e-72   4.159834014       
0.7504915784      0.4417139821      1.133272359e-72   4.159804045       
0.7679448709      0.4519100749      5.45279707e-74    4.159786007       
0.7853981634      0.4621058163      1.133272501e-72   4.159779984       
0.8028514559      0.4723015577      5.45279707e-74    4.159786007       
0.8203047484      0.4824976505      5.660062065e-72   4.159804045       
0.837758041       0.4926944443      5.452210525e-74   4.159834014       
0.8552113335      0.5028922856      7.923906736e-72   4.159875769       
0.872664626       0.5130915161      3.848667469e-71   4.159929112       
0.8901179185      0.5232924713      5.450258155e-74   4.159993787       
0.907571211       0.5334954786      1.92433952e-71    4.160069484       
0.9250245036      0.543700856       1.697948568e-71   4.160155842       
0.9424777961      0.5539089108      5.447096466e-74   4.160252447       
0.9599310886      0.5641199376      1.018778451e-71   4.160358835       
0.9773843811      0.5743342177      2.263926316e-71   4.160474498       
0.9948376736      0.584552017       2.264573955e-72   4.160598878       
1.012290966       0.5947735852      5.660060974e-72   4.160731379       
1.029744259       0.6049991544      1.811143984e-71   4.160871363       
1.047197551       0.615228938       5.094109717e-72   4.161018156       
1.064650844       0.6254631295      9.055842227e-72   4.161171051       
1.082104136       0.6357019019      5.09410931e-72    4.161329309       
1.099557429       0.6459454062      2.377121964e-71   4.161492165       
1.117010721       0.6561937711      1.697948509e-71   4.161658832       
1.134464014       0.666447102       1.301765183e-71   4.161828503       
1.151917306       0.6767054806      1.018778344e-71   4.162000353       
1.169370599       0.6869689643      4.528164354e-72   4.162173548       
1.186823891       0.6972375858      1.133257425e-72   4.162347246       
1.204277184       0.7075113527      7.923904515e-72   4.162520601       
1.221730476       0.7177902477      1.924339429e-71   4.162692766       
1.239183769       0.7280742282      1.131972837e-71   4.1628629         
1.256637061       0.7383632268      6.226014685e-72   4.163030173       
1.274090354       0.748657151       1.641350752e-71   4.163193763       
1.291543646       0.758955884       4.188255067e-71   4.16335287        
1.308996939       0.7692592851      3.961863287e-71   4.163506712       
1.326450232       0.77956719        2.773306986e-71   4.163654531       
1.343903524       0.7898794118      1.245167599e-71   4.163795601       
1.361356817       0.8001957421      4.245193287e-72   4.163929227       
1.378810109       0.8105159514      2.716709091e-71   4.164054749       
1.396263402       0.8208397905      2.63181227e-71    4.164171547       
1.413716694       0.8311669918      1.980937152e-71   4.164279044       
1.431169987       0.8414972706      1.133245529e-72   4.164376707       
1.448623279       0.8518303261      3.679265254e-72   4.164464054       
1.466076572       0.8621658436      1.598902438e-71   4.164540652       
1.483529864       0.8725034954      1.301765042e-71   4.16460612        
1.500983157       0.882842943       2.546915451e-71   4.164660134       
1.518436449       0.8931838385      3.098744877e-71   4.164702425       
1.535889742       0.9035258266      3.098744876e-71   4.164732784       
1.553343034       0.9138685463      9.727929691e-72   4.164751061       
end{disp_ACL}
