CN = 4
DataFile: ./Data/4/2/NX512_NP128
C_max = 1E-2
C_min = 1E-5
annule.size = 2508
lattice.size = 4272
begin{loop}
Loop; A; k; b; X; Lambda
0 2 0.8 1 2052006.523 100 
1 1.967406432 0.7994359842 0.9961888253 1240443.023 10 
2 1.885231063 0.7978997019 0.9858028775 117523.1184 1 
3 1.890416191 0.7968535637 0.9790516137 6634.755281 0.1 
4 1.984182076 0.7958904794 0.9734041555 374.1039665 0.01 
5 2.013864027 0.7956269069 0.9720313085 4.017212789 0.001 
6 2.014479732 0.7955022167 0.9728491529 3.231181917 0.0001 
8 2.014095659 0.7953875712 0.9736850288 3.097935146 0.0001 
10 2.013718893 0.7952757693 0.974498971 2.971273883 0.0001 
12 2.013351644 0.7951667338 0.9752914026 2.850914657 0.0001 
14 2.01299371 0.7950604074 0.976062846 2.736565076 0.0001 
15 2.010177064 0.7942235113 0.9821294798 2.700129452 1e-05 
17 2.007952843 0.7935581651 0.9868511124 1.730162334 1e-05 
19 2.006207655 0.793034689 0.9905348258 1.2438463 1e-05 
21 2.004843193 0.7926245535 0.9934020503 0.987949064 1e-05 
23 2.00377943 0.7923042809 0.9956296594 0.8481938447 1e-05 
25 2.002951945 0.7920548296 0.9973578353 0.7695448249 1e-05 
27 2.002309378 0.7918609322 0.9986970332 0.7243081547 1e-05 
29 2.001811079 0.7917104542 0.9997338866 0.6979048605 1e-05 
30 2.000539839 0.7913264598 1.002377594 0.6919839477 1e-06 
31 2.000123723 0.7912001922 1.003234751 0.6599270777 1e-07 
32 2.000109964 0.7911959914 1.003262665 0.6595870622 1e-08 
33 2.000109917 0.7911959777 1.003262758 0.6595870618 1e-09 
34 2.000109917 0.7911959777 1.003262758 0.6595870618 1e-10 
end{loop}
begin{disp_deviation_34}
0 0 1 1.970294733 0.9702947327
0 1 1.109456326 1.106176951 -0.002955839712
0 2 0.731837131 0.7317154178 -0.0001663118716
0 3 0.5262606899 nan -nan
0 4 0.3956042318 0.3958699309 0.000671628414
0 5 0.305034173 0.3052492083 0.0007049547655
0 6 0.2390455759 0.2392126126 0.0006987648438
0 7 0.18946078 0.1895889493 0.0006764951936
0 8 0.1514220998 0.1515201793 0.0006477223254
0 9 0.1218052545 0.1218802802 0.0006159485471
0 10 0.09848800596 0.09854522812 0.0005810062928
0 11 0.07997076517 0.08001456953 0.0005477546721
0 12 0.06516394196 0.06519730325 0.0005119593091
0 13 0.05325693214 0.05328241843 0.0004785533593
0 14 0.04363710183 0.04365649449 0.0004444076678
0 15 0.03583440024 0.03584907817 0.00040960462
0 16 0.02948421233 0.02949526562 0.0003748884268
0 17 0.02430096213 0.02430937153 0.0003460517664
0 18 0.02005965035 0.02006598252 0.0003156666275
0 19 0.01658138703 0.0165860672 0.0002822543055
0 20 0.01372319747 0.01372663193 0.0002502664951
0 21 0.0113704541 0.01137291346 0.0002162945884
0 22 0.009430687921 0.009432418699 0.000183526156
0 23 0.007829168323 0.007830329516 0.0001483162739
0 24 0.006505179371 0.006505929401 0.0001152974508
0 25 0.005409369509 -nan -nan
0 26 0.004501467058 0.004501645208 3.957597156e-05
0 27 0.003748500701 0.00374847598 -6.594928728e-06
0 28 0.003123457778 0.003123284281 -5.554630093e-05
0 29 0.002604151033 0.002603892568 -9.925111319e-05
0 30 0.002172348372 0.002172064183 -0.0001308208914
0 31 0.001813055729 0.001812780303 -0.0001519123844
0 32 0.001513910468 0.00151365501 -0.0001687406457
0 33 0.001264686161 0.001264460758 -0.0001782283449
0 34 0.001056923639 0.001056742408 -0.0001714699781
0 35 0.0008836487366 0.0008835025628 -0.0001654207693
0 36 0.0007390705302 0.0007389444901 -0.0001705386396
0 37 0.0006183618576 0.0006182616892 -0.0001619899129
0 38 0.0005175438526 0.0005174653309 -0.0001517198483
0 39 0.0004332980411 0.0004332425276 -0.0001281183728
0 40 0.0003628755518 0.0003628397502 -9.866072922e-05
0 41 0.0003039856032 0.0003039667995 -6.185706284e-05
0 42 0.0002547254197 0.0002547176081 -3.066653822e-05
0 43 0.0002135034472 0.0002135048456 6.549984689e-06
0 44 0.0001789971569 0.0001790058633 4.863946022e-05
0 45 0.0001501063233 0.0001501179665 7.756623761e-05
0 46 0.0001259115112 1.931497385e-746 -1
0 47 0.0001056416338 0.0001056484935 6.493361759e-05
0 48 8.865247937e-05 8.865847944e-05 6.768078413e-05
0 49 7.441090731e-05 7.441604778e-05 6.90821771e-05
0 50 6.246935811e-05 6.247391857e-05 7.300313022e-05
0 51 5.245413242e-05 5.24582011e-05 7.756658452e-05
0 52 4.405342332e-05 4.405623772e-05 6.388613719e-05
0 53 3.70055814e-05 3.700648434e-05 2.440010736e-05
0 54 3.109006641e-05 3.10900817e-05 4.916905659e-07
0 55 2.612448503e-05 2.612383104e-05 -2.50335892e-05
0 56 2.19554403e-05 2.195433733e-05 -5.023681144e-05
0 57 1.84546012e-05 1.845312355e-05 -8.006971329e-05
0 58 1.55140199e-05 1.551255318e-05 -9.454193349e-05
0 59 1.304265133e-05 1.304242582e-05 -1.728985069e-05
0 60 1.096642906e-05 1.096713356e-05 6.424193615e-05
0 61 9.222022412e-06 9.22328483e-06 0.0001368916764
0 62 7.75519168e-06 7.757718168e-06 0.000325780176
0 63 6.522146608e-06 6.525841327e-06 0.0005664882074
0 64 5.485304495e-06 5.490241943e-06 0.0009001229318
0 65 4.613595407e-06 4.619524995e-06 0.001285242336
0 66 3.880636624e-06 3.887339748e-06 0.001727325771
0 67 3.264010118e-06 nan -nan
0 68 2.745243155e-06 2.753626982e-06 0.003053946747
0 69 2.308363629e-06 2.317927314e-06 0.004143058365
0 70 1.940937697e-06 1.951364484e-06 0.005372035845
0 71 1.63194487e-06 1.642932174e-06 0.006732644295
0 72 1.371893194e-06 1.383382747e-06 0.008374961624
0 73 1.153046092e-06 1.164945029e-06 0.01031956712
1 1 0.8763570552 0.875232848 -0.001282818649
1 2 0.6568586512 0.6567883196 -0.0001070726734
1 3 0.4961719844 0.4963746643 0.0004084871721
1 4 0.3810063016 0.3812364389 0.0006040248599
1 5 0.2969200196 0.297117918 0.0006665041709
1 6 0.2341115727 0.2342697731 0.0006757482649
1 7 0.1862759253 0.1863992032 0.0006618029651
1 8 0.1492791268 0.1493743069 0.000637598218
1 9 0.1203186769 0.120391992 0.0006093404166
1 10 0.09743246451 0.09748866465 0.0005768111961
1 11 0.07920748397 0.07925053171 0.0005434806403
1 12 0.06460358801 0.06463646499 0.000508903421
1 13 0.05284047125 0.05286559835 0.0004755276433
1 14 0.04332431774 0.04334345588 0.0004417410918
1 15 0.0355973348 0.03561187164 0.0004083690074
1 16 0.02930314011 -nan -nan
1 17 0.02416180704 0.02417012466 0.0003442466072
1 18 0.01995204404 0.01995829956 0.000313527744
1 19 0.01649773918 0.01650235528 0.0002798021663
1 20 0.01365786871 0.01366124935 0.0002475236899
1 21 0.01131922195 0.01132163158 0.0002128796641
1 22 0.00939035303 0.009392043379 0.0001800091138
1 23 0.007797300587 0.007798431379 0.0001450235147
1 24 0.006479917099 0.006480649718 0.0001130599996
1 25 0.005389283077 0.005389714121 7.998165963e-05
1 26 0.00448545936 0.004485632908 3.869136743e-05
1 27 0.003735700833 0.003735684456 -4.3837453e-06
1 28 0.003113207726 0.003113042655 -5.302288374e-05
1 29 0.00259592876 0.002595675391 -9.760266811e-05
1 30 0.002165735921 0.002165458468 -0.0001281102486
1 31 0.001807728719 0.001807460404 -0.0001484267542
1 32 0.001509609513 0.001509363385 -0.0001630412756
1 33 0.001261210261 0.001260993163 -0.0001721346469
1 34 0.001054113004 0.001053936454 -0.0001674867798
1 35 0.0008813743667 0.0008812288261 -0.0001651291915
1 36 0.0007372237613 0.0007370995948 -0.0001684245269
1 37 0.000616864793 -2.663284432e-1610 -1
1 38 0.0005163259005 0.0005162462726 -0.0001542203292
1 39 0.0004323049007 0.0004322498943 -0.0001272396847
1 40 0.0003620665803 0.0003620306339 -9.928134233e-05
1 41 0.0003033262032 0.0003033066115 -6.458971548e-05
1 42 0.0002541861971 0.0002541784236 -3.05817055e-05
1 43 0.0002130620248 0.0002130640876 9.68156306e-06
1 44 0.0001786368377 0.0001786452533 4.711018306e-05
1 45 0.0001498124531 0.0001498226875 6.831526669e-05
1 46 0.0001256711963 0.0001256793968 6.52534634e-05
1 47 0.000105443627 0.0001054500529 6.094066665e-05
1 48 8.848993049e-05 8.849562303e-05 6.432973334e-05
1 49 7.427707846e-05 7.428230261e-05 7.033324794e-05
1 50 6.235935791e-05 6.236400839e-05 7.457558103e-05
1 51 5.236400259e-05 5.236782103e-05 7.292113935e-05
1 52 4.39800157e-05 4.398187222e-05 4.221286979e-05
1 53 3.694449272e-05 3.694526e-05 2.076829675e-05
1 54 3.10392913e-05 3.103964799e-05 1.149171811e-05
1 55 2.608250468e-05 2.608226367e-05 -9.240318568e-06
1 56 2.192075733e-05 2.192005973e-05 -3.182340033e-05
1 57 1.842655553e-05 1.842484309e-05 -9.293305498e-05
1 58 1.549030023e-05 nan -nan
1 59 1.302329536e-05 1.302314782e-05 -1.132920045e-05
1 60 1.095047399e-05 1.095120607e-05 6.685323612e-05
1 61 9.208681051e-06 9.210119783e-06 0.0001562365409
1 62 7.744068733e-06 7.746831864e-06 0.0003568061235
1 63 6.512828528e-06 6.516835665e-06 0.0006152682365
1 64 5.477577587e-06 5.482789093e-06 0.0009514252997
1 65 4.607246241e-06 4.613354852e-06 0.001325870407
1 66 3.875503242e-06 3.882229654e-06 0.001735622752
1 67 3.259841104e-06 3.267331359e-06 0.002297736315
1 68 2.741736238e-06 2.750118174e-06 0.003057163422
1 69 2.305455509e-06 2.31501829e-06 0.004147891925
1 70 1.938401305e-06 1.948951927e-06 0.005442950118
1 71 1.629867684e-06 1.640930717e-06 0.006787688266
1 72 1.370133997e-06 1.381721825e-06 0.008457441527
1 73 1.151623893e-06 1.163566287e-06 0.01037004694
2 1 0.6568586512 0.6567883196 -0.0001070726734
2 2 0.5418233872 0.5419276801 0.0001924851278
2 3 0.4343310644 0.4345154163 0.0004244499812
2 4 0.3457966724 0.345988216 0.0005539196822
2 5 0.2756563991 0.2758253071 0.0006127484311
2 6 0.2206051673 0.220744446 0.000631348416
2 7 0.1773416393 -1.699978297e-4725 -1
2 8 0.1431771197 0.1432647512 0.0006120492234
2 9 0.1160440641 0.1161125044 0.0005897789622
2 10 0.09437638677 0.09442939582 0.0005616770212
2 11 0.07698602101 0.07702691736 0.000531217756
2 12 0.06296635559 0.0629978357 0.0004999514121
2 13 0.05161985136 0.05164400276 0.0004678704005
2 14 0.04240529697 0.04242374424 0.0004350226844
2 15 0.03489953478 0.03491354907 0.0004015608044
2 16 0.02876933823 0.02877998364 0.0003700264437
2 17 0.02375082535 0.02375890306 0.0003401020877
2 18 0.01963383271 0.01963990344 0.0003091971959
2 19 0.0162500785 0.01625457543 0.000276732904
2 20 0.01346426919 0.01346754488 0.00024328705
2 21 0.01116726077 0.01116957964 0.0002076483702
2 22 0.009270633824 0.009272244191 0.0001737062578
2 23 0.007702632421 0.007703725023 0.0001418478591
2 24 0.006404839624 0.006405549639 0.0001108559356
2 25 0.005329576076 0.005329993247 7.827483546e-05
2 26 0.004437850208 0.004438018523 3.792726111e-05
2 27 0.003697638417 0.0036976314 -1.897841528e-06
2 28 0.003082713439 nan -nan
2 29 0.00257144645 0.002571212412 -9.101439573e-05
2 30 0.002146047569 0.002145786544 -0.0001216306104
2 31 0.001791875488 0.001791612943 -0.0001465199429
2 32 0.001496812883 0.001496575533 -0.0001585706521
2 33 0.001250875734 0.001250658057 -0.0001740194194
2 34 0.00104575038 0.00104557137 -0.0001711785651
2 35 0.00087459768 0.0008744488868 -0.0001701275161
2 36 0.0007317206551 0.0007315972603 -0.0001686365611
2 37 0.0006123926384 0.0006122919171 -0.0001644717589
2 38 0.0005126878759 0.0005126091136 -0.0001536261292
2 39 0.0004293431849 0.0004292877888 -0.0001290250887
2 40 0.0003596535686 0.0003596157725 -0.0001050901421
2 41 0.0003013559219 0.000301335939 -6.630991901e-05
2 42 0.0002525764462 0.0002525687193 -3.059224674e-05
2 43 0.0002117461993 0.0002117480523 8.750987115e-06
2 44 0.0001775613054 0.0001775683904 3.990176574e-05
2 45 0.0001489318546 0.0001489408111 6.013790339e-05
2 46 0.0001249475572 0.0001249566375 7.26724685e-05
2 47 0.0001048510455 0.0001048572595 5.926533886e-05
2 48 8.800345187e-05 8.800907824e-05 6.393350688e-05
2 49 7.387868252e-05 nan -nan
2 50 6.203266215e-05 6.203558048e-05 4.704507008e-05
2 51 5.209501855e-05 5.209772754e-05 5.200098951e-05
2 52 4.375784831e-05 4.375961775e-05 4.043708639e-05
2 53 3.676111755e-05 3.676226508e-05 3.121590313e-05
2 54 3.088827458e-05 3.088889355e-05 2.003891265e-05
2 55 2.59583071e-05 2.595800271e-05 -1.172614576e-05
2 56 2.18184727e-05 2.181758324e-05 -4.076635787e-05
2 57 1.834172223e-05 1.834028977e-05 -7.809811482e-05
2 58 1.54205827e-05 1.541941079e-05 -7.599601346e-05
2 59 1.296598185e-05 1.296550255e-05 -3.696610375e-05
2 60 1.090305251e-05 1.090357656e-05 4.806392917e-05
2 61 9.169005444e-06 9.170748731e-06 0.0001901282608
2 62 7.711062658e-06 7.714273682e-06 0.0004164178414
2 63 6.48548311e-06 6.489900505e-06 0.0006811204032
2 64 5.455109854e-06 5.460497063e-06 0.0009875528428
2 65 4.588811866e-06 4.594898539e-06 0.001326415981
2 66 3.859883896e-06 3.866943422e-06 0.001828947833
2 67 3.246799445e-06 3.254666184e-06 0.002422921102
2 68 2.731058855e-06 2.739620997e-06 0.003135099676
2 69 2.296720331e-06 2.306315069e-06 0.004177582553
2 70 1.93115661e-06 1.941733673e-06 0.005477060844
2 71 1.623713253e-06 -7.862851169e+4578 -4.842512157e+4584
2 72 1.364980379e-06 1.376752043e-06 0.008624054312
2 73 1.147353589e-06 1.159440675e-06 0.01053475313
3 1 0.4961719844 0.4963746643 0.0004084871721
3 2 0.4343310644 0.4345154163 0.0004244499812
3 3 0.3654950679 0.3656729687 0.0004867393343
3 4 0.3016720686 0.3018355546 0.0005419326878
3 5 0.2468444952 0.2469865147 0.000575340078
3 6 0.2013403163 0.2014591093 0.000590010878
3 7 0.1641535483 0.1642503145 0.0005894855306
3 8 0.1339543783 0.1340319586 0.0005791548737
3 9 0.109473655 0.109535161 0.0005618339897
3 10 0.0896203364 0.08966862308 0.0005387915475
3 11 0.07349599018 0.07353376684 0.0005139962266
3 12 0.06037536049 0.06040466903 0.0004854387722
3 13 0.04967687487 0.04969944935 0.0004544263438
3 14 0.04093545058 0.04095275646 0.0004227601474
3 15 0.03377904767 0.03379225393 0.0003909601686
3 16 0.02790936422 0.02791947727 0.0003623532232
3 17 0.02308688689 0.02309458301 0.0003333543984
3 18 0.01911851823 0.01912430982 0.0003029309244
3 19 0.01584820026 nan -nan
3 20 0.01314951511 0.01315265182 0.0002385412983
3 21 0.0109198018 0.01092200514 0.0002017739838
3 22 0.00907539828 0.009076909428 0.000166510334
3 23 0.007548090131 0.007549110566 0.0001351911535
3 24 0.006282143981 0.006282805656 0.0001053261591
3 25 0.005231899622 0.005232286073 7.386432862e-05
3 26 0.004359901229 0.004360046778 3.338344872e-05
3 27 0.003635279723 0.003635264925 -4.070544392e-06
3 28 0.003032709041 0.003032572068 -4.516520659e-05
3 29 0.00253127023 0.002531060597 -8.281731864e-05
3 30 0.00211371728 0.002113477701 -0.0001133449014
3 31 0.001765821198 0.001765569924 -0.0001422986937
3 32 0.00147578737 0.001475549034 -0.0001614981593
3 33 0.001233870148 0.00123365587 -0.0001736636453
3 34 0.001031986645 0.001031803552 -0.0001774179613
3 35 0.0008634370147 0.000863285095 -0.000175947662
3 36 0.0007226597675 0.0007225334378 -0.0001748121824
3 37 0.0006050258564 0.0006049241881 -0.0001680397098
3 38 0.0005066943526 0.000506613268 -0.0001600267988
3 39 0.0004244611307 0.0004244031108 -0.000136690657
3 40 0.0003556690968 nan -nan
3 41 0.000298105628 0.0002980841737 -7.196877027e-05
3 42 0.0002499217764 0.0002499118249 -3.981830307e-05
3 43 0.0002095754855 0.0002095752887 -9.391123646e-07
3 44 0.0001757837997 0.0001757900456 3.553165765e-05
3 45 0.0001474734451 0.0001474841174 7.236772253e-05
3 46 0.0001237529073 0.0001237625015 7.752706597e-05
3 47 0.0001038696423 0.0001038776383 7.698053742e-05
3 48 8.719899682e-05 8.720487116e-05 6.736699189e-05
3 49 7.321813983e-05 7.322204195e-05 5.329442693e-05
3 50 6.148924683e-05 6.149251381e-05 5.313078506e-05
3 51 5.164682867e-05 5.165103823e-05 8.150661872e-05
3 52 4.338882395e-05 4.339198275e-05 7.280196828e-05
3 53 3.645752562e-05 3.645952e-05 5.470419314e-05
3 54 3.063826726e-05 3.063944736e-05 3.851732249e-05
3 55 2.57521222e-05 2.575236284e-05 9.344542893e-06
3 56 2.16488849e-05 2.164796989e-05 -4.226607423e-05
3 57 1.820134179e-05 1.820032231e-05 -5.601088585e-05
3 58 1.530526498e-05 1.530385255e-05 -9.228439695e-05
3 59 1.287053394e-05 1.287005287e-05 -3.737784179e-05
3 60 1.082407741e-05 1.082470128e-05 5.763690372e-05
3 61 9.103648999e-06 9.105541725e-06 0.00020790855
3 62 7.656885322e-06 -6.351675975e-4541 -1
3 63 6.440808872e-06 6.445279975e-06 0.0006941835431
3 64 5.417987974e-06 5.423564333e-06 0.001029230614
3 65 4.557847239e-06 4.564317533e-06 0.001419594423
3 66 3.834318129e-06 3.841612515e-06 0.001902394494
3 67 3.225550531e-06 3.233676614e-06 0.002519285757
3 68 2.71330413e-06 2.722222748e-06 0.003286995206
3 69 2.282138233e-06 2.291888856e-06 0.004272581933
3 70 1.919059442e-06 1.929767975e-06 0.005580094307
3 71 1.613683553e-06 1.625014195e-06 0.007021600602
3 72 1.356801095e-06 1.368512171e-06 0.008631387504
3 73 1.140478957e-06 1.152599886e-06 0.01062792803
4 1 0.3810063016 0.3812364389 0.0006040248599
4 2 0.3457966724 0.345988216 0.0005539196822
4 3 0.3016720686 0.3018355546 0.0005419326878
4 4 0.2568094772 0.2569498381 0.0005465564997
4 5 0.215457799 0.2155771639 0.0005540056067
4 6 0.1792598537 0.1793598743 0.0005579643269
4 7 0.1484619453 0.1485443526 0.000555073618
4 8 0.1226720137 0.1227389338 0.0005455204537
4 9 0.101265755 0.1013195839 0.0005315609031
4 10 0.08358268612 1.337204795e-694 -1
4 11 0.06900958461 0.06904343669 0.0004905416599
4 12 0.05701099852 0.05703758243 0.0004662944246
4 13 0.04713331011 0.04715391828 0.000437231555
4 14 0.03899829869 0.03901421518 0.0004081328597
4 15 0.03229404341 0.03230628303 0.0003790056395
4 16 0.02676433151 0.02677372477 0.0003509620186
4 17 0.02219935322 0.02220648625 0.0003213170469
4 18 0.01842727306 0.0184326459 0.0002915696661
4 19 0.01530748407 0.01531149914 0.0002622945791
4 20 0.01272489137 0.01272783223 0.0002311110481
4 21 0.01058514619 0.01058722594 0.0001964778038
4 22 0.008810807831 0.008812223996 0.000160730399
4 23 0.00733826609 0.007339215262 0.0001293455506
4 24 0.006115288806 0.006115899173 9.980987857e-05
4 25 0.005098878692 0.005099225445 6.800579799e-05
4 26 0.004253580405 0.004253718265 3.241028873e-05
4 27 0.00355012462 0.00355011188 -3.588700859e-06
4 28 0.0029643583 0.002964238388 -4.045094969e-05
4 29 0.00247631096 0.00247611992 -7.714689784e-05
4 30 0.002069457994 0.002069226621 -0.0001118038411
4 31 0.001730112651 nan -nan
4 32 0.001446936015 0.00144670178 -0.0001618828153
4 33 0.001210527579 0.001210312145 -0.0001779667449
4 34 0.00101307126 0.001012887283 -0.0001816039747
4 35 0.0008480900638 0.0008479365759 -0.0001809807369
4 36 0.000710190273 0.0007100644292 -0.0001771972688
4 37 0.0005948839171 0.0005947826675 -0.0001702005706
4 38 0.0004984360222 0.000498355676 -0.000161196733
4 39 0.0004177315989 0.0004176724385 -0.00014162317
4 40 0.0003501796192 0.0003501407029 -0.0001111323613
4 41 0.000293623489 0.0002935993701 -8.214225389e-05
4 42 0.0002462583054 0.0002462459068 -5.03477229e-05
4 43 0.000206579548 0.0002065761592 -1.640418045e-05
4 44 0.0001733321521 0.0001733344104 1.302877663e-05
4 45 0.000145462964 0.0001454719098 6.149937525e-05
4 46 0.0001221043187 0.0001221124133 6.629213917e-05
4 47 0.0001025167241 0.0001025235308 6.639666075e-05
4 48 8.608724836e-05 8.609288955e-05 6.552865867e-05
4 49 7.230437701e-05 7.230828983e-05 5.411598626e-05
4 50 6.073739749e-05 6.074117818e-05 6.224654944e-05
4 51 5.10287202e-05 5.103287448e-05 8.141064202e-05
4 52 4.287988441e-05 4.288308629e-05 7.46709746e-05
4 53 3.603832566e-05 nan -nan
4 54 3.029258718e-05 3.029398816e-05 4.624802078e-05
4 55 2.546708118e-05 2.546750663e-05 1.670589455e-05
4 56 2.141363534e-05 2.141296715e-05 -3.120367731e-05
4 57 1.800723974e-05 1.800635403e-05 -4.918649278e-05
4 58 1.514468192e-05 1.514367862e-05 -6.624770577e-05
4 59 1.273789894e-05 1.273772563e-05 -1.360604603e-05
4 60 1.071442727e-05 1.071533172e-05 8.441507995e-05
4 61 9.012866235e-06 9.015108762e-06 0.0002488139412
4 62 7.58206213e-06 7.585538302e-06 0.0004584732449
4 63 6.37880489e-06 6.383376456e-06 0.0007166807426
4 64 5.366699933e-06 5.372318116e-06 0.001046860031
4 65 4.515488407e-06 4.521878102e-06 0.001415061584
4 66 3.798995832e-06 3.806453746e-06 0.001963127793
4 67 3.19614967e-06 3.204539308e-06 0.002624920398
4 68 2.688833968e-06 2.698067456e-06 0.003434012076
4 69 2.261938179e-06 2.271857145e-06 0.004385162603
4 70 1.902391573e-06 1.913150596e-06 0.005655525371
4 71 1.599728068e-06 1.611224908e-06 0.007186746435
4 72 1.345130959e-06 1.357066214e-06 0.00887293155
4 73 1.130619726e-06 1.14309625e-06 0.01103511972
5 1 0.2969200196 nan -nan
5 2 0.2756563991 0.2758253071 0.0006127484311
5 3 0.2468444952 0.2469865147 0.000575340078
5 4 0.215457799 0.2155771639 0.0005540056067
5 5 0.1848048702 0.1849053436 0.0005436726717
5 6 0.1566766314 0.1567605028 0.000535315231
5 7 0.1318175783 0.131887055 0.0005270669344
5 8 0.1103561251 0.1104131285 0.0005165404669
5 9 0.09210032121 0.09214666485 0.0005031865816
5 10 0.0767174524 0.07675472865 0.0004858901606
5 11 0.06383317238 0.06386295826 0.0004666206508
5 12 0.05308276494 0.05310636799 0.0004446462051
5 13 0.0441340469 0.04415249269 0.0004179491681
5 14 0.03669529706 0.03670961984 0.0003903165688
5 15 0.03051634617 0.03052741941 0.0003628627138
5 16 0.02538551223 0.02539400594 0.0003345887953
5 17 0.0211251286 0.0211315862 0.0003056834099
5 18 0.0175869022 0.01759179726 0.0002783359175
5 19 0.0146475969 0.01465126755 0.000250597587
5 20 0.01220494453 0.0122076285 0.0002199081109
5 21 0.01017415104 0.01017604601 0.0001862538762
5 22 0.008484966156 nan -nan
5 23 0.007079228319 0.007080108001 0.0001242624229
5 24 0.005908865413 0.00590941471 9.296147421e-05
5 25 0.004933983583 0.00493429097 6.229992447e-05
5 26 0.004121562883 0.004121685561 2.976481152e-05
5 27 0.003444207974 0.003444202613 -1.556505051e-06
5 28 0.002879235989 0.002879122429 -3.944120542e-05
5 29 0.002407783065 0.002407593179 -7.886314243e-05
5 30 0.002014187482 0.002013963769 -0.0001110684392
5 31 0.00168546846 0.001685233157 -0.000139606669
5 32 0.001410825053 0.00141059566 -0.0001625952824
5 33 0.001181277098 0.001181065344 -0.0001792582489
5 34 0.0009893501496 0.0009891655842 -0.0001865522041
5 35 0.0008288311457 0.0008286723322 -0.0001916113408
5 36 0.0006945343636 0.0006944016708 -0.0001910528535
5 37 0.0005821433667 0.0005820339018 -0.0001880377278
5 38 0.0004880536755 0.0004879677917 -0.0001759720787
5 39 0.0004092601629 0.0004091997275 -0.0001476698041
5 40 0.0003432617242 0.0003432234627 -0.0001114646514
5 41 0.0002879746516 0.0002879468926 -9.639388659e-05
5 42 0.0002416401397 0.0002416229267 -7.123383111e-05
5 43 0.0002028002309 0.0002027920273 -4.045161647e-05
5 44 0.0001702371742 -5.616052081e-475 -1
5 45 0.0001429276997 0.0001429305323 1.981843349e-05
5 46 0.00012002249 0.0001200274383 4.12283698e-05
5 47 0.0001008057369 0.000100811804 6.018568515e-05
5 48 8.468114299e-05 8.46866552e-05 6.509375792e-05
5 49 7.114777474e-05 7.115228692e-05 6.341983515e-05
5 50 5.978633071e-05 5.979029492e-05 6.630642553e-05
5 51 5.024682407e-05 5.025025222e-05 6.822615615e-05
5 52 4.223583038e-05 4.223858744e-05 6.527789392e-05
5 53 3.550799494e-05 3.550929783e-05 3.669300314e-05
5 54 2.985528993e-05 2.985619114e-05 3.018591901e-05
5 55 2.510587918e-05 2.510640247e-05 2.084341611e-05
5 56 2.111507674e-05 2.111497473e-05 -4.831091133e-06
5 57 1.776077624e-05 1.776032656e-05 -2.531833675e-05
5 58 1.494088454e-05 1.494046137e-05 -2.832252385e-05
5 59 1.256933968e-05 1.256979517e-05 3.62374703e-05
5 60 1.057484168e-05 1.057650151e-05 0.0001569600538
5 61 8.897331478e-06 8.900288631e-06 0.0003323639644
5 62 7.486520333e-06 7.490537803e-06 0.0005366271355
5 63 6.299643764e-06 6.304743962e-06 0.0008096011059
5 64 5.301425844e-06 5.307209075e-06 0.001090882165
5 65 4.461247173e-06 4.445802394e-2557 -1
5 66 3.754187391e-06 3.76176591e-06 0.002018684248
5 67 3.158856788e-06 3.16749779e-06 0.002735483937
5 68 2.658077074e-06 2.66735372e-06 0.003489984002
5 69 2.236431435e-06 2.246381995e-06 0.00444930254
5 70 1.881319189e-06 1.892013898e-06 0.005684686413
5 71 1.582148539e-06 1.59368247e-06 0.007290043181
5 72 1.33030451e-06 1.342502521e-06 0.009169337035
5 73 1.118272093e-06 1.131002016e-06 0.01138356475
6 1 0.2341115727 0.2342697731 0.0006757482649
6 2 0.2206051673 0.2207444574 0.0006314001636
6 3 0.2013403163 0.2014591093 0.000590010878
6 4 0.1792598537 0.1793598743 0.0005579643269
6 5 0.1566766314 0.1567605028 0.000535315231
6 6 0.1351037454 0.1351738107 0.0005186038206
6 7 0.1153758815 0.1154340842 0.0005044614858
6 8 0.09784867645 0.09789662679 0.0004900459496
6 9 0.08257741988 0.0826167168 0.0004758797387
6 10 0.06944873742 0.06948068413 0.0004600040708
6 11 0.05826616994 0.05829192424 0.0004420111241
6 12 0.0488026663 0.04882317854 0.0004203099105
6 13 0.04083005113 nan -nan
6 14 0.03413453101 0.03414714641 0.0003695789167
6 15 0.02852386649 0.02853367896 0.0003440092559
6 16 0.02382945081 0.02383697243 0.0003156439066
6 17 0.01990554777 0.01991129797 0.000288874333
6 18 0.01662786427 0.01663223643 0.0002629420313
6 19 0.01389108853 0.01389436697 0.0002360109121
6 20 0.01160643841 0.01160883808 0.0002067528056
6 21 0.009699339416 0.009701040884 0.0001754209702
6 22 0.008107345881 0.008108488945 0.0001409911683
6 23 0.006778182662 0.00677894322 0.000112206899
6 24 0.005668330099 0.005668785604 8.0359631e-05
6 25 0.004741382442 0.004741626134 5.139678863e-05
6 26 0.003967026795 0.003967120839 2.370637951e-05
6 27 0.003320001239 0.003319974559 -8.03613117e-06
6 28 0.002779227789 0.002779103486 -4.472567294e-05
6 29 0.00232712431 0.002326934001 -8.177875025e-05
6 30 0.001949036227 0.001948816917 -0.0001125222272
6 31 0.001632767015 0.001632538874 -0.0001397263901
6 32 0.001368134284 0.001367915192 -0.0001601394531
6 33 0.001146653548 0.001146450826 -0.0001767940201
6 34 0.0009612388461 0.000961058133 -0.0001880001878
6 35 0.0008059762199 6.124630127e-3251 -1
6 36 0.000675939622 0.0006758048318 -0.0001994116522
6 37 0.0005669959957 0.000566882772 -0.0001996904762
6 38 0.0004757006177 0.0004756115787 -0.0001871743253
6 39 0.0003991762838 0.0003991132484 -0.0001579138508
6 40 0.0003350243967 0.0003349823016 -0.0001256478491
6 41 0.0002812399333 0.0002812076077 -0.0001149395553
6 42 0.0002361297671 0.0002361072472 -9.537109526e-05
6 43 0.00019828775 0.0001982742224 -6.82219052e-05
6 44 0.0001665376166 0.0001665311925 -3.857439572e-05
6 45 0.0001398928343 0.0001398927211 -8.092100177e-07
6 46 0.0001175321973 0.0001175337789 1.345659301e-05
6 47 9.875941358e-05 9.876345639e-05 4.093595215e-05
6 48 8.299748334e-05 8.300301694e-05 6.667187553e-05
6 49 6.976305438e-05 6.97675679e-05 6.469786848e-05
6 50 5.864740142e-05 5.865074856e-05 5.707228233e-05
6 51 4.9308904e-05 4.931193405e-05 6.145036801e-05
6 52 4.146334077e-05 4.146553873e-05 5.300965704e-05
6 53 3.487210474e-05 3.487207177e-05 -9.456104075e-07
6 54 2.933034848e-05 2.93306558e-05 1.047798529e-05
6 55 2.467234899e-05 2.467276757e-05 1.696524192e-05
6 56 2.075719657e-05 9.800541919e-1016 -1
6 57 1.74651815e-05 1.746467416e-05 -2.904881253e-05
6 58 1.469609578e-05 1.469617312e-05 5.262641799e-06
6 59 1.236681691e-05 1.236786081e-05 8.441111221e-05
6 60 1.04072306e-05 1.04095085e-05 0.0002188767284
6 61 8.758807614e-06 8.762135405e-06 0.0003799365384
6 62 7.371858553e-06 7.376199184e-06 0.0005888108201
6 63 6.204629504e-06 6.210079103e-06 0.0008783116558
6 64 5.2225115e-06 5.228804108e-06 0.001204900778
6 65 4.395678644e-06 4.402986109e-06 0.001662420144
6 66 3.699857495e-06 3.707925169e-06 0.002180536528
6 67 3.114031968e-06 3.122858759e-06 0.002834521841
6 68 2.620883547e-06 2.630331751e-06 0.003604969157
6 69 2.205488443e-06 2.215667647e-06 0.004615396942
6 70 1.855603272e-06 1.866524696e-06 0.005885646063
6 71 1.560901099e-06 1.5725232e-06 0.007445763389
6 72 1.312630872e-06 1.324932547e-06 0.00937177019
6 73 1.103439849e-06 1.11640836e-06 0.01175280297
7 1 0.1862759253 0.1863992032 0.0006618029651
7 2 0.1773416393 0.1774530384 0.000628160732
7 3 0.1641535483 0.1642503145 0.0005894855306
7 4 0.1484619453 nan -nan
7 5 0.1318175783 0.131887055 0.0005270669344
7 6 0.1153758815 0.1154340842 0.0005044614858
7 7 0.09988455572 0.09993310698 0.0004860737268
7 8 0.08575722196 0.08579743308 0.0004688948132
7 9 0.0731669632 0.07320011352 0.0004530777374
7 10 0.06213049009 0.062157601 0.0004363543741
7 11 0.0525714383 0.05259337235 0.0004172236836
7 12 0.04436443372 0.04438201521 0.000396296927
7 13 0.03736382355 0.03737777141 0.0003732984032
7 14 0.03142097408 0.03143191987 0.0003483592277
7 15 0.02639411177 0.02640264331 0.0003232363372
7 16 0.02215348677 0.02216006595 0.0002969814811
7 17 0.01858327653 0.0185883146 0.000271107785
7 18 0.01558199685 0.01558582533 0.0002456989181
7 19 0.01306182294 0.01306467641 0.0002184590596
7 20 0.01094734215 0.01094943246 0.0001909419033
7 21 0.009174309692 0.009175791725 0.0001615417089
7 22 0.007688222719 0.007689206411 0.0001279479219
7 23 0.006442930964 0.006443569014 9.90310076e-05
7 24 0.005399644657 0.0054000111 6.78642699e-05
7 25 0.004525645478 0.004525832834 4.139873649e-05
7 26 0.003793514282 -3.286291704e+2138 -8.662921662e+2140
7 27 0.003180209859 0.003180162201 -1.498580328e-05
7 28 0.002666429434 0.002666299038 -4.890290573e-05
7 29 0.002235970314 0.002235786718 -8.211024314e-05
7 30 0.00187526877 0.001875066404 -0.0001079134597
7 31 0.001572996669 0.001572785933 -0.0001339708671
7 32 0.00131965249 0.001319442455 -0.000159159458
7 33 0.00110727479 0.001107081973 -0.0001741366069
7 34 0.0009292182307 0.000929047128 -0.000184136209
7 35 0.0007799175247 0.0007797657272 -0.0001946328106
7 36 0.0006547042224 0.0006545735875 -0.0001995327168
7 37 0.0005496767883 0.0005495662185 -0.0002011542067
7 38 0.0004615643496 0.0004614747097 -0.0001942087562
7 39 0.0003876273672 0.0003875619031 -0.0001688839454
7 40 0.0003255820932 0.0003255355527 -0.0001429455007
7 41 0.0002735105095 0.0002734757006 -0.0001272671825
7 42 0.0002297988866 0.0002297739445 -0.0001085387735
7 43 0.0001930965137 0.0001930826484 -7.180488624e-05
7 44 0.0001622805843 0.0001622724664 -5.002347513e-05
7 45 0.0001363985738 0.000136396816 -1.288719565e-05
7 46 0.0001146625999 0.000114662159 -3.845521056e-06
7 47 9.639961278e-05 nan -nan
7 48 8.105676022e-05 8.106177503e-05 6.186790004e-05
7 49 6.816597382e-05 6.81700547e-05 5.986683587e-05
7 50 5.733168464e-05 5.733535588e-05 6.403515271e-05
7 51 4.822464852e-05 4.822824775e-05 7.463452349e-05
7 52 4.057016087e-05 4.057227345e-05 5.207223983e-05
7 53 3.413527617e-05 3.413539332e-05 3.431750029e-06
7 54 2.872221318e-05 2.872281693e-05 2.102038973e-05
7 55 2.417038252e-05 2.417099757e-05 2.544634633e-05
7 56 2.034266901e-05 2.034259945e-05 -3.419540437e-06
7 57 1.712269178e-05 1.712227951e-05 -2.407710593e-05
7 58 1.441305055e-05 1.441315113e-05 6.978456595e-06
7 59 1.213243093e-05 1.213381902e-05 0.0001144119624
7 60 1.021306496e-05 1.021589265e-05 0.0002768699573
7 61 8.598149734e-06 8.60190044e-06 0.0004362225042
7 62 7.239016785e-06 7.24353999e-06 0.000624836917
7 63 6.094520253e-06 6.100209857e-06 0.0009335604916
7 64 5.130966525e-06 5.137777381e-06 0.001327402132
7 65 4.31973656e-06 4.327544459e-06 0.001807494298
7 66 3.636833206e-06 3.645379313e-06 0.002349875737
7 67 3.061626504e-06 3.070987489e-06 0.003057520311
7 68 2.577344822e-06 nan -nan
7 69 2.169435249e-06 2.179957576e-06 0.004850260895
7 70 1.825728147e-06 1.83688193e-06 0.006109224536
7 71 1.536005055e-06 1.547909736e-06 0.007750417321
7 72 1.291866009e-06 1.304489324e-06 0.009771381061
7 73 1.086234843e-06 1.099424149e-06 0.01214222325
8 1 0.1492791268 0.1493743069 0.000637598218
8 2 0.1431771197 0.1432647512 0.0006120492234
8 3 0.1339543783 0.1340319586 0.0005791548737
8 4 0.1226720137 0.1227389338 0.0005455204537
8 5 0.1103561251 0.1104131285 0.0005165404669
8 6 0.09784867645 0.09789662679 0.0004900459496
8 7 0.08575722196 0.08579743308 0.0004688948132
8 8 0.07447052666 0.07450414193 0.0004513902952
8 9 0.06420078671 0.06422867427 0.0004343804008
8 10 0.05503159264 0.05505443584 0.0004150924433
8 11 0.04696026103 0.0469788006 0.0003947927137
8 12 0.03993128419 0.0399462239 0.0003741353369
8 13 0.03386015944 0.03387207614 0.0003519388021
8 14 0.02864937399 0.02865878452 0.0003284726256
8 15 0.02419886437 0.02420617437 0.0003020804407
8 16 0.02041205691 0.02041769401 0.0002761650176
8 17 0.01719954741 -2.36844569e+4083 -1.377039543e+4085
8 18 0.01448056736 0.01448383691 0.0002257891702
8 19 0.01218355043 0.01218597136 0.0001987047976
8 20 0.01024575132 0.01024753054 0.0001736549787
8 21 0.00861287964 0.00861414269 0.0001466465987
8 22 0.007238186088 0.007239021982 0.0001154839264
8 23 0.006081620597 0.006082134023 8.442258119e-05
8 24 0.005109075701 0.005109368609 5.733098773e-05
8 25 0.004291624403 0.004291760166 3.16345941e-05
8 26 0.003604758031 0.003604776163 5.030100239e-06
8 27 0.003027749596 0.003027681406 -2.252165289e-05
8 28 0.002543116435 0.002542978702 -5.415948302e-05
8 29 0.002136099682 0.002135922128 -8.3120695e-05
8 30 0.001794293163 0.00179409699 -0.0001093318089
8 31 0.001507258843 0.001507059587 -0.0001321980483
8 32 0.001266224253 0.001266029762 -0.0001535990368
8 33 0.001063811493 0.001063629501 -0.0001710754118
8 34 0.0008938231852 0.0008936613179 -0.0001810955252
8 35 0.0007510639575 0.0007509208218 -0.0001905772014
8 36 0.0006311615712 0.0006310384841 -0.0001950167974
8 37 0.0005304518028 0.0005303462446 -0.0001989967703
8 38 0.0004458522344 nan -nan
8 39 0.0003747783 0.0003747110916 -0.0001793285517
8 40 0.0003150613666 0.0003150149294 -0.0001473911557
8 41 0.0002648898576 0.0002648562089 -0.0001270289174
8 42 0.0002227302698 0.0002227068975 -0.0001049358374
8 43 0.0001872982144 0.0001872843837 -7.384330771e-05
8 44 0.0001575205175 0.0001575119939 -5.411055427e-05
8 45 0.0001324896945 0.0001324858601 -2.894102806e-05
8 46 0.0001114480663 0.0001114471214 -8.477904397e-06
8 47 9.375704526e-05 9.375860273e-05 1.661172857e-05
8 48 7.888223858e-05 7.888525018e-05 3.817832716e-05
8 49 6.637432312e-05 6.637771809e-05 5.114887779e-05
8 50 5.585448647e-05 5.585859995e-05 7.36463957e-05
8 51 4.700705818e-05 4.701087678e-05 8.123462122e-05
8 52 3.956497795e-05 3.956822541e-05 8.207930167e-05
8 53 3.330520013e-05 3.330688664e-05 5.063788603e-05
8 54 2.803765953e-05 2.80388415e-05 4.215653711e-05
8 55 2.360570079e-05 2.360608495e-05 1.627375021e-05
8 56 1.987588058e-05 1.987581973e-05 -3.061271307e-06
8 57 1.673696508e-05 1.673642238e-05 -3.242511592e-05
8 58 1.409425398e-05 1.409405676e-05 -1.399318361e-05
8 59 1.186887328e-05 nan -nan
8 60 9.995080182e-06 9.997410159e-06 0.0002331123931
8 61 8.417486707e-06 8.421011839e-06 0.0004187868014
8 62 7.089137982e-06 7.093722297e-06 0.0006466674307
8 63 5.970279633e-06 5.976082435e-06 0.0009719480809
8 64 5.027876946e-06 5.034899821e-06 0.001396787312
8 65 4.234303969e-06 4.242250629e-06 0.001876733618
8 66 3.565690926e-06 3.574641023e-06 0.002510059827
8 67 3.00258903e-06 3.012302428e-06 0.003235007542
8 68 2.528174496e-06 2.538599244e-06 0.004123428748
8 69 2.12858714e-06 2.139531002e-06 0.005141373884
8 70 1.791701266e-06 1.803313869e-06 0.006481327437
8 71 1.507881423e-06 1.520028788e-06 0.008055915483
8 72 1.268473546e-06 1.281325644e-06 0.01013194017
8 73 1.066805939e-06 1.08017448e-06 0.01253137123
9 1 0.1203186769 0.120391992 0.0006093404166
9 2 0.1160440641 0.1161125044 0.0005897789622
9 3 0.109473655 0.109535161 0.0005618339897
9 4 0.101265755 0.1013195839 0.0005315609031
9 5 0.09210032121 0.09214666485 0.0005031865816
9 6 0.08257741988 0.0826167168 0.0004758797387
9 7 0.0731669632 0.07320010665 0.0004529838173
9 8 0.06420078671 -1.439821977e+2032 -2.242685878e+2033
9 9 0.05588775517 0.05591085243 0.0004132795665
9 10 0.04833783913 0.04835681429 0.000392552842
9 11 0.04158918846 0.04160464817 0.0003717241756
9 12 0.03563077973 0.03564332371 0.0003520545925
9 13 0.03042080209 0.03043088261 0.0003313695143
9 14 0.02589991459 0.02590788996 0.0003079303975
9 15 0.02200066777 0.02200684835 0.0002809269915
9 16 0.01865371664 0.01865845747 0.0002541492421
9 17 0.01579195692 0.01579554624 0.0002272881119
9 18 0.01335262467 0.01335536065 0.0002049022761
9 19 0.01127870712 0.01128073212 0.0001795425832
9 20 0.009519033315 0.009520511592 0.0001552969212
9 21 0.008028501531 0.008029541681 0.0001295571372
9 22 0.006767678051 0.006768354823 0.0001000005894
9 23 0.005702315513 0.005702723159 7.148781516e-05
9 24 0.004802919098 0.004803142371 4.648699518e-05
9 25 0.00404420492 0.004044301353 2.384457889e-05
9 26 0.003404578448 0.003404569005 -2.773839011e-06
9 27 0.002865601571 0.002865515801 -2.993100546e-05
9 28 0.002411619889 0.002411478792 -5.850687959e-05
9 29 0.002029344413 nan -nan
9 30 0.001707533143 0.001707349148 -0.0001077545184
9 31 0.001436677552 0.001436493959 -0.0001277900114
9 32 0.001208747188 0.001208571592 -0.000145270867
9 33 0.001016964115 0.001016800074 -0.0001613046675
9 34 0.0008556066173 0.0008554599253 -0.000171447961
9 35 0.0007198628256 0.0007197306262 -0.0001836452145
9 36 0.0006056655382 0.00060555133 -0.0001885663364
9 37 0.0005096030537 0.0005095025237 -0.0001972711923
9 38 0.0004287879959 0.0004287056798 -0.0001919738868
9 39 0.0003608019109 0.0003607383044 -0.0001762921601
9 40 0.0003036075917 0.000303562113 -0.0001497941596
9 41 0.0002554942852 0.0002554623741 -0.0001248993824
9 42 0.0002150173816 0.0002149967281 -9.605532802e-05
9 43 0.0001809657054 0.0001809520354 -7.553886752e-05
9 44 0.0001523172985 0.0001523080152 -6.094726281e-05
9 45 0.000128211177 0.0001282066212 -3.55335431e-05
9 46 0.0001079271023 0.0001079262616 -7.788964192e-06
9 47 9.085915474e-05 9.086010213e-05 1.04270303e-05
9 48 7.649552905e-05 7.649781145e-05 2.983713705e-05
9 49 6.440712392e-05 6.441020639e-05 4.785914651e-05
9 50 5.423211007e-05 nan -nan
9 51 4.566799603e-05 4.567262952e-05 0.000101460343
9 52 3.845954138e-05 3.846374962e-05 0.0001094199635
9 53 3.239218374e-05 3.239493032e-05 8.479141427e-05
9 54 2.728415068e-05 2.728551443e-05 4.998317404e-05
9 55 2.298340231e-05 2.29835284e-05 5.486252503e-06
9 56 1.936117109e-05 1.936111997e-05 -2.639964478e-06
9 57 1.631123141e-05 1.631072248e-05 -3.120147569e-05
9 58 1.374176351e-05 1.374183003e-05 4.841322455e-06
9 59 1.157746587e-05 1.157828626e-05 7.086107779e-05
9 60 9.754174426e-06 9.756004572e-06 0.0001876269851
9 61 8.218189899e-06 8.221051388e-06 0.0003481896741
9 62 6.9238484e-06 6.928034278e-06 0.0006045595018
9 63 5.833151436e-06 5.838746546e-06 0.0009591916663
9 64 4.913987156e-06 4.921027326e-06 0.001432679855
9 65 4.139539189e-06 4.147802893e-06 0.001996285958
9 66 3.487046186e-06 3.496280302e-06 0.002648120013
9 67 2.93720821e-06 2.947269123e-06 0.003425331906
9 68 2.473790209e-06 2.484610866e-06 0.00437412088
9 69 2.083342591e-06 2.094698971e-06 0.005451038035
9 70 1.754214824e-06 1.766074952e-06 0.006760933021
9 71 1.476731472e-06 1.489088505e-06 0.008367826517
9 72 1.242588583e-06 -1.754173889e+1844 -1.411709324e+1850
9 73 1.04526322e-06 1.058799031e-06 0.01294966726
10 1 0.09743246451 0.09748866465 0.0005768111961
10 2 0.09437638677 0.09442939582 0.0005616770212
10 3 0.0896203364 0.08966862308 0.0005387915475
10 4 0.08358268612 0.08362548427 0.0005120456297
10 5 0.0767174524 0.07675472865 0.0004858901606
10 6 0.06944873742 0.06948068413 0.0004600040708
10 7 0.06213049009 0.062157601 0.0004363543741
10 8 0.05503159264 0.05505443584 0.0004150924433
10 9 0.04833783913 0.04835681429 0.000392552842
10 10 0.04216277229 0.04217847656 0.000372467884
10 11 0.03656346977 0.03657631208 0.0003512332605
10 12 0.03155488144 0.03156531392 0.0003306139572
10 13 0.02712320676 0.02713159668 0.00030932612
10 14 0.0232361782 0.02324282402 0.0002860117436
10 15 0.01985092037 0.01985607071 0.0002594508228
10 16 0.01691952752 0.01692346003 0.0002324243736
10 17 0.01439305087 0.01439601745 0.0002061119437
10 18 0.01222394349 0.01222616877 0.0001820426837
10 19 0.01036760167 0.01036924975 0.0001589648863
10 20 0.008783138894 1.410248739e+1627 1.605631832e+1629
10 21 0.007433689131 0.007434505001 0.0001097530736
10 22 0.006286500777 0.006287026667 8.365379716e-05
10 23 0.005312727166 0.005313044815 5.979029873e-05
10 24 0.004487227374 0.004487385263 3.518631577e-05
10 25 0.003788165408 0.003788213054 1.257777816e-05
10 26 0.003196715939 0.003196686005 -9.363756493e-06
10 27 0.002696711738 0.00269661177 -3.707042728e-05
10 28 0.00227425955 0.002274122296 -6.035104816e-05
10 29 0.001917532803 0.001917373318 -8.317174093e-05
10 30 0.001616443564 0.001616272389 -0.0001058956261
10 31 0.001362404675 0.001362236317 -0.0001235741713
10 32 0.001148139678 0.001147977191 -0.0001415223023
10 33 0.000967464669 0.0009673152488 -0.0001544451254
10 34 0.0008151537081 0.0008150163123 -0.0001685520252
10 35 0.000686775731 0.0006866513292 -0.000181138882
10 36 0.0005785851592 0.000578475545 -0.0001894521993
10 37 0.0004874199771 0.0004873249293 -0.0001950017391
10 38 0.0004106022619 0.0004105276552 -0.0001817006155
10 39 0.0003458847637 0.0003458286253 -0.0001623037564
10 40 0.0002913672307 0.0002913252533 -0.0001440706929
10 41 0.0002454428234 nan -nan
10 42 0.0002067579268 0.0002067386724 -9.312491317e-05
10 43 0.0001741731098 0.0001741620828 -6.33105561e-05
10 44 0.0001467278556 0.0001467220092 -3.98449161e-05
10 45 0.000123610635 0.0001236085692 -1.671266889e-05
10 46 0.0001041387238 0.0001041394244 6.72814099e-06
10 47 8.773789778e-05 8.773975897e-05 2.121310652e-05
10 48 7.392162156e-05 7.392537867e-05 5.082561204e-05
10 49 6.228364299e-05 6.228845289e-05 7.722573795e-05
10 50 5.247994866e-05 5.248548908e-05 0.0001055720813
10 51 4.422165976e-05 4.422719407e-05 0.0001251492837
10 52 3.726486212e-05 3.726992816e-05 0.0001359467836
10 53 3.140472642e-05 3.140850352e-05 0.0001202720045
10 54 2.646800099e-05 2.647011647e-05 7.992588837e-05
10 55 2.230807018e-05 2.230923584e-05 5.225274718e-05
10 56 1.880256011e-05 1.880329749e-05 3.921686114e-05
10 57 1.584859639e-05 1.584907796e-05 3.038573104e-05
10 58 1.335939102e-05 1.335964062e-05 1.868299187e-05
10 59 1.126089472e-05 1.126176386e-05 7.718253595e-05
10 60 9.49203314e-06 9.493775586e-06 0.0001835693504
10 61 8.000823946e-06 8.003729613e-06 0.0003631708866
10 62 6.743614599e-06 6.747869977e-06 0.0006310232642
10 63 5.683669177e-06 -nan -nan
10 64 4.789998986e-06 4.797087953e-06 0.001479951653
10 65 4.036585416e-06 4.044959027e-06 0.002074429073
10 66 3.401460769e-06 3.410916217e-06 0.002779819997
10 67 2.86609612e-06 2.876393587e-06 0.003592854671
10 68 2.414615955e-06 2.425748365e-06 0.004610426774
10 69 2.034049299e-06 2.045800062e-06 0.00577702934
10 70 1.713154615e-06 1.725442338e-06 0.007172571235
10 71 1.44254511e-06 1.45531614e-06 0.008853123328
10 72 1.214095043e-06 1.227534413e-06 0.01106945497
10 73 1.021643195e-06 1.035450249e-06 0.01351455607
11 1 0.07920748397 0.07925053171 0.0005434806403
11 2 0.07698602101 0.07702691736 0.000531217756
11 3 0.07349599018 0.07353376684 0.0005139962266
11 4 0.06900958461 0.06904343669 0.0004905416599
11 5 0.06383317238 0.06386295826 0.0004666206508
11 6 0.05826616994 0.05829192424 0.0004420111241
11 7 0.0525714383 0.05259337235 0.0004172236836
11 8 0.04696026103 0.0469788006 0.0003947927137
11 9 0.04158918846 0.04160464817 0.0003717241756
11 10 0.03656346977 0.03657631208 0.0003512332605
11 11 0.03194558131 2.653734918e-4195 -1
11 12 0.02776382401 0.02777238755 0.0003084425436
11 13 0.02402172111 0.02402859123 0.0002859962843
11 14 0.02070531716 0.02071071589 0.0002607410258
11 15 0.01778939448 0.01779359768 0.0002362756226
11 16 0.01524240732 0.01524562112 0.0002108458918
11 17 0.01302976087 0.01303217147 0.0001850070527
11 18 0.01111627176 0.0111180445 0.0001594718217
11 19 0.009467742526 0.009469045632 0.0001376363353
11 20 0.008052060039 0.008052983441 0.0001146789365
11 21 0.0068396122 0.006840225554 8.967668523e-05
11 22 0.005803568369 0.005803948847 6.555923938e-05
11 23 0.004919980039 0.004920183593 4.13728868e-05
11 24 0.004167637986 0.004167724869 2.084705462e-05
11 25 0.003527961743 0.003527963775 5.761382619e-07
11 26 0.0029847295 0.0029846752 -1.819280842e-05
11 27 0.002523895552 0.002523787147 -4.295136065e-05
11 28 0.002133288093 0.002133148107 -6.561989258e-05
11 29 0.001802460057 0.001802302854 -8.721567554e-05
11 30 0.001522443791 0.001522282811 -0.0001057379566
11 31 0.001285573842 0.001285414176 -0.0001241980342
11 32 0.001085297981 nan -nan
11 33 0.0009160291177 0.0009158916997 -0.000150014888
11 34 0.0007730303702 0.0007729026438 -0.0001652280719
11 35 0.0006522567165 0.0006521401608 -0.0001786960019
11 36 0.0005502808647 0.0005501768628 -0.0001889978606
11 37 0.0004641946908 0.0004641062903 -0.0001904383498
11 38 0.0003915338678 0.0003914658023 -0.0001738431955
11 39 0.000330219193 0.0003301703135 -0.0001480211349
11 40 0.0002784923039 0.0002784555118 -0.0001321115822
11 41 0.0002348538114 0.0002348293155 -0.0001043029447
11 42 0.0001980452961 0.0001980304571 -7.492739774e-05
11 43 0.0001670029213 0.0001669932092 -5.815581206e-05
11 44 0.0001408211784 0.0001408173825 -2.695578457e-05
11 45 0.0001187426164 0.0001187428432 1.910003294e-06
11 46 0.0001001244316 0.0001001278897 3.453791594e-05
11 47 8.442696723e-05 8.443092182e-05 4.684033533e-05
11 48 7.118969252e-05 7.11949144e-05 7.335173205e-05
11 49 6.002815492e-05 6.003427397e-05 0.0001019362853
11 50 5.061703539e-05 5.062372037e-05 0.0001320697374
11 51 4.268202645e-05 4.268888583e-05 0.0001607087722
11 52 3.599228813e-05 3.599836979e-05 0.0001689711092
11 53 3.035256379e-05 3.035702503e-05 0.0001469806639
11 54 2.559738001e-05 2.067989357e-4272 -1
11 55 2.158745306e-05 2.158942349e-05 9.127669141e-05
11 56 1.820580384e-05 1.820740678e-05 8.80459201e-05
11 57 1.535392768e-05 1.535560133e-05 0.0001090047694
11 58 1.294962355e-05 1.295083659e-05 9.367391142e-05
11 59 1.092134276e-05 1.092299119e-05 0.0001509363776
11 60 9.210617891e-06 9.212946275e-06 0.0002527934537
11 61 7.767343541e-06 7.770859546e-06 0.0004526651057
11 62 6.549986582e-06 6.554709662e-06 0.0007210822991
11 63 5.522887558e-06 5.529068914e-06 0.001119225364
11 64 4.656668613e-06 4.66406838e-06 0.001589069012
11 65 3.925704891e-06 3.934525432e-06 0.002246868132
11 66 3.309470399e-06 3.319208162e-06 0.002942392913
11 67 2.789701603e-06 2.800215265e-06 0.003768740854
11 68 2.350971767e-06 2.362453268e-06 0.00488372575
11 69 1.98103787e-06 1.993195827e-06 0.006137165217
11 70 1.669034983e-06 1.681712222e-06 0.007595550284
11 71 1.405845187e-06 1.418954185e-06 0.009324638149
11 72 1.183597985e-06 1.197291891e-06 0.01156972751
12 1 0.06460358801 0.06463646499 0.000508903421
12 2 0.06296635559 0.0629978357 0.0004999514121
12 3 0.06037536049 -nan -nan
12 4 0.05701099852 0.05703758243 0.0004662944246
12 5 0.05308276494 0.05310636799 0.0004446462051
12 6 0.0488026663 0.04882317854 0.0004203099105
12 7 0.04436443372 0.04438201521 0.000396296927
12 8 0.03993128419 0.0399462239 0.0003741353369
12 9 0.03563077973 0.03564332371 0.0003520545925
12 10 0.03155488144 0.03156531392 0.0003306139572
12 11 0.02776382401 0.02777238755 0.0003084425436
12 12 0.02429132014 0.0242982965 0.0002871958137
12 13 0.02115052919 0.0211561176 0.0002642208785
12 14 0.01833928997 0.01834365438 0.000237981008
12 15 0.015844722 0.01584808815 0.0002124457407
12 16 0.01364718235 0.01364974818 0.0001880116956
12 17 0.0117231168 0.01172502385 0.0001626748063
12 18 0.01004714789 0.01004851959 0.0001365262937
12 19 0.008593603045 0.008594582562 0.0001139821951
12 20 0.007337659639 0.007338334546 9.197856016e-05
12 21 0.006255902718 0.006256325892 6.764395586e-05
12 22 0.005326680026 0.005326910893 4.33415335e-05
12 23 0.004530334925 0.004530424099 1.968378483e-05
12 24 0.003849221355 nan -nan
12 25 0.003267667256 0.003267617363 -1.526873123e-05
12 26 0.002771883529 0.002771797735 -3.0951412e-05
12 27 0.002349776504 0.002349656921 -5.089131758e-05
12 28 0.001990796619 0.001990652174 -7.255658515e-05
12 29 0.001685789259 0.001685641317 -8.775820199e-05
12 30 0.001426876399 0.001426726497 -0.0001050563549
12 31 0.00120725971 0.001207106519 -0.0001268912639
12 32 0.001021088962 0.001020940413 -0.0001454811923
12 33 0.0008633588561 0.000863223452 -0.0001568340725
12 34 0.0007297976239 0.0007296759425 -0.0001667331372
12 35 0.0006167544052 0.0006166444417 -0.000178293891
12 36 0.0005211081535 0.0005210147303 -0.0001792780253
12 37 0.0004402117401 0.0004401356308 -0.0001728924994
12 38 0.0003718127019 0.000371752678 -0.0001614358479
12 39 0.0003139954173 0.0003139506213 -0.000142664522
12 40 0.0002651373711 0.000265103769 -0.0001267347833
12 41 0.0002238544443 0.0002238332387 -9.472925671e-05
12 42 0.0001889807671 0.0001889702512 -5.564525155e-05
12 43 0.0001595306014 0.0001595246851 -3.708599182e-05
12 44 0.0001346594394 0.0001346581907 -9.273275038e-06
12 45 0.0001136595422 0.0001136612409 1.494611204e-05
12 46 9.59281059e-05 4.959079094e-4726 -1
12 47 8.096117975e-05 8.096753112e-05 7.844956145e-05
12 48 6.832791874e-05 6.833392068e-05 8.784023107e-05
12 49 5.766357095e-05 5.766996944e-05 0.0001109625035
12 50 4.86619777e-05 4.866912486e-05 0.0001468735725
12 51 4.106442705e-05 4.107239477e-05 0.000194029877
12 52 3.465385435e-05 3.466100873e-05 0.0002064526769
12 53 2.924476112e-05 2.925020133e-05 0.0001860231579
12 54 2.46796426e-05 2.468394867e-05 0.0001744785701
12 55 2.082782725e-05 2.083051374e-05 0.0001289857978
12 56 1.757632254e-05 1.757867793e-05 0.0001340097007
12 57 1.483225481e-05 1.48345541e-05 0.0001550193474
12 58 1.25169554e-05 1.251889223e-05 0.0001547360839
12 59 1.056275858e-05 1.056480219e-05 0.0001934734819
12 60 8.913336766e-06 8.915829533e-06 0.0002796670537
12 61 7.520392555e-06 7.524329797e-06 0.0005235420607
12 62 6.344705869e-06 6.350095438e-06 0.0008494592743
12 63 5.352545373e-06 5.359196202e-06 0.001242554449
12 64 4.515443558e-06 4.52299994e-06 0.00167345286
12 65 3.808448278e-06 3.817345898e-06 0.002336284936
12 66 3.212046113e-06 3.221846804e-06 0.00305122977
12 67 2.708643111e-06 -1.094628014e-799 -1
12 68 2.283529783e-06 2.295188942e-06 0.005105761815
12 69 1.924956787e-06 1.937266048e-06 0.00639456506
12 70 1.622253892e-06 1.63519601e-06 0.007977862083
12 71 1.366957706e-06 1.380258174e-06 0.00972997718
12 72 1.151347439e-06 1.165094075e-06 0.01193960718
13 1 0.05284047125 0.05286559835 0.0004755276433
13 2 0.05161985136 0.05164400276 0.0004678704005
13 3 0.04967687487 0.04969944935 0.0004544263438
13 4 0.04713331011 0.04715391828 0.000437231555
13 5 0.0441340469 0.04415249269 0.0004179491681
13 6 0.04083005113 0.04084618758 0.0003952100064
13 7 0.03736382355 0.03737777141 0.0003732984032
13 8 0.03386015944 0.03387207614 0.0003519388021
13 9 0.03042080209 0.03043088261 0.0003313695143
13 10 0.02712320676 0.02713159668 0.00030932612
13 11 0.02402172111 0.02402859123 0.0002859962843
13 12 0.02115052919 0.0211561176 0.0002642208785
13 13 0.01852748329 0.01853190489 0.0002386507066
13 14 0.01615739273 0.01616083324 0.0002129373979
13 15 0.01403567499 0.01403830895 0.0001876619662
13 16 0.01215117033 nan -nan
13 17 0.01048850917 0.01048996925 0.0001392071047
13 18 0.009029911526 0.009030938638 0.000113745539
13 19 0.007756517135 0.007757220743 9.071191352e-05
13 20 0.006649461327 0.006649916744 6.848930711e-05
13 21 0.005690481778 0.005690743598 4.601015753e-05
13 22 0.004862363141 0.004862465245 2.099875527e-05
13 23 0.004149155028 0.004149144249 -2.597880756e-06
13 24 0.003536327015 0.003536262905 -1.812920131e-05
13 25 0.003010850538 0.00301075249 -3.256509006e-05
13 26 0.002561081819 0.002560960414 -4.74034945e-05
13 27 0.002176711802 0.002176577545 -6.167897092e-05
13 28 0.001848692055 0.001848542017 -8.115925065e-05
13 29 0.001569084525 0.001568931187 -9.772430479e-05
13 30 0.001331003422 0.001330849825 -0.0001153992562
13 31 0.001128474382 0.00112831998 -0.0001368241494
13 32 0.0009563158251 0.0009561759876 -0.0001462252414
13 33 0.0008100928013 0.0008099667014 -0.0001556609647
13 34 0.0006859798121 0.0006858660019 -0.0001659090461
13 35 0.0005806897866 0.000580591974 -0.0001684420551
13 36 0.0004914159488 0.0004913346734 -0.0001653903285
13 37 0.0004157545642 0.000415692106 -0.0001502285334
13 38 0.0003516622821 nan -nan
13 39 0.0002973862321 0.0002973519759 -0.0001151911172
13 40 0.0002514421477 0.0002514175929 -9.76558857e-05
13 41 0.0002125601119 0.0002125441107 -7.527844158e-05
13 42 0.0001796615968 0.0001796547553 -3.80795504e-05
13 43 0.0001518360894 0.0001518348499 -8.162984014e-06
13 44 0.0001283068449 0.0001283079317 8.470689329e-06
13 45 0.0001084108854 0.0001084152585 4.033767786e-05
13 46 9.159158668e-05 9.159825604e-05 7.281634139e-05
13 47 7.737542996e-05 7.738351063e-05 0.0001044346226
13 48 6.536205011e-05 6.536995399e-05 0.0001209245979
13 49 5.521013193e-05 5.521793577e-05 0.0001413479519
13 50 4.663245885e-05 4.663991505e-05 0.0001598927787
13 51 3.938489979e-05 3.939253896e-05 0.0001939620782
13 52 3.326284983e-05 3.326990765e-05 0.0002121830306
13 53 2.809151776e-05 2.809785211e-05 0.0002254899778
13 54 2.372400134e-05 2.372907615e-05 0.0002139102219
13 55 2.003500725e-05 2.003903419e-05 0.0002009953485
13 56 1.691932956e-05 1.692243567e-05 0.0001835833419
13 57 1.428781505e-05 1.429028194e-05 0.0001726570007
13 58 1.206512162e-05 1.206735586e-05 0.0001851817365
13 59 1.018741203e-05 -nan -nan
13 60 8.601616791e-06 8.604794469e-06 0.000369428036
13 61 7.26169285e-06 7.266077529e-06 0.0006038094945
13 62 6.130080099e-06 6.135612275e-06 0.0009024637878
13 63 5.174075552e-06 5.181018204e-06 0.001341815124
13 64 4.366900305e-06 4.374944512e-06 0.001842086295
13 65 3.685150719e-06 3.694290227e-06 0.002480090775
13 66 3.109524461e-06 3.11954491e-06 0.003222501984
13 67 2.62347435e-06 2.634231359e-06 0.004100291167
13 68 2.212750941e-06 2.224434605e-06 0.005280153131
13 69 1.865922778e-06 1.8784039e-06 0.006688980617
13 70 1.573077893e-06 1.586216406e-06 0.008352106008
13 71 1.326021002e-06 1.339493073e-06 0.01015977185
13 72 1.117320755e-06 1.131158604e-06 0.01238484857
14 1 0.04332431774 0.04334345588 0.0004417410918
14 2 0.04240529697 0.04242374424 0.0004350226844
14 3 0.04093545058 0.04095275646 0.0004227601474
14 4 0.03899829869 0.03901421518 0.0004081328597
14 5 0.03669529706 0.03670961984 0.0003903165688
14 6 0.03413453101 0.03414714641 0.0003695789167
14 7 0.03142097408 0.03143191987 0.0003483592277
14 8 0.02864937399 nan -nan
14 9 0.02589991459 0.02590788996 0.0003079303975
14 10 0.0232361782 0.02324282402 0.0002860117436
14 11 0.02070531716 0.02071071589 0.0002607410258
14 12 0.01833928997 0.01834365438 0.000237981008
14 13 0.01615739273 0.01616083324 0.0002129373979
14 14 0.01416828089 0.01417096804 0.0001896592758
14 15 0.01237264189 0.01237467295 0.0001641573436
14 16 0.01076509288 0.01076661165 0.0001410825001
14 17 0.009336249284 0.009337331759 0.0001159433027
14 18 0.00807402478 0.008074758206 9.083770033e-05
14 19 0.006964884318 0.00696536079 6.841068249e-05
14 20 0.005994750027 0.005995032997 4.720306199e-05
14 21 0.005149596415 0.005149727627 2.548007182e-05
14 22 0.00441588874 0.004415895667 1.568521768e-06
14 23 0.003780855535 0.003780771139 -2.232185876e-05
14 24 0.003232661217 0.003232538961 -3.781894909e-05
14 25 0.002760557257 0.002760416512 -5.098422645e-05
14 26 0.002354821419 0.00235467358 -6.278168471e-05
14 27 0.002006758813 0.002006609893 -7.42092102e-05
14 28 0.001708658582 0.001708504941 -8.991919491e-05
14 29 0.001453706814 0.001453550882 -0.0001072650452
14 30 0.001235929272 nan -nan
14 31 0.001050118528 0.001049970444 -0.0001410158375
14 32 0.000891734567 0.0008915971362 -0.0001541162916
14 33 0.0007568461365 0.0007567275526 -0.0001566816384
14 34 0.000642065139 0.0006419654476 -0.0001552668275
14 35 0.0005444622964 0.000544383011 -0.0001456215425
14 36 0.0004615253527 0.0004614618264 -0.000137644147
14 37 0.0003910879887 0.0003910398177 -0.0001231716959
14 38 0.0003312990077 0.0003312639889 -0.0001057014807
14 39 0.0002805718018 0.0002805486268 -8.259917242e-05
14 40 0.0002375543268 0.0002375385522 -6.640419189e-05
14 41 0.0002010860184 0.0002010769728 -4.49839815e-05
14 42 0.0001701792963 0.0001701774778 -1.068536192e-05
14 43 0.0001439977485 0.0001439997317 1.377233322e-05
14 44 0.000121823939 0.0001218284411 3.695509634e-05
14 45 0.0001030479452 0.0001030552051 7.045111031e-05
14 46 8.715493648e-05 8.716288927e-05 9.124889674e-05
14 47 7.370297572e-05 7.37122001e-05 0.0001251562481
14 48 6.23208348e-05 6.233017078e-05 0.0001498051522
14 49 5.26921626e-05 5.270030181e-05 0.0001544670967
14 50 4.454655025e-05 4.455413037e-05 0.0001701616565
14 51 3.765661978e-05 -nan -nan
14 52 3.183028182e-05 3.183706969e-05 0.0002132520984
14 53 2.690360212e-05 2.690977634e-05 0.0002294941683
14 54 2.27378408e-05 2.274368007e-05 0.0002568085406
14 55 1.921713126e-05 1.922152022e-05 0.0002283880914
14 56 1.624020447e-05 1.624402103e-05 0.00023500689
14 57 1.372379489e-05 1.372715163e-05 0.0002445926056
14 58 1.159662289e-05 1.159979919e-05 0.0002738986411
14 59 9.79835042e-06 9.801793929e-06 0.0003514376505
14 60 8.277875806e-06 8.28223347e-06 0.000526422966
14 61 6.992722061e-06 6.998061906e-06 0.0007636289875
14 62 5.906507198e-06 5.91286519e-06 0.001076438635
14 63 4.988398189e-06 4.995850324e-06 0.001493893538
14 64 4.212505326e-06 4.220980556e-06 0.002011921569
14 65 3.556824839e-06 3.56624295e-06 0.002647898563
14 66 3.002896878e-06 3.013028226e-06 0.003373858084
14 67 2.534642348e-06 2.545605777e-06 0.004325434192
14 68 2.138901937e-06 2.150679358e-06 0.005506293037
14 69 1.804282605e-06 1.817011116e-06 0.007054610078
14 70 1.521842057e-06 1.5351035e-06 0.008714072635
14 71 1.283392766e-06 1.296930196e-06 0.01054815858
14 72 1.081815737e-06 nan -nan
15 1 0.0355973348 0.03561187406 0.000408436859
15 2 0.03489953478 0.03491354907 0.0004015608044
15 3 0.03377904767 0.03379225393 0.0003909601686
15 4 0.03229404341 0.03230628303 0.0003790056395
15 5 0.03051634617 0.03052741941 0.0003628627138
15 6 0.02852386649 0.02853367896 0.0003440092559
15 7 0.02639411177 0.02640264331 0.0003232363372
15 8 0.02419886437 0.02420617437 0.0003020804407
15 9 0.02200066777 0.02200684835 0.0002809269915
15 10 0.01985092037 0.01985607071 0.0002594508228
15 11 0.01778939448 0.01779359768 0.0002362756226
15 12 0.015844722 0.01584808815 0.0002124457407
15 13 0.01403567499 0.01403830895 0.0001876619662
15 14 0.01237264189 0.01237467295 0.0001641573436
15 15 0.01085937359 0.01086086855 0.0001376648499
15 16 0.009494331156 0.009495418528 0.0001145285105
15 17 0.008272331768 0.008273073264 8.963563406e-05
15 18 0.007185521501 0.007185993766 6.572459709e-05
15 19 0.006224437614 0.006224715077 4.457632497e-05
15 20 0.005378758664 0.005378901925 2.663450848e-05
15 21 0.004637902338 0.004637919834 3.772263776e-06
15 22 0.003991330864 -5.965661689e-682 -1
15 23 0.003428926717 0.003428789264 -4.008642307e-05
15 24 0.002941166278 0.002941011885 -5.249369424e-05
15 25 0.002519277671 0.002519109924 -6.658552396e-05
15 26 0.002155199774 0.002155032154 -7.777444637e-05
15 27 0.001841662415 0.00184149966 -8.837368851e-05
15 28 0.001572143955 0.001571989353 -9.833861121e-05
15 29 0.001340845332 0.001340698251 -0.0001096923464
15 30 0.001142635696 0.001142495871 -0.000122371184
15 31 0.0009730018739 0.0009728701457 -0.0001353832436
15 32 0.0008279877803 0.0008278707903 -0.0001412944243
15 33 0.0007041545762 0.0007040528224 -0.0001445049829
15 34 0.0005985045296 0.0005984220873 -0.0001377471509
15 35 0.000508447445 0.0005083839373 -0.0001249051612
15 36 0.0004317426143 0.0004316957389 -0.000108572613
15 37 0.0003664573527 0.0003664235247 -9.231080529e-05
15 38 0.000310926432 0.0003109028601 -7.581176755e-05
15 39 0.0002637165747 0.0002637038284 -4.833312448e-05
15 40 0.0002236055294 0.0002235999302 -2.504059165e-05
15 41 0.0001895423438 0.0001895406284 -9.050367858e-06
15 42 0.0001606250561 0.0001606272365 1.357426577e-05
15 43 0.0001360862194 -nan -nan
15 44 0.0001152717616 0.0001152789135 6.204427776e-05
15 45 9.762070171e-05 9.762941496e-05 8.92561908e-05
15 46 8.265707505e-05 8.266694423e-05 0.0001193990895
15 47 6.997508034e-05 6.99858419e-05 0.0001537913498
15 48 5.923080733e-05 5.924091347e-05 0.0001706230192
15 49 5.012906532e-05 5.013859502e-05 0.0001901033526
15 50 4.242092293e-05 4.242936814e-05 0.0001990812261
15 51 3.589319801e-05 3.590125744e-05 0.0002245392999
15 52 3.036693241e-05 3.03742635e-05 0.0002414166423
15 53 2.568908207e-05 2.569560259e-05 0.0002538245444
15 54 2.172907576e-05 2.173564057e-05 0.0003021210446
15 55 1.837887581e-05 1.838442306e-05 0.0003018275304
15 56 1.554372721e-05 1.554871716e-05 0.0003210262566
15 57 1.314489462e-05 1.314949113e-05 0.000349680017
15 58 1.111540234e-05 1.111976887e-05 0.0003928364894
15 59 9.398052436e-06 9.402804571e-06 0.0005056509908
15 60 7.944994333e-06 7.950530588e-06 0.0006968229813
15 61 6.715700571e-06 6.722238523e-06 0.0009735324136
15 62 5.676130778e-06 5.683458853e-06 0.001291033591
15 63 4.796976781e-06 4.805009705e-06 0.001674580684
15 64 4.053329927e-06 nan -nan
15 65 3.424530913e-06 3.434092349e-06 0.002792042596
15 66 2.892748222e-06 2.903026574e-06 0.003553144397
15 67 2.442659139e-06 2.454022826e-06 0.004652178733
15 68 2.062241707e-06 2.074416335e-06 0.00590358936
15 69 1.740463129e-06 1.753493243e-06 0.007486578145
15 70 1.468786894e-06 1.482190907e-06 0.009125907113
15 71 1.239088184e-06 1.252844072e-06 0.01110162187
15 72 1.044892383e-06 1.058969901e-06 0.01347269657
16 1 0.02930314011 0.02931413423 0.0003751855502
16 2 0.02876933823 0.02877998364 0.0003700264437
16 3 0.02790936422 0.02791947727 0.0003623532232
16 4 0.02676433151 0.02677372477 0.0003509620186
16 5 0.02538551223 0.02539400594 0.0003345887953
16 6 0.02382945081 0.02383697243 0.0003156439066
16 7 0.02215348677 0.02216006595 0.0002969814811
16 8 0.02041205691 0.02041769506 0.0002762163897
16 9 0.01865371664 0.01865845747 0.0002541492421
16 10 0.01691952752 0.01692346003 0.0002324243736
16 11 0.01524240732 0.01524562112 0.0002108458918
16 12 0.01364718235 0.01364974818 0.0001880116956
16 13 0.01215117033 0.01215315611 0.0001634225497
16 14 0.01076509288 -nan -nan
16 15 0.009494331156 0.009495418528 0.0001145285105
16 16 0.00833980566 0.00834052573 8.63413752e-05
16 17 0.007299106489 0.007299559986 6.213044836e-05
16 18 0.006367479633 0.006367740916 4.103387489e-05
16 19 0.005538534207 0.005538654573 2.173248404e-05
16 20 0.004804855981 0.004804883026 5.628802173e-06
16 21 0.004158571057 0.004158499069 -1.731062186e-05
16 22 0.003591582072 0.003591441538 -3.912875033e-05
16 23 0.003095965878 0.003095789322 -5.702757823e-05
16 24 0.002664145908 0.002663952318 -7.266489401e-05
16 25 0.002288992807 0.002288796284 -8.585579207e-05
16 26 0.001963896411 0.001963716535 -9.159138591e-05
16 27 0.001682841324 0.001682673123 -9.995063676e-05
16 28 0.001440349712 0.001440197885 -0.0001054098395
16 29 0.001231521538 0.00123138168 -0.0001135653583
16 30 0.001051978138 0.001051848296 -0.0001234270382
16 31 0.0008978385771 0.0008977200112 -0.0001320570327
16 32 0.0007656848558 0.0007655785097 -0.0001388902063
16 33 0.0006525144835 0.0006524238718 -0.0001388653919
16 34 0.000555704547 0.0005556335567 -0.0001277481137
16 35 0.0004729740959 -nan -nan
16 36 0.0004023438523 0.0004023065014 -9.283346843e-05
16 37 0.0003420897339 0.0003420654344 -7.103243889e-05
16 38 0.0002907244184 0.0002907131603 -3.872415524e-05
16 39 0.0002469691851 0.0002469675967 -6.431697211e-06
16 40 0.0002097239611 0.0002097248732 4.349258723e-06
16 41 0.0001780343282 0.0001780361214 1.007210989e-05
16 42 0.000151082304 0.0001510869108 3.049168022e-05
16 43 0.0001281720183 0.0001281791265 5.545798803e-05
16 44 0.0001087071366 0.0001087150704 7.298406113e-05
16 45 9.217377744e-05 9.218356763e-05 0.0001062144625
16 46 7.813677064e-05 7.814786628e-05 0.0001420028852
16 47 6.622379569e-05 6.623513135e-05 0.0001711720998
16 48 5.611648567e-05 5.612734511e-05 0.0001935160297
16 49 4.754424878e-05 4.755344477e-05 0.0001934197899
16 50 4.027404398e-05 4.028254268e-05 0.0002110218304
16 51 3.41099001e-05 3.411809057e-05 0.0002401198541
16 52 2.888511999e-05 2.889286463e-05 0.0002681187467
16 53 2.445705866e-05 2.446466215e-05 0.0003108912314
16 54 2.070550763e-05 2.071261349e-05 0.0003431872647
16 55 1.752775357e-05 1.753402524e-05 0.000357813694
16 56 1.483569745e-05 nan -nan
16 57 1.255578045e-05 1.256153398e-05 0.0004582374868
16 58 1.062495278e-05 1.063074138e-05 0.000544812613
16 59 8.989910111e-06 8.995983002e-06 0.0006755229328
16 60 7.605624445e-06 7.612031835e-06 0.0008424540578
16 61 6.433291361e-06 6.440535301e-06 0.001126008265
16 62 5.441164874e-06 5.448978005e-06 0.001435929813
16 63 4.601336511e-06 4.609799336e-06 0.001839210031
16 64 3.890325893e-06 3.899643133e-06 0.002394976892
16 65 3.288685778e-06 3.298719968e-06 0.003051124533
16 66 2.779508352e-06 2.790265338e-06 0.003870103804
16 67 2.348312042e-06 2.360079544e-06 0.005011047122
16 68 1.983590855e-06 1.996137069e-06 0.006325001292
16 69 1.674877521e-06 1.688255057e-06 0.007987173105
16 70 1.414058491e-06 1.42781205e-06 0.009726301254
16 71 1.193427008e-06 1.207509415e-06 0.01179997373
16 72 1.006712207e-06 1.021169047e-06 0.01436044994
17 1 0.02416180704 0.02417012466 0.0003442466072
17 2 0.02375082535 0.02375890306 0.0003401020877
17 3 0.02308688689 0.02309458301 0.0003333543984
17 4 0.02219935322 0.02220648625 0.0003213170469
17 5 0.0211251286 0.02113158443 0.0003055994819
17 6 0.01990554777 nan -nan
17 7 0.01858327653 0.0185883146 0.000271107785
17 8 0.01719954741 0.01720385506 0.000250451473
17 9 0.01579195692 0.01579554624 0.0002272881119
17 10 0.01439305087 0.01439601745 0.0002061119437
17 11 0.01302976087 0.01303217147 0.0001850070527
17 12 0.0117231168 0.01172502385 0.0001626748063
17 13 0.01048850917 0.01048996925 0.0001392071047
17 14 0.009336249284 0.009337331759 0.0001159433027
17 15 0.008272331768 0.008273073264 8.963563406e-05
17 16 0.007299106489 0.007299559986 6.213044836e-05
17 17 0.006416068954 0.006416315534 3.843151198e-05
17 18 0.00562060452 0.00562071407 1.94908866e-05
17 19 0.004908575521 0.004908587886 2.519146131e-06
17 20 0.004274794007 0.004274739035 -1.285948562e-05
17 21 0.003713477588 0.003713355258 -3.294198865e-05
17 22 0.003218502492 0.003218336991 -5.142177233e-05
17 23 0.00278374022 0.002783545818 -6.983471929e-05
17 24 0.002403195403 0.002402986155 -8.70705812e-05
17 25 0.002071132384 0.002070931962 -9.676910781e-05
17 26 0.001782189424 0.001782009468 -0.0001009746999
17 27 0.001531410941 nan -nan
17 28 0.00131423773 0.001314090573 -0.0001119715181
17 29 0.001126555362 0.001126420979 -0.0001192865539
17 30 0.0009646544519 0.000964529791 -0.0001292285751
17 31 0.0008252147949 0.0008251067723 -0.0001309024119
17 32 0.0007053052188 0.0007052132013 -0.0001304647552
17 33 0.0006023277425 0.0006022532826 -0.0001236202138
17 34 0.0005140010957 0.0005139441572 -0.0001107750539
17 35 0.0004383272456 0.0004382858603 -9.441643978e-05
17 36 0.0003735600731 0.000373532165 -7.470840346e-05
17 37 0.0003181788657 0.0003181629255 -5.009817349e-05
17 38 0.0002708616801 0.0002708583 -1.247893111e-05
17 39 0.0002304709364 0.00023047505 1.784852717e-05
17 40 0.0001960177259 0.0001960249886 3.705132739e-05
17 41 0.0001666478567 0.0001666555581 4.621350688e-05
17 42 0.0001416240239 0.000141632458 5.955253981e-05
17 43 0.0001203155578 0.0001203242048 7.186950692e-05
17 44 0.0001021787636 0.0001021884818 9.510972396e-05
17 45 8.67491553e-05 8.676012813e-05 0.0001264892084
17 46 7.362897599e-05 7.364061219e-05 0.0001580383649
17 47 6.247755764e-05 6.248883751e-05 0.0001805427066
17 48 5.300251822e-05 nan -nan
17 49 4.495490377e-05 4.496432721e-05 0.0002096198109
17 50 3.812121298e-05 3.812967645e-05 0.0002220147985
17 51 3.231943487e-05 3.232771038e-05 0.0002560537154
17 52 2.739518181e-05 2.740371604e-05 0.0003115231076
17 53 2.321725188e-05 2.322587507e-05 0.0003714130022
17 54 1.967406802e-05 1.968193742e-05 0.0003999886432
17 55 1.666940508e-05 1.667636472e-05 0.0004175099985
17 56 1.412144839e-05 1.412788008e-05 0.0004554555087
17 57 1.196134236e-05 1.196736885e-05 0.0005038306529
17 58 1.012949053e-05 1.013608192e-05 0.0006507126058
17 59 8.577190976e-06 8.584099363e-06 0.0008054370294
17 60 7.261719938e-06 7.269017877e-06 0.001004987648
17 61 6.147068945e-06 6.154830229e-06 0.001262599222
17 62 5.202611824e-06 5.210969331e-06 0.001606405913
17 63 4.402253482e-06 4.411493272e-06 0.002098877331
17 64 3.724396579e-06 3.734390956e-06 0.002683488959
17 65 3.150428714e-06 3.160990797e-06 0.003352585864
17 66 2.664240444e-06 2.675457451e-06 0.004210208219
17 67 2.252294675e-06 2.264363662e-06 0.005358529137
17 68 1.903484809e-06 1.91632617e-06 0.006746237794
17 69 1.608023705e-06 1.621696129e-06 0.008502626057
17 70 1.358151186e-06 -nan -nan
17 71 1.146677944e-06 1.161198231e-06 0.01266291656
18 1 0.01995204404 0.01995829956 0.000313527744
18 2 0.01963383271 0.01963990344 0.0003091971959
18 3 0.01911851823 0.01912430982 0.0003029309244
18 4 0.01842727306 0.0184326459 0.0002915696661
18 5 0.0175869022 0.01759179726 0.0002783359175
18 6 0.01662786427 0.01663223643 0.0002629420313
18 7 0.01558199685 0.01558582533 0.0002456989181
18 8 0.01448056736 0.01448383691 0.0002257891702
18 9 0.01335262467 0.01335536065 0.0002049022761
18 10 0.01222394349 0.01222616877 0.0001820426837
18 11 0.01111627176 0.0111180445 0.0001594718217
18 12 0.01004714789 0.01004851959 0.0001365262937
18 13 0.009029911526 0.009030938638 0.000113745539
18 14 0.00807402478 0.008074758206 9.083770033e-05
18 15 0.007185521501 0.007185993766 6.572459709e-05
18 16 0.006367479633 0.006367740916 4.103387489e-05
18 17 0.00562060452 0.00562071407 1.94908866e-05
18 18 0.004943752656 0.004943762701 2.032006836e-06
18 19 0.004334398338 0.004334339885 -1.348592747e-05
18 20 0.003789007868 2.085137715e+3267 5.503123213e+3269
18 21 0.003303439475 0.003303289217 -4.548537302e-05
18 22 0.002873098806 0.002872925212 -6.042062874e-05
18 23 0.002493297965 0.002493112637 -7.433051937e-05
18 24 0.002159366643 0.00215915991 -9.573740812e-05
18 25 0.001866707699 0.001866510031 -0.0001058908112
18 26 0.001611003652 0.001610824877 -0.0001109711587
18 27 0.001388200467 0.001388039966 -0.0001156180692
18 28 0.00119454103 0.001194396098 -0.0001213291269
18 29 0.001026584432 0.001026453347 -0.0001276912252
18 30 0.0008812093911 0.0008810920065 -0.0001332085258
18 31 0.0007556029909 0.0007555041944 -0.0001307519025
18 32 0.0006472597411 0.0006471790857 -0.0001246105887
18 33 0.000553945999 0.0005538840842 -0.0001117705748
18 34 0.0004736912134 0.000473643688 -0.0001003298992
18 35 0.0004047535034 0.0004047173635 -8.928880948e-05
18 36 0.0003456007609 0.0003455773753 -6.766641089e-05
18 37 0.0002948963861 0.00029488724 -3.101481232e-05
18 38 0.0002514789057 0.0002514812461 9.306406274e-06
18 39 0.0002143358625 0.0002143453193 4.412115152e-05
18 40 0.000182587681 0.0001825993826 6.408764349e-05
18 41 0.0001554683892 nan -nan
18 42 0.0001323204791 0.0001323321944 8.853725778e-05
18 43 0.0001125731226 0.0001125836996 9.395598468e-05
18 44 9.573484465e-05 9.574604726e-05 0.0001170170344
18 45 8.138746644e-05 8.139791054e-05 0.0001283256034
18 46 6.916568896e-05 6.91772844e-05 0.0001676472967
18 47 5.87621032e-05 5.877349796e-05 0.0001939135023
18 48 4.990905352e-05 4.992022016e-05 0.0002237396994
18 49 4.237972851e-05 4.238935469e-05 0.000227141238
18 50 3.597675263e-05 3.598572584e-05 0.0002494170123
18 51 3.053343303e-05 3.05424643e-05 0.0002957828972
18 52 2.590828176e-05 2.591700939e-05 0.0003368663235
18 53 2.197852639e-05 2.198765247e-05 0.0004152269322
18 54 1.864157647e-05 1.865055327e-05 0.0004815471744
18 55 1.580895565e-05 1.581716882e-05 0.0005195261933
18 56 1.340468397e-05 1.341204097e-05 0.0005488376397
18 57 1.136409423e-05 1.137089505e-05 0.0005984483462
18 58 9.631747267e-06 9.639007907e-06 0.0007538238222
18 59 8.162128146e-06 8.169808538e-06 0.000940979108
18 60 6.915563322e-06 6.92367953e-06 0.001173614831
18 61 5.858315958e-06 5.866931304e-06 0.001470618136
18 62 4.961860349e-06 4.970924694e-06 0.001826803761
18 63 4.201374754e-06 nan -nan
18 64 3.55688597e-06 3.567449774e-06 0.002969958509
18 65 3.010566351e-06 3.021744259e-06 0.00371289222
18 66 2.547472344e-06 2.559296029e-06 0.004641339963
18 67 2.154992339e-06 2.167447561e-06 0.005779705637
18 68 1.822194044e-06 1.835456385e-06 0.007278226837
18 69 1.540273299e-06 1.554207262e-06 0.009046422667
18 70 1.301560131e-06 1.315967212e-06 0.01106908581
18 71 1.099362269e-06 1.114177113e-06 0.01347585253
19 1 0.01649773918 0.01650235528 0.0002798021663
19 2 0.0162500785 0.01625457543 0.000276732904
19 3 0.01584820026 0.01585250272 0.0002714788526
19 4 0.01530748407 0.01531149914 0.0002622945791
19 5 0.0146475969 0.01465126755 0.000250597587
19 6 0.01389108853 0.01389436697 0.0002360109121
19 7 0.01306182294 0.01306467641 0.0002184590596
19 8 0.01218355043 0.01218597136 0.0001987047976
19 9 0.01127870712 0.01128073212 0.0001795425832
19 10 0.01036760167 0.01036924975 0.0001589648863
19 11 0.009467742526 0.009469045632 0.0001376363353
19 12 0.008593603045 0.008594582562 0.0001139821951
19 13 0.007756517135 8.534273882e-3354 -1
19 14 0.006964884318 0.00696536079 6.841068249e-05
19 15 0.006224437614 0.006224715077 4.457632497e-05
19 16 0.005538534207 0.005538654573 2.173248404e-05
19 17 0.004908575521 0.004908587886 2.519146131e-06
19 18 0.004334398338 0.004334339885 -1.348592747e-05
19 19 0.003814603092 0.003814507441 -2.507512955e-05
19 20 0.003346906751 0.003346778497 -3.832002706e-05
19 21 0.002928364749 0.00292820757 -5.367480117e-05
19 22 0.002555623833 0.00255544583 -6.965157652e-05
19 23 0.002225110182 0.002224927371 -8.215805325e-05
19 24 0.00193321131 0.00193301539 -0.0001013446667
19 25 0.001676302217 0.001676113123 -0.0001128043865
19 26 0.001450920293 0.001450744815 -0.000120942965
19 27 0.001253771519 0.001253611875 -0.0001273309183
19 28 0.001081772015 0.00108162906 -0.000132149036
19 29 0.0009320708499 0.0009319449337 -0.0001350929791
19 30 0.0008020596351 0.0008019502983 -0.0001363201182
19 31 0.0006893694599 0.0006892776803 -0.0001331356198
19 32 0.0005918676142 0.0005917943876 -0.0001237212367
19 33 0.0005076469736 0.0005075911635 -0.0001099388345
19 34 0.0004350085708 nan -nan
19 35 0.0003724475037 0.000372418477 -7.793519117e-05
19 36 0.0003186305463 0.0003186130987 -5.475822513e-05
19 37 0.0002723878382 0.0002723830328 -1.764167555e-05
19 38 0.00023270056 0.0002327039881 1.473156428e-05
19 39 0.0001986693583 0.000198680991 5.855315245e-05
19 40 0.0001695197673 0.0001695341174 8.465168395e-05
19 41 0.0001445698709 0.0001445853103 0.0001067957731
19 42 0.0001232316623 0.0001232463326 0.0001190471965
19 43 0.0001049944493 0.0001050078534 0.0001276653893
19 44 8.941734977e-05 8.942963488e-05 0.000137390657
19 45 7.612090832e-05 7.613176405e-05 0.0001426115987
19 46 6.477567835e-05 6.478686129e-05 0.0001726409358
19 47 5.510176882e-05 5.511318866e-05 0.0002072500035
19 48 4.685822386e-05 4.686857958e-05 0.0002210011211
19 49 3.983499675e-05 3.984511106e-05 0.0002539051551
19 50 3.385426574e-05 3.386444271e-05 0.0003006111756
19 51 2.87632923e-05 2.877375047e-05 0.0003635941276
19 52 2.443200539e-05 2.444218823e-05 0.000416782967
19 53 2.074790968e-05 2.075781585e-05 0.0004774538542
19 54 1.761521832e-05 1.762493729e-05 0.0005517371054
19 55 1.495281693e-05 1.496179812e-05 0.000600635462
19 56 1.269027692e-05 nan -nan
19 57 1.076797903e-05 1.077578443e-05 0.0007248711844
19 58 9.134227904e-06 9.142557544e-06 0.0009119150889
19 59 7.747003669e-06 7.755624197e-06 0.001112756458
19 60 6.56908362e-06 6.578096362e-06 0.001371993808
19 61 5.56911076e-06 5.57855889e-06 0.001696524044
19 62 4.720468821e-06 4.730268265e-06 0.002075947125
19 63 3.999990934e-06 4.010466421e-06 0.002618877728
19 64 3.388694794e-06 3.39979357e-06 0.003275236192
19 65 2.8700086e-06 2.88178613e-06 0.004103656591
19 66 2.430047725e-06 2.44244772e-06 0.005102778602
19 67 2.056974407e-06 2.069882819e-06 0.006275436272
19 68 1.740369556e-06 1.753984116e-06 0.00782279831
19 69 1.472056458e-06 1.486165843e-06 0.009584811891
19 70 1.244621261e-06 1.259136424e-06 0.01166231313
19 71 1.051804287e-06 1.066704754e-06 0.01416657759
20 1 0.01365786871 0.01366124935 0.0002475236899
20 2 0.01346426919 0.01346754488 0.00024328705
20 3 0.01314951511 0.01315265182 0.0002385412983
20 4 0.01272489137 0.01272783223 0.0002311110481
20 5 0.01220494453 0.0122076285 0.0002199081109
20 6 0.01160643841 -nan -nan
20 7 0.01094734215 0.01094943246 0.0001909419033
20 8 0.01024575132 0.01024753054 0.0001736549787
20 9 0.009519033315 0.009520511592 0.0001552969212
20 10 0.008783138894 0.008784320163 0.0001344927736
20 11 0.008052060039 0.008052983441 0.0001146789365
20 12 0.007337659639 0.007338334546 9.197856016e-05
20 13 0.006649461327 0.006649916744 6.848930711e-05
20 14 0.005994750027 0.005995032997 4.720306199e-05
20 15 0.005378758664 0.005378901925 2.663450848e-05
20 16 0.004804855981 0.004804883026 5.628802173e-06
20 17 0.004274794007 0.004274739035 -1.285948562e-05
20 18 0.003789007868 0.003788909756 -2.589376943e-05
20 19 0.003346906751 0.003346778497 -3.832002706e-05
20 20 0.002947065432 0.002946918374 -4.989967783e-05
20 21 0.002587476507 0.002587310982 -6.397159053e-05
20 22 0.00226571001 0.002265533975 -7.769525942e-05
20 23 0.001979097311 0.001978917054 -9.108068886e-05
20 24 0.001724850836 0.001724667896 -0.0001060612082
20 25 0.001500153525 0.001499970757 -0.0001218327924
20 26 0.001302232492 0.001302061124 -0.0001315955668
20 27 0.001128432758 nan -nan
20 28 0.0009762473155 0.0009761113709 -0.0001392522452
20 29 0.0008433275707 0.0008432059304 -0.0001442384221
20 30 0.000727499025 0.0007273942337 -0.0001440431683
20 31 0.0006267823044 0.0006266914793 -0.0001449069292
20 32 0.0005393655544 0.0005392961899 -0.0001286038873
20 33 0.0004636362769 0.0004635844537 -0.0001117755185
20 34 0.0003981382372 0.0003981011227 -9.321999751e-05
20 35 0.0003415722062 0.0003415490614 -6.775970131e-05
20 36 0.0002927877731 0.0002927772924 -3.579628288e-05
20 37 0.000250767835 0.0002507686781 3.361958605e-06
20 38 0.000214618816 0.0002146276086 4.096869002e-05
20 39 0.0001835557239 0.0001835680312 6.704937657e-05
20 40 0.0001568852574 0.0001569020496 0.0001070349396
20 41 0.0001340118518 0.0001340292391 0.000129744349
20 42 0.0001144098693 0.0001144267591 0.0001476251498
20 43 9.762503018e-05 9.764030056e-05 0.0001564187305
20 44 8.326186876e-05 8.327586844e-05 0.000168140374
20 45 7.09799279e-05 7.099237706e-05 0.0001753899083
20 46 6.048318114e-05 6.04950203e-05 0.0001957430784
20 47 5.151808402e-05 5.152936698e-05 0.0002190096326
20 48 4.38650675e-05 4.387612718e-05 0.0002521295062
20 49 3.733520533e-05 nan -nan
20 50 3.176702971e-05 3.177827174e-05 0.0003538899948
20 51 2.702056281e-05 2.703193006e-05 0.0004206891078
20 52 2.297686969e-05 2.298787344e-05 0.0004789052605
20 53 1.953337278e-05 1.954353401e-05 0.0005201981253
20 54 1.660110277e-05 1.661104784e-05 0.0005990606855
20 55 1.410605717e-05 1.411520441e-05 0.0006484615631
20 56 1.198284355e-05 1.199166983e-05 0.0007365765533
20 57 1.017719607e-05 1.018545009e-05 0.0008110299628
20 58 8.640889879e-06 8.64956368e-06 0.001003808701
20 59 7.334277402e-06 7.343897036e-06 0.001311599427
20 60 6.224510536e-06 6.234218596e-06 0.001559650443
20 61 5.281423995e-06 5.2913307e-06 0.001875763903
20 62 4.479912218e-06 4.490340771e-06 0.002327847534
20 63 3.798962449e-06 3.810035656e-06 0.002914797687
20 64 3.220724155e-06 3.232345012e-06 0.003608150483
20 65 2.729618522e-06 2.741881467e-06 0.004492548718
20 66 2.312639809e-06 2.325546867e-06 0.005581092871
20 67 1.958802801e-06 1.972195381e-06 0.006837125484
20 68 1.658283552e-06 1.672345429e-06 0.008479778269
20 69 1.403557747e-06 1.417933516e-06 0.01024237829
20 70 1.187485556e-06 8.152529441e-4760 -1
20 71 1.004093598e-06 1.019029709e-06 0.01487521776
21 1 0.01131922195 0.01132163158 0.0002128796641
21 2 0.01116726077 0.01116957964 0.0002076483702
21 3 0.0109198018 0.01092200514 0.0002017739838
21 4 0.01058514619 0.01058722594 0.0001964778038
21 5 0.01017415104 0.01017604601 0.0001862538762
21 6 0.009699339416 0.009701040884 0.0001754209702
21 7 0.009174309692 0.009175791725 0.0001615417089
21 8 0.00861287964 0.00861414269 0.0001466465987
21 9 0.008028501531 0.008029541681 0.0001295571372
21 10 0.007433689131 0.007434505001 0.0001097530736
21 11 0.0068396122 0.006840225554 8.967668523e-05
21 12 0.006255902718 0.006256325892 6.764395586e-05
21 13 0.005690481778 0.005690743598 4.601015753e-05
21 14 0.005149596415 0.005149727627 2.548007182e-05
21 15 0.004637902338 0.004637920273 3.866914468e-06
21 16 0.004158571057 0.004158499069 -1.731062186e-05
21 17 0.003713477588 0.003713355258 -3.294198865e-05
21 18 0.003303439475 0.003303289217 -4.548537302e-05
21 19 0.002928364749 0.00292820757 -5.367480117e-05
21 20 0.002587476507 nan -nan
21 21 0.00227943047 0.002279265432 -7.240351608e-05
21 22 0.00200251781 0.002002352893 -8.23549953e-05
21 23 0.001754768136 0.001754599806 -9.592718338e-05
21 24 0.001534044909 0.001533883449 -0.0001052508804
21 25 0.001338178485 0.001338017517 -0.0001202890249
21 26 0.001164978848 0.001164818927 -0.0001372738543
21 27 0.001012305501 0.001012158219 -0.000145491774
21 28 0.00087812892 0.0008779960183 -0.0001513464191
21 29 0.0007605239249 0.0007604079463 -0.0001524982458
21 30 0.000657702197 0.0006576002008 -0.0001550795961
21 31 0.0005680035903 0.0005679177569 -0.0001511142082
21 32 0.0004899133389 0.0004898468952 -0.0001356232743
21 33 0.0004220646666 0.0004220134868 -0.000121260397
21 34 0.0003632141924 0.0003631782201 -9.903890964e-05
21 35 0.0003122483194 0.0003122297249 -5.955031299e-05
21 36 0.0002681836236 0.0002681763541 -2.710631915e-05
21 37 0.0002301336873 0.0002301372108 1.531041808e-05
21 38 0.0001973215772 0.0001973328701 5.723109255e-05
21 39 0.0001690614468 0.0001690761266 8.683085925e-05
21 40 0.0001447455516 0.0001447630048 0.0001205782732
21 41 0.0001238459514 0.0001238641854 0.0001472306046
21 42 0.0001058969552 -1.229602437e-2996 -1
21 43 9.049940013e-05 9.051801645e-05 0.0002057065564
21 44 7.729922129e-05 7.731605321e-05 0.0002177502954
21 45 6.599136688e-05 6.600619114e-05 0.0002246395143
21 46 5.631040847e-05 5.632404858e-05 0.0002422305656
21 47 4.802815693e-05 4.804078426e-05 0.0002629151513
21 48 4.094586568e-05 4.09586144e-05 0.0003113555669
21 49 3.489353525e-05 3.490683141e-05 0.0003810495467
21 50 2.972550395e-05 2.973828258e-05 0.0004298877413
21 51 2.531398303e-05 2.53262671e-05 0.0004852682597
21 52 2.155029608e-05 2.156181045e-05 0.0005343021121
21 53 1.834042307e-05 1.835127725e-05 0.0005918172902
21 54 1.560397332e-05 1.561428594e-05 0.0006608972962
21 55 1.327266129e-05 1.328189151e-05 0.0006954312652
21 56 1.128657415e-05 1.129500503e-05 0.0007469833461
21 57 9.594703291e-06 9.60302186e-06 0.0008669959649
21 58 8.153593045e-06 8.162633092e-06 0.001108719483
21 59 6.926834093e-06 6.936797311e-06 0.001438350922
21 60 5.883532371e-06 5.893852425e-06 0.001754057419
21 61 4.996228598e-06 5.006749468e-06 0.002105762362
21 62 4.241501175e-06 4.252392464e-06 0.002567791088
21 63 3.599570697e-06 7.736673484e-430 -1
21 64 3.053839107e-06 3.065968263e-06 0.003971773226
21 65 2.590046854e-06 2.602748611e-06 0.004904064598
21 66 2.195918085e-06 2.209190508e-06 0.006044133817
21 67 1.861116985e-06 1.874881409e-06 0.007395786482
21 68 1.576642748e-06 1.590952608e-06 0.009076158954
21 69 1.335196856e-06 1.349852842e-06 0.01097664788
21 70 1.130264211e-06 1.145154585e-06 0.01317424131
22 1 0.00939035303 0.009392043379 0.0001800091138
22 2 0.009270633824 0.009272244191 0.0001737062578
22 3 0.00907539828 0.009076909428 0.000166510334
22 4 0.008810807831 0.008812223996 0.000160730399
22 5 0.008484966156 0.008486262919 0.0001528306625
22 6 0.008107345881 0.008108488945 0.0001409911683
22 7 0.007688222719 0.007689206411 0.0001279479219
22 8 0.007238186088 0.007239021982 0.0001154839264
22 9 0.006767678051 0.006768354823 0.0001000005894
22 10 0.006286500777 0.006287026667 8.365379716e-05
22 11 0.005803568369 0.005803948847 6.555923938e-05
22 12 0.005326680026 0.005326910893 4.33415335e-05
22 13 0.004862363141 0.004862465245 2.099875527e-05
22 14 0.00441588874 nan -nan
22 15 0.003991330864 0.00399125311 -1.948065574e-05
22 16 0.003591582072 0.003591441538 -3.912875033e-05
22 17 0.003218502492 0.003218336991 -5.142177233e-05
22 18 0.002873098806 0.002872925212 -6.042062874e-05
22 19 0.002555623833 0.00255544583 -6.965157652e-05
22 20 0.00226571001 0.002265533975 -7.769525942e-05
22 21 0.00200251781 0.002002352893 -8.23549953e-05
22 22 0.001764871221 0.001764713492 -8.937158453e-05
22 23 0.00155133274 0.00155117867 -9.931460726e-05
22 24 0.001360302192 0.001360151737 -0.0001106042506
22 25 0.001190097014 0.001189949299 -0.000124120387
22 26 0.001039004882 0.001038859665 -0.0001397657552
22 27 0.0009053241737 0.0009051882697 -0.0001501164122
22 28 0.0007874172939 0.0007872917703 -0.0001594118898
22 29 0.0006837161347 0.0006836025436 -0.0001661377446
22 30 0.0005927423011 0.0005926452302 -0.0001637657276
22 31 0.0005131273381 0.0005130468401 -0.0001568771446
22 32 0.0004436045326 0.0004435417723 -0.000141477964
22 33 0.0003830223594 0.0003829729142 -0.0001290919925
22 34 0.0003303238423 0.0003302898092 -0.0001030295994
22 35 0.0002845617412 0.0002845446871 -5.993096799e-05
22 36 0.0002448902908 nan -nan
22 37 0.000210552701 0.000210557779 2.411750976e-05
22 38 0.0001808686198 0.0001808812242 6.968817068e-05
22 39 0.000155242911 0.000155259374 0.0001060469915
22 40 0.0001331457905 0.0001331642373 0.0001385457291
22 41 0.0001141122132 0.0001141311941 0.0001663352734
22 42 9.773176556e-05 9.775253892e-05 0.0002125548999
22 43 8.364993225e-05 8.367142069e-05 0.0002568853197
22 44 7.155658703e-05 7.157622467e-05 0.0002744351061
22 45 6.117755452e-05 6.119541398e-05 0.0002919282755
22 46 5.227631456e-05 5.229283315e-05 0.0003159860765
22 47 4.464778438e-05 4.466346224e-05 0.0003511453043
22 48 3.81140875e-05 3.812960182e-05 0.0004070495232
22 49 3.252200572e-05 3.253746315e-05 0.000475291575
22 50 2.773888103e-05 2.775413468e-05 0.0005499013537
22 51 2.365108836e-05 2.366489444e-05 0.0005837394586
22 52 2.015787957e-05 2.017083746e-05 0.0006428201864
22 53 1.717516242e-05 1.718678823e-05 0.0006768962957
22 54 1.462868148e-05 1.463946904e-05 0.0007374253459
22 55 1.245609513e-05 1.246589741e-05 0.0007869468608
22 56 1.060279375e-05 1.061198695e-05 0.0008670542698
22 57 9.022352924e-06 4.556578965e+4310 5.050322242e+4315
22 58 7.674750529e-06 7.684131161e-06 0.001222271921
22 59 6.52630069e-06 6.536301662e-06 0.001532410609
22 60 5.548079024e-06 5.558648741e-06 0.001905112863
22 61 4.715308744e-06 4.726193358e-06 0.002308356655
22 62 4.006294705e-06 4.017573336e-06 0.002815227568
22 63 3.402722134e-06 3.41452956e-06 0.003469993984
22 64 2.88892987e-06 2.90146316e-06 0.004338385215
22 65 2.451995582e-06 2.465054294e-06 0.005325748336
22 66 2.080534229e-06 2.09393427e-06 0.006440673274
22 67 1.764514259e-06 1.778403827e-06 0.007871610001
22 68 1.495984267e-06 1.510191267e-06 0.009496757234
22 69 1.267619856e-06 1.282244973e-06 0.0115374627
22 70 1.073773131e-06 1.088555567e-06 0.01376681466
23 1 0.007797300587 0.007798431379 0.0001450235147
23 2 0.007702632421 0.007703725023 0.0001418478591
23 3 0.007548090131 0.007549110566 0.0001351911535
23 4 0.00733826609 0.007339215262 0.0001293455506
23 5 0.007079228319 0.007080108001 0.0001242624229
23 6 0.006778182662 0.00677894322 0.000112206899
23 7 0.006442930964 0.006443569014 9.90310076e-05
23 8 0.006081620597 nan -nan
23 9 0.005702315513 0.005702723159 7.148781516e-05
23 10 0.005312727166 0.005313044815 5.979029873e-05
23 11 0.004919980039 0.004920183593 4.13728868e-05
23 12 0.004530334925 0.004530424099 1.968378483e-05
23 13 0.004149155028 0.004149144249 -2.597880756e-06
23 14 0.003780855535 0.003780771139 -2.232185876e-05
23 15 0.003428926717 0.003428789264 -4.008642307e-05
23 16 0.003095965878 0.003095789322 -5.702757823e-05
23 17 0.00278374022 0.002783545818 -6.983471929e-05
23 18 0.002493297965 0.002493112637 -7.433051937e-05
23 19 0.002225110182 0.002224927371 -8.215805325e-05
23 20 0.001979097311 0.001978917054 -9.108068886e-05
23 21 0.001754768136 0.001754599806 -9.592718338e-05
23 22 0.00155133274 0.00155117867 -9.931460726e-05
23 23 0.001367772582 0.001367625327 -0.0001076604124
23 24 0.001202893916 0.001202752622 -0.0001174620882
23 25 0.001055413478 0.001055275674 -0.0001305691841
23 26 0.0009239925706 0.0009238620077 -0.0001413029641
23 27 0.0008072976751 0.0008071715593 -0.000156219635
23 28 0.000704010568 0.0007038876278 -0.0001746282684
23 29 0.0006128514926 0.0006127399395 -0.000182023133
23 30 0.0005326151122 4.520988537e-1505 -1
23 31 0.0004621730891 0.0004620980414 -0.0001623802482
23 32 0.0004004755275 0.0004004171188 -0.0001458484069
23 33 0.0003465555384 0.0003465086316 -0.0001353515618
23 34 0.0002995194327 0.0002994862273 -0.000110862455
23 35 0.0002585600345 0.000258545287 -5.703676557e-05
23 36 0.0002229619657 0.0002229596738 -1.027950698e-05
23 37 0.0001920719874 0.0001920774807 2.859989634e-05
23 38 0.0001653040738 0.0001653161493 7.305017265e-05
23 39 0.0001421409034 0.0001421572464 0.0001149773602
23 40 0.0001221216961 0.0001221411209 0.000159061197
23 41 0.0001048408596 0.0001048616061 0.0001978856267
23 42 8.993839159e-05 8.996088599e-05 0.0002501090123
23 43 7.710187583e-05 7.712460934e-05 0.0002948502207
23 44 6.605641992e-05 6.607730333e-05 0.0003161450563
23 45 5.655806124e-05 5.6578119e-05 0.0003546401885
23 46 4.839826364e-05 4.841692154e-05 0.0003855075164
23 47 4.139238551e-05 4.14107266e-05 0.0004431029381
23 48 3.538228697e-05 3.54004745e-05 0.000514029134
23 49 3.023030126e-05 3.024812761e-05 0.0005896847822
23 50 2.581685038e-05 2.58340723e-05 0.0006670808171
23 51 2.203870223e-05 2.404173078e+4716 1.090886865e+4721
23 52 1.880648834e-05 1.882087308e-05 0.0007648817623
23 53 1.604208001e-05 1.605506855e-05 0.0008096542144
23 54 1.367952675e-05 1.369081749e-05 0.0008253749743
23 55 1.166034815e-05 1.167077847e-05 0.0008945116223
23 56 9.935703404e-06 9.945608848e-06 0.0009969545046
23 57 8.463581295e-06 8.472886949e-06 0.001099493658
23 58 7.206562844e-06 7.216171748e-06 0.001333354676
23 59 6.133966805e-06 6.144184118e-06 0.00166569421
23 60 5.219320399e-06 5.230095221e-06 0.002064410949
23 61 4.439567097e-06 4.450909047e-06 0.002554742245
23 62 3.775201562e-06 3.786927455e-06 0.003106030829
23 63 3.209088938e-06 3.22128735e-06 0.003801207249
23 64 2.726760955e-06 2.739560786e-06 0.004694152177
23 65 2.316100287e-06 2.329409846e-06 0.005746538307
23 66 1.96681751e-06 1.980289139e-06 0.006849455479
23 67 1.669430978e-06 1.683189591e-06 0.008241498661
23 68 1.416261605e-06 1.430418026e-06 0.009995626356
23 69 1.20085437e-06 1.215407697e-06 0.01211914446
23 70 1.017751361e-06 1.032555553e-06 0.01454598064
24 1 0.006479917099 0.006480649718 0.0001130599996
24 2 0.006404839624 nan -nan
24 3 0.006282143981 0.006282805656 0.0001053261591
24 4 0.006115288806 0.006115899173 9.980987857e-05
24 5 0.005908865413 0.00590941471 9.296147421e-05
24 6 0.005668330099 0.005668785604 8.0359631e-05
24 7 0.005399644657 0.0054000111 6.78642699e-05
24 8 0.005109075701 0.005109368609 5.733098773e-05
24 9 0.004802919098 0.004803142371 4.648699518e-05
24 10 0.004487227374 0.004487385263 3.518631577e-05
24 11 0.004167637986 0.004167724869 2.084705462e-05
24 12 0.003849221355 0.003849219267 -5.422677132e-07
24 13 0.003536327015 0.003536262905 -1.812920131e-05
24 14 0.003232661217 0.003232538961 -3.781894909e-05
24 15 0.002941166278 0.002941011885 -5.249369424e-05
24 16 0.002664145908 0.002663952318 -7.266489401e-05
24 17 0.002403195403 0.002402986155 -8.70705812e-05
24 18 0.002159366643 0.00215915991 -9.573740812e-05
24 19 0.00193321131 0.00193301539 -0.0001013446667
24 20 0.001724850836 0.001724667896 -0.0001060612082
24 21 0.001534044909 0.001533883449 -0.0001052508804
24 22 0.001360302192 0.001360151737 -0.0001106042506
24 23 0.001202893916 0.001202752581 -0.0001174957501
24 24 0.001060946165 2.85650864e-1025 -1
24 25 0.0009334947253 0.0009333671049 -0.000136712477
24 26 0.0008195017305 0.000819379443 -0.000149221772
24 27 0.0007179182464 0.0007177988325 -0.0001663336453
24 28 0.0006276898953 0.0006275761454 -0.0001812198552
24 29 0.0005477910692 0.0005476873839 -0.0001892790245
24 30 0.0004772380587 0.0004771493302 -0.0001859208307
24 31 0.0004151002414 0.000415030563 -0.0001678593424
24 32 0.0003605099407 0.0003604586413 -0.0001422968147
24 33 0.0003126649798 0.00031262419 -0.0001304586197
24 34 0.0002708119259 0.0002707825361 -0.0001085250161
24 35 0.000234267401 0.0002342534596 -5.951069835e-05
24 36 0.0002024220555 0.0002024195359 -1.244739031e-05
24 37 0.0001747199793 0.000174723467 1.996171164e-05
24 38 0.0001506558959 0.0001506647245 5.86011982e-05
24 39 0.0001297816164 0.0001297957646 0.0001090155465
24 40 0.0001116987847 0.0001117180171 0.0001721803151
24 41 9.605611039e-05 9.607780558e-05 0.0002258595343
24 42 8.253905128e-05 8.25623155e-05 0.0002818571133
24 43 7.087288256e-05 7.089569349e-05 0.0003218568926
24 44 6.081285327e-05 6.083533796e-05 0.000369735845
24 45 5.214712697e-05 -nan -nan
24 46 4.468839438e-05 4.470864246e-05 0.0004530948258
24 47 3.827354477e-05 3.829328974e-05 0.0005158908496
24 48 3.276066226e-05 3.27804972e-05 0.0006054501685
24 49 2.802748965e-05 2.804680554e-05 0.0006891764153
24 50 2.396609729e-05 2.398494627e-05 0.000786485015
24 51 2.048431307e-05 2.050185888e-05 0.0008565485957
24 52 1.750130214e-05 1.751692166e-05 0.0008924779346
24 53 1.494614435e-05 1.496037963e-05 0.0009524388097
24 54 1.275956265e-05 1.277195251e-05 0.0009710253962
24 55 1.088828591e-05 1.089960621e-05 0.001039676731
24 56 9.287751525e-06 9.298471717e-06 0.001154228997
24 57 7.919745766e-06 7.92989617e-06 0.001281657776
24 58 6.750701703e-06 6.760612012e-06 0.001468041296
24 59 5.751544211e-06 5.762011074e-06 0.001819835231
24 60 4.898393436e-06 4.909511611e-06 0.002269759534
24 61 4.170298888e-06 4.182007397e-06 0.002807594775
24 62 3.549154286e-06 3.561389044e-06 0.003447232011
24 63 3.019568773e-06 3.032128719e-06 0.004159516506
24 64 2.568035094e-06 2.580920376e-06 0.005017564786
24 65 2.182985161e-06 2.196368493e-06 0.006130748184
24 66 1.85519792e-06 nan -nan
24 67 1.575864073e-06 1.58962764e-06 0.008733980968
24 68 1.337735468e-06 1.351958763e-06 0.01063236715
24 69 1.135034176e-06 1.14961393e-06 0.01284521203
25 1 0.005389283077 0.005389714121 7.998165963e-05
25 2 0.005329576076 0.005329993247 7.827483546e-05
25 3 0.005231899622 0.005232286073 7.386432862e-05
25 4 0.005098878692 0.005099225445 6.800579799e-05
25 5 0.004933983583 0.00493429097 6.229992447e-05
25 6 0.004741382442 0.004741626134 5.139678863e-05
25 7 0.004525645478 0.00452583289 4.141117602e-05
25 8 0.004291624403 0.004291760166 3.16345941e-05
25 9 0.00404420492 0.004044301353 2.384457889e-05
25 10 0.003788165408 0.003788213054 1.257777816e-05
25 11 0.003527961743 0.003527963775 5.761382619e-07
25 12 0.003267667256 0.003267617363 -1.526873123e-05
25 13 0.003010850538 0.00301075249 -3.256509006e-05
25 14 0.002760557257 0.002760416512 -5.098422645e-05
25 15 0.002519277671 0.002519109924 -6.658552396e-05
25 16 0.002288992807 0.002288796284 -8.585579207e-05
25 17 0.002071132384 0.002070931962 -9.676910781e-05
25 18 0.001866707699 0.001866510022 -0.0001058959022
25 19 0.001676302217 4.314231634e-2567 -1
25 20 0.001500153525 0.001499970757 -0.0001218327924
25 21 0.001338178485 0.001338017517 -0.0001202890249
25 22 0.001190097014 0.001189949299 -0.000124120387
25 23 0.001055413478 0.001055275674 -0.0001305691841
25 24 0.0009334947253 0.0009333671049 -0.000136712477
25 25 0.0008236171719 0.0008234963531 -0.000146692907
25 26 0.0007249911953 0.0007248738515 -0.0001618554359
25 27 0.0006367936416 0.0006366771794 -0.0001828883313
25 28 0.000558182626 0.0005580749902 -0.0001928325595
25 29 0.0004883411792 0.0004882459012 -0.0001951053988
25 30 0.0004264739856 0.0004263929294 -0.0001900610981
25 31 0.0003718189017 0.0003717540857 -0.0001743213891
25 32 0.0003236556939 0.0003236097261 -0.0001420268425
25 33 0.0002813220838 0.0002812872281 -0.0001238994267
25 34 0.0002441859164 0.0002441635037 -9.178512198e-05
25 35 0.0002116768648 0.0002116658064 -5.224212516e-05
25 36 0.000183273522 0.0001832712257 -1.252911145e-05
25 37 0.0001585001801 0.0001585052044 3.169934097e-05
25 38 0.0001369294568 0.0001369393559 7.229350387e-05
25 39 0.0001181737766 0.0001181888098 0.0001272127915
25 40 0.000101890501 -nan -nan
25 41 8.777261148e-05 8.779391594e-05 0.000242723268
25 42 7.554673099e-05 7.55702938e-05 0.000311897165
25 43 6.497422538e-05 6.499722031e-05 0.0003539083765
25 44 5.583938973e-05 5.586181869e-05 0.0004016692454
25 45 4.795586814e-05 4.797669247e-05 0.0004342395149
25 46 4.115688376e-05 4.117727592e-05 0.0004954736443
25 47 3.529902155e-05 3.531937479e-05 0.000576594895
25 48 3.025605988e-05 3.027690402e-05 0.0006889246725
25 49 2.591909615e-05 2.593982234e-05 0.0007996493895
25 50 2.219181288e-05 2.221225895e-05 0.0009213336182
25 51 1.899209427e-05 1.90108243e-05 0.0009862012038
25 52 1.6246098e-05 1.626309431e-05 0.001046178008
25 53 1.389069341e-05 1.390625637e-05 0.001120387331
25 54 1.187193228e-05 1.188590466e-05 0.001176925273
25 55 1.014246203e-05 1.01549721e-05 0.001233434879
25 56 8.661298717e-06 8.672786479e-06 0.001326332419
25 57 7.393395062e-06 7.404238698e-06 0.001466665238
25 58 6.308270097e-06 6.319051785e-06 0.001709135327
25 59 5.379961676e-06 5.391139978e-06 0.002077766111
25 60 4.586379789e-06 4.598048011e-06 0.002544102876
25 61 3.908252155e-06 nan -nan
25 62 3.329148926e-06 3.341780541e-06 0.003794247493
25 63 2.834857528e-06 2.847747989e-06 0.004547128467
25 64 2.412952256e-06 2.426127525e-06 0.005460227858
25 65 2.0527811e-06 2.06642369e-06 0.006645905874
25 66 1.745839487e-06 1.759639645e-06 0.007904597305
25 67 1.484094044e-06 1.498067548e-06 0.009415511079
25 68 1.260768877e-06 1.275107399e-06 0.01137283907
25 69 1.070474256e-06 1.085110656e-06 0.01367281817
26 1 0.00448545936 0.004485632908 3.869136743e-05
26 2 0.004437850208 0.004438018523 3.792726111e-05
26 3 0.004359901229 0.004360046778 3.338344872e-05
26 4 0.004253580405 0.004253718265 3.241028873e-05
26 5 0.004121562883 0.004121685561 2.976481152e-05
26 6 0.003967026795 0.003967120839 2.370637951e-05
26 7 0.003793514282 0.003793565916 1.361116311e-05
26 8 0.003604758031 0.003604776163 5.030100239e-06
26 9 0.003404578448 0.003404569005 -2.773839011e-06
26 10 0.003196715939 0.003196686005 -9.363756493e-06
26 11 0.0029847295 0.0029846752 -1.819280842e-05
26 12 0.002771883529 0.002771797735 -3.0951412e-05
26 13 0.002561081819 0.002560960363 -4.742366237e-05
26 14 0.002354821419 -4.584944355e-3317 -1
26 15 0.002155199774 0.002155032154 -7.777444637e-05
26 16 0.001963896411 0.001963716535 -9.159138591e-05
26 17 0.001782189424 0.001782009468 -0.0001009746999
26 18 0.001611003652 0.001610824877 -0.0001109711587
26 19 0.001450920293 0.001450744815 -0.000120942965
26 20 0.001302232492 0.001302061124 -0.0001315955668
26 21 0.001164978848 0.001164818927 -0.0001372738543
26 22 0.001039004882 0.001038859665 -0.0001397657552
26 23 0.0009239925706 0.0009238620077 -0.0001413029641
26 24 0.0008195017305 0.000819379443 -0.000149221772
26 25 0.0007249911953 0.0007248738515 -0.0001618554359
26 26 0.0006398585235 0.0006397447198 -0.0001778576359
26 27 0.0005634620024 0.0005633539384 -0.0001917857736
26 28 0.0004951458842 0.0004950463422 -0.0002010356584
26 29 0.0004342542397 0.0004341662892 -0.000202532231
26 30 0.0003801425566 0.0003800706654 -0.0001891163744
26 31 0.0003321941706 0.0003321387454 -0.0001668459478
26 32 0.0002898191048 0.0002897793471 -0.0001371811669
26 33 0.0002524635467 0.0002524357119 -0.0001102528921
26 34 0.0002196046133 0.0002195885078 -7.333833351e-05
26 35 0.0001907637647 -nan -nan
26 36 0.0001655000062 0.0001655009517 5.71270451e-06
26 37 0.0001434082564 0.0001434168027 5.959425224e-05
26 38 0.0001241279988 0.00012413958 9.330059531e-05
26 39 0.0001073243522 0.0001073395167 0.0001412956465
26 40 9.270187619e-05 9.272027142e-05 0.0001984342293
26 41 7.999507045e-05 8.001663376e-05 0.0002695580331
26 42 6.896845772e-05 6.899213653e-05 0.0003433280967
26 43 5.941333503e-05 5.943665373e-05 0.0003924826402
26 44 5.114094916e-05 5.116404243e-05 0.0004515612637
26 45 4.398831481e-05 4.400987081e-05 0.0004900391615
26 46 3.780838036e-05 3.7829262e-05 0.0005523018041
26 47 3.247362312e-05 3.249487244e-05 0.0006543565913
26 48 2.787310065e-05 2.789501557e-05 0.0007862390257
26 49 2.391004207e-05 2.393193525e-05 0.0009156481513
26 50 2.049918696e-05 2.052022869e-05 0.001026466793
26 51 1.756585407e-05 1.7585415e-05 0.001113576614
26 52 1.504481152e-05 1.506264319e-05 0.001185237171
26 53 1.287906422e-05 1.289553183e-05 0.001278634082
26 54 1.102000241e-05 1.103513135e-05 0.001372861361
26 55 9.424994439e-06 9.438999774e-06 0.001485978087
26 56 8.057633795e-06 nan -nan
26 57 6.885333263e-06 6.897485641e-06 0.001764965814
26 58 5.880918582e-06 5.89283706e-06 0.002026635465
26 59 5.020607019e-06 5.032721364e-06 0.002412924377
26 60 4.28438083e-06 4.296685905e-06 0.002872077672
26 61 3.65452968e-06 3.667107272e-06 0.003441644358
26 62 3.115991516e-06 3.128812465e-06 0.004114565045
26 63 2.65570114e-06 2.668748327e-06 0.004912897274
26 64 2.262224531e-06 2.27569359e-06 0.005953900063
26 65 1.926189955e-06 1.940008439e-06 0.007173998789
26 66 1.63951496e-06 1.65341702e-06 0.00847937317
26 67 1.394743307e-06 1.408818808e-06 0.01009182213
26 68 1.185697452e-06 1.200125228e-06 0.01216817652
26 69 1.007387484e-06 1.022118292e-06 0.01462278246
27 1 0.003735700833 0.003735684456 -4.3837453e-06
27 2 0.003697638417 0.0036976314 -1.897841528e-06
27 3 0.003635279723 0.003635264925 -4.070544392e-06
27 4 0.00355012462 0.00355011188 -3.588700859e-06
27 5 0.003444207974 0.003444202613 -1.556505051e-06
27 6 0.003320001239 0.003319974559 -8.03613117e-06
27 7 0.003180209859 0.003180162201 -1.498580328e-05
27 8 0.003027749596 0.003027681262 -2.256918407e-05
27 9 0.002865601571 -9.716509839e-4771 -1
27 10 0.002696711738 0.00269661177 -3.707042728e-05
27 11 0.002523895552 0.002523787147 -4.295136065e-05
27 12 0.002349776504 0.002349656921 -5.089131758e-05
27 13 0.002176711802 0.002176577545 -6.167897092e-05
27 14 0.002006758813 0.002006609893 -7.42092102e-05
27 15 0.001841662415 0.00184149966 -8.837368851e-05
27 16 0.001682841324 0.001682673123 -9.995063676e-05
27 17 0.001531410941 0.001531245626 -0.0001079499551
27 18 0.001388200467 0.001388039966 -0.0001156180692
27 19 0.001253771519 0.001253611875 -0.0001273309183
27 20 0.001128432758 0.001128280008 -0.0001353642532
27 21 0.001012305501 0.001012158219 -0.000145491774
27 22 0.0009053241737 0.0009051882697 -0.0001501164122
27 23 0.0008072976751 0.0008071715593 -0.000156219635
27 24 0.0007179182464 0.0007177988325 -0.0001663336453
27 25 0.0006367936416 0.0006366771794 -0.0001828883313
27 26 0.0005634620024 0.0005633539384 -0.0001917857736
27 27 0.000497439338 0.0004973373413 -0.000205043466
27 28 0.000438204744 0.0004381139274 -0.00020724684
27 29 0.0003852425949 0.0003851628802 -0.0002069207805
27 30 0.0003380284818 -1.138528826e-2385 -1
27 31 0.0002960689865 0.0002960242914 -0.0001509619523
27 32 0.000258883624 0.0002588494255 -0.0001321000198
27 33 0.0002260057948 0.0002259838206 -9.722858641e-05
27 34 0.0001970080785 0.0001969962227 -6.017917377e-05
27 35 0.0001714892528 0.0001714851269 -2.405931497e-05
27 36 0.0001490762415 0.0001490796096 2.259301374e-05
27 37 0.0001294295175 0.0001294393279 7.579775955e-05
27 38 0.0001122405682 0.0001122538803 0.000118603003
27 39 9.722653742e-05 9.724169518e-05 0.000155901463
27 40 8.41307389e-05 8.414858712e-05 0.0002121486275
27 41 7.272479936e-05 7.274609293e-05 0.0002927964844
27 42 6.280683935e-05 6.282967932e-05 0.0003636542272
27 43 5.419325465e-05 5.421689378e-05 0.0004362005761
27 44 4.672197637e-05 4.674551389e-05 0.0005037783825
27 45 4.024952333e-05 4.027173672e-05 0.0005518921145
27 46 3.464657015e-05 3.466843809e-05 0.0006311716465
27 47 2.980096347e-05 2.98235226e-05 0.0007569934658
27 48 2.561495953e-05 2.563837766e-05 0.0009142361801
27 49 2.200364321e-05 2.202643887e-05 0.001035994785
27 50 1.889028185e-05 1.891186981e-05 0.001142807381
27 51 1.6208225e-05 nan -nan
27 52 1.389929709e-05 1.391800696e-05 0.00134610221
27 53 1.19131802e-05 1.193037124e-05 0.001443026779
27 54 1.020554751e-05 1.022154212e-05 0.001567246499
27 55 8.738424072e-06 8.753363705e-06 0.001709648486
27 56 7.47886243e-06 7.492720535e-06 0.00185296964
27 57 6.3977778e-06 6.410906705e-06 0.002052103913
27 58 5.470087608e-06 5.483067109e-06 0.002372814022
27 59 4.674611396e-06 4.687703888e-06 0.00280076602
27 60 3.993045939e-06 4.00624164e-06 0.003304670657
27 61 3.40951965e-06 3.422645285e-06 0.003849702225
27 62 2.909812165e-06 2.923084949e-06 0.004561388795
27 63 2.482030968e-06 2.495642676e-06 0.005484100698
27 64 2.116101921e-06 2.130056201e-06 0.006594332508
27 65 1.803385449e-06 1.817495511e-06 0.007824207551
27 66 1.536221031e-06 1.550368283e-06 0.00920912476
27 67 1.307900951e-06 1.322150727e-06 0.0108951488
27 68 1.112741002e-06 1.127240721e-06 0.01303063291
28 1 0.003113207726 0.003113042655 -5.302288374e-05
28 2 0.003082713439 0.003082563498 -4.86391244e-05
28 3 0.003032709041 0.003032572068 -4.516520659e-05
28 4 0.0029643583 0.002964238171 -4.052416948e-05
28 5 0.002879235989 -nan -nan
28 6 0.002779227789 0.002779103486 -4.472567294e-05
28 7 0.002666429434 0.002666299038 -4.890290573e-05
28 8 0.002543116435 0.002542978702 -5.415948302e-05
28 9 0.002411619889 0.002411478792 -5.850687959e-05
28 10 0.00227425955 0.002274122296 -6.035104816e-05
28 11 0.002133288093 0.002133148107 -6.561989258e-05
28 12 0.001990796619 0.001990652174 -7.255658515e-05
28 13 0.001848692055 0.001848542017 -8.115925065e-05
28 14 0.001708658582 0.001708504941 -8.991919491e-05
28 15 0.001572143955 0.001571989353 -9.833861121e-05
28 16 0.001440349712 0.001440197885 -0.0001054098395
28 17 0.00131423773 0.001314090573 -0.0001119715181
28 18 0.00119454103 0.001194396098 -0.0001213291269
28 19 0.001081772015 0.00108162906 -0.000132149036
28 20 0.0009762473155 0.0009761113709 -0.0001392522452
28 21 0.00087812892 0.0008779960183 -0.0001513464191
28 22 0.0007874172939 0.0007872917703 -0.0001594118898
28 23 0.000704010568 0.0007038876278 -0.0001746282684
28 24 0.0006276898953 0.0006275761454 -0.0001812198552
28 25 0.000558182626 0.0005580749902 -0.0001928325595
28 26 0.0004951458842 -nan -nan
28 27 0.000438204744 0.0004381139274 -0.00020724684
28 28 0.0003869576579 0.0003868776278 -0.0002068189477
28 29 0.0003409970044 0.0003409257252 -0.0002090318213
28 30 0.0002999015857 0.0002998449177 -0.0001889553904
28 31 0.0002632678961 0.0002632282987 -0.0001504074312
28 32 0.0002307097771 0.0002306815192 -0.0001224826839
28 33 0.0002018458984 0.0002018273665 -9.181197398e-05
28 34 0.0001763182423 0.0001763089892 -5.247903663e-05
28 35 0.0001537942004 0.00015379199 -1.437198553e-05
28 36 0.0001339619178 0.0001339655886 2.74022447e-05
28 37 0.0001165341785 0.0001165430393 7.603627837e-05
28 38 0.0001012478188 0.0001012614637 0.000134767378
28 39 8.786412715e-05 8.788123753e-05 0.0001947367586
28 40 7.616514535e-05 7.618505116e-05 0.0002613506358
28 41 6.595411816e-05 6.597673973e-05 0.0003429895536
28 42 5.705614456e-05 5.707996544e-05 0.0004174988483
28 43 4.931215595e-05 4.933681549e-05 0.0005000702288
28 44 4.258216612e-05 4.260636706e-05 0.0005683349664
28 45 3.674006871e-05 3.676325827e-05 0.0006311787818
28 46 3.167326052e-05 3.169629479e-05 0.0007272465918
28 47 2.728382022e-05 2.730711314e-05 0.0008537266949
28 48 2.348535795e-05 2.350891533e-05 0.001003066562
28 49 2.020203032e-05 2.022528418e-05 0.001151065388
28 50 1.736721009e-05 1.738908435e-05 0.001259514621
28 51 1.492103576e-05 1.494145091e-05 0.001368212502
28 52 1.281201124e-05 1.283086491e-05 0.001471561783
28 53 1.09946178e-05 1.101231337e-05 0.001609475991
28 54 9.43000398e-06 9.446530179e-06 0.001752512326
28 55 8.083790949e-06 8.099313151e-06 0.001920163714
28 56 6.926312541e-06 6.940912291e-06 0.002107867584
28 57 5.931521649e-06 5.945483835e-06 0.002353896149
28 58 5.076898485e-06 5.090604695e-06 0.002699721114
28 59 4.343334083e-06 4.356841923e-06 0.0031100162
28 60 3.713826563e-06 3.727372052e-06 0.003647313256
28 61 3.173905617e-06 3.187645402e-06 0.004328983399
28 62 2.711089487e-06 2.72509072e-06 0.005164430674
28 63 2.314747761e-06 2.328855895e-06 0.006094890482
28 64 1.975293692e-06 1.989580773e-06 0.007232889612
28 65 1.684857989e-06 1.699198481e-06 0.008511395378
28 66 1.43645502e-06 1.45076198e-06 0.009959908217
28 67 1.223847442e-06 1.238292868e-06 0.01180329045
28 68 1.04197542e-06 1.056649797e-06 0.01408322819
29 1 0.00259592876 0.002595675391 -9.760266811e-05
29 2 0.00257144645 0.002571212412 -9.101439573e-05
29 3 0.00253127023 0.002531060597 -8.281731864e-05
29 4 0.00247631096 0.00247611992 -7.714689784e-05
29 5 0.002407783065 0.002407593179 -7.886314243e-05
29 6 0.00232712431 0.002326934001 -8.177875025e-05
29 7 0.002235970314 0.002235786718 -8.211024314e-05
29 8 0.002136099682 0.002135922128 -8.3120695e-05
29 9 0.002029344413 0.002029173061 -8.443717273e-05
29 10 0.001917532803 0.001917373318 -8.317174093e-05
29 11 0.001802460057 0.001802302854 -8.721567554e-05
29 12 0.001685789259 0.001685641317 -8.775820199e-05
29 13 0.001569084525 0.001568931187 -9.772430479e-05
29 14 0.001453706814 0.001453550977 -0.0001071996344
29 15 0.001340845332 0.001340698251 -0.0001096923464
29 16 0.001231521538 0.00123138168 -0.0001135653583
29 17 0.001126555362 0.001126420979 -0.0001192865539
29 18 0.001026584432 0.001026453347 -0.0001276912252
29 19 0.0009320708499 0.0009319449337 -0.0001350929791
29 20 0.0008433275707 0.0008432059304 -0.0001442384221
29 21 0.0007605239249 0.0007604079463 -0.0001524982458
29 22 0.0006837161347 0.0006836025436 -0.0001661377446
29 23 0.0006128514926 0.0006127399758 -0.00018196388
29 24 0.0005477910692 0.0005476873839 -0.0001892790245
29 25 0.0004883411792 0.0004882459012 -0.0001951053988
29 26 0.0004342542397 0.0004341662892 -0.000202532231
29 27 0.0003852425949 0.0003851628802 -0.0002069207805
29 28 0.0003409970044 0.0003409257252 -0.0002090318213
29 29 0.000301193894 0.0003011309417 -0.0002090095408
29 30 0.000265500302 0.0002654493296 -0.0001919860579
29 31 0.0002335898583 0.000233553372 -0.0001561981541
29 32 0.0002051479339 0.0002051227695 -0.0001226643762
29 33 0.0001798635627 0.0001798486749 -8.277283245e-05
29 34 0.0001574450097 0.0001574367982 -5.215446935e-05
29 35 0.0001376111732 0.0001376095513 -1.178600613e-05
29 36 0.000120103132 0.0001201073897 3.545048904e-05
29 37 0.0001046801337 0.0001046894989 8.946484501e-05
29 38 9.112107099e-05 9.113395472e-05 0.0001413914182
29 39 7.921996996e-05 7.923747463e-05 0.0002209627962
29 40 6.879386792e-05 6.881485716e-05 0.0003051033294
29 41 5.967466744e-05 5.969819489e-05 0.0003942619105
29 42 5.171108976e-05 5.17359302e-05 0.0004803697058
29 43 4.476641838e-05 4.479181119e-05 0.0005672289882
29 44 3.871878411e-05 3.874379375e-05 0.0006459302752
29 45 3.345809235e-05 3.348292583e-05 0.000742226608
29 46 2.888779707e-05 2.891224202e-05 0.0008462035044
29 47 2.492162973e-05 2.494568893e-05 0.0009653943509
29 48 2.148314563e-05 2.150709671e-05 0.001114877574
29 49 1.850556915e-05 1.852920677e-05 0.0012773246
29 50 1.593045956e-05 1.595276225e-05 0.001400003131
29 51 1.370491398e-05 1.372566463e-05 0.001514103157
29 52 1.178299895e-05 1.180219761e-05 0.001629352554
29 53 1.012433841e-05 1.014231761e-05 0.001775839822
29 54 8.69406841e-06 8.711008875e-06 0.001948508408
29 55 7.461481271e-06 7.477700327e-06 0.002173704565
29 56 6.40030119e-06 6.415740685e-06 0.002412307492
29 57 5.486993374e-06 5.501927893e-06 0.002721803682
29 58 4.701819101e-06 4.716088855e-06 0.003034943235
29 59 4.026920485e-06 4.040705322e-06 0.003423170863
29 60 3.446649204e-06 3.460581884e-06 0.004042384056
29 61 2.948679925e-06 2.962552144e-06 0.004704552432
29 62 2.520915901e-06 2.535219346e-06 0.005673908168
29 63 2.154372198e-06 2.168727945e-06 0.00666354108
29 64 1.840009612e-06 1.854562874e-06 0.007909340386
29 65 1.570699717e-06 1.585373487e-06 0.009342186881
29 66 1.340196955e-06 1.354819438e-06 0.0109106972
29 67 1.142785064e-06 1.157435989e-06 0.01282036789
30 1 0.002165735921 0.002165458468 -0.0001281102486
30 2 0.002146047569 0.002145786544 -0.0001216306104
30 3 0.00211371728 0.002113477701 -0.0001133449014
30 4 0.002069457994 0.002069226621 -0.0001118038411
30 5 0.002014187482 0.002013963769 -0.0001110684392
30 6 0.001949036227 0.001948816917 -0.0001125222272
30 7 0.00187526877 0.001875066404 -0.0001079134597
30 8 0.001794293163 0.00179409699 -0.0001093318089
30 9 0.001707533143 0.001707349148 -0.0001077545184
30 10 0.001616443564 0.001616272389 -0.0001058956261
30 11 0.001522443791 0.001522282811 -0.0001057379566
30 12 0.001426876399 0.001426726497 -0.0001050563549
30 13 0.001331003422 0.001330849825 -0.0001153992562
30 14 0.001235929272 0.001235777157 -0.000123077433
30 15 0.001142635696 0.001142495871 -0.000122371184
30 16 0.001051978138 0.001051848296 -0.0001234270382
30 17 0.0009646544519 0.000964529791 -0.0001292285751
30 18 0.0008812093911 0.0008810920065 -0.0001332085258
30 19 0.0008020596351 0.0008019502983 -0.0001363201182
30 20 0.000727499025 0.0007273942337 -0.0001440431683
30 21 0.000657702197 0.0006576002008 -0.0001550795961
30 22 0.0005927423011 0.0005926452302 -0.0001637657276
30 23 0.0005326151122 0.0005325212746 -0.000176182671
30 24 0.0004772380587 0.0004771493302 -0.0001859208307
30 25 0.0004264739856 0.0004263929294 -0.0001900610981
30 26 0.0003801425566 0.0003800706654 -0.0001891163744
30 27 0.0003380284818 0.0003379675264 -0.0001803261931
30 28 0.0002999015857 0.0002998449177 -0.0001889553904
30 29 0.000265500302 0.0002654493296 -0.0001919860579
30 30 0.0002345620614 0.0002345196705 -0.0001807234622
30 31 0.0002068238162 0.0002067933316 -0.0001473941223
30 32 0.0001820313515 0.0001820110789 -0.0001113687113
30 33 0.0001599338934 0.0001599208881 -8.131674804e-05
30 34 0.0001402884992 0.0001402808473 -5.454418264e-05
30 35 0.0001228619634 0.0001228612519 -5.790298729e-06
30 36 0.0001074418932 0.0001074460173 3.838385724e-05
30 37 9.382413421e-05 9.383352008e-05 0.000100036831
30 38 8.182289624e-05 8.183697753e-05 0.0001720946968
30 39 7.126665486e-05 7.128445524e-05 0.0002497715084
30 40 6.199724125e-05 6.201858785e-05 0.0003443153971
30 41 5.387149335e-05 5.389608258e-05 0.0004564423394
30 42 4.676107189e-05 4.678706575e-05 0.0005558866866
30 43 4.054736417e-05 4.057432212e-05 0.0006648508727
30 44 3.51255691e-05 3.515246789e-05 0.0007657894696
30 45 3.040090682e-05 3.042708999e-05 0.000861262797
30 46 2.628820641e-05 2.631387747e-05 0.0009765239565
30 47 2.271257575e-05 2.273776476e-05 0.001109033413
30 48 1.960767819e-05 1.963210156e-05 0.001245602318
30 49 1.691419099e-05 1.693786005e-05 0.001399361166
30 50 1.458045953e-05 1.460288642e-05 0.001538146522
30 51 1.255999795e-05 1.258120142e-05 0.001688174325
30 52 1.081265951e-05 1.083235206e-05 0.001821249152
30 53 9.302348678e-06 9.320815092e-06 0.001985134634
30 54 7.998018625e-06 8.015451709e-06 0.002179675298
30 55 6.87211321e-06 6.88901171e-06 0.002458996198
30 56 5.901355962e-06 5.917685013e-06 0.002766999757
30 57 5.064893031e-06 5.080697705e-06 0.003120435998
30 58 4.34495757e-06 4.359949707e-06 0.003450467932
30 59 3.725232467e-06 3.739690915e-06 0.003881220348
30 60 3.19172356e-06 3.206232692e-06 0.004545861311
30 61 2.733202119e-06 2.747691623e-06 0.005301292488
30 62 2.339014727e-06 2.353762533e-06 0.00630513581
30 63 2.000792171e-06 2.015517954e-06 0.007359976342
30 64 1.710367756e-06 1.725231346e-06 0.008690288527
30 65 1.461332279e-06 1.476221606e-06 0.01018887181
30 66 1.247918835e-06 1.262716571e-06 0.01185793213
30 67 1.06488121e-06 1.079733404e-06 0.01394727709
31 1 0.001807728719 0.001807460404 -0.0001484267542
31 2 0.001791875488 0.001791612943 -0.0001465199429
31 3 0.001765821198 0.001765569924 -0.0001422986937
31 4 0.001730112651 0.001729869324 -0.000140642234
31 5 0.00168546846 0.001685233157 -0.000139606669
31 6 0.001632767015 0.001632538874 -0.0001397263901
31 7 0.001572996669 0.001572785933 -0.0001339708671
31 8 0.001507258843 0.001507059587 -0.0001321980483
31 9 0.001436677552 0.001436493959 -0.0001277900114
31 10 0.001362404675 0.001362236317 -0.0001235741713
31 11 0.001285573842 0.001285414176 -0.0001241980342
31 12 0.00120725971 0.001207106519 -0.0001268912639
31 13 0.001128474382 0.00112831998 -0.0001368241494
31 14 0.001050118528 0.001049970444 -0.0001410158375
31 15 0.0009730018739 0.0009728701457 -0.0001353832436
31 16 0.0008978385771 0.0008977200112 -0.0001320570327
31 17 0.0008252147949 0.0008251067723 -0.0001309024119
31 18 0.0007556029909 0.0007555041944 -0.0001307519025
31 19 0.0006893694599 0.0006892776803 -0.0001331356198
31 20 0.0006267823044 0.0006266914793 -0.0001449069292
31 21 0.0005680035903 0.0005679177569 -0.0001511142082
31 22 0.0005131273381 0.0005130468401 -0.0001568771446
31 23 0.0004621730891 0.0004620980414 -0.0001623802482
31 24 0.0004151002414 0.000415030563 -0.0001678593424
31 25 0.0003718189017 0.0003717540857 -0.0001743213891
31 26 0.0003321941706 0.0003321387454 -0.0001668459478
31 27 0.0002960689865 0.0002960242914 -0.0001509619523
31 28 0.0002632678961 0.0002632282987 -0.0001504074312
31 29 0.0002335898583 0.000233553372 -0.0001561981541
31 30 0.0002068238162 0.0002067933316 -0.0001473941223
31 31 0.0001827603812 0.000182738411 -0.0001202132015
31 32 0.0001611941955 0.000161179525 -9.101123493e-05
31 33 0.0001419205282 0.0001419116854 -6.230821602e-05
31 34 0.0001247415361 0.0001247366536 -3.914081351e-05
31 35 0.0001094641097 0.0001094649227 7.427027966e-06
31 36 9.591258929e-05 9.591712159e-05 4.725456893e-05
31 37 8.391439016e-05 8.392493234e-05 0.0001256301402
31 38 7.331700113e-05 7.333160229e-05 0.0001991510277
31 39 6.397408266e-05 6.399212786e-05 0.0002820704403
31 40 5.575211571e-05 5.577317728e-05 0.0003777715739
31 41 4.85284303e-05 4.855281133e-05 0.0005024071234
31 42 4.219408918e-05 4.222005294e-05 0.0006153410767
31 43 3.66475304e-05 3.667434844e-05 0.0007317829653
31 44 3.179790353e-05 3.182495615e-05 0.0008507673104
31 45 2.756321418e-05 2.759029134e-05 0.0009823657136
31 46 2.387099916e-05 2.389725104e-05 0.001099739476
31 47 2.065428799e-05 2.068053691e-05 0.001270870375
31 48 1.785732003e-05 1.788199029e-05 0.001381520893
31 49 1.542591245e-05 1.544994996e-05 0.00155825511
31 50 1.331618993e-05 1.333863992e-05 0.001685916772
31 51 1.148620411e-05 1.150759243e-05 0.001862087883
31 52 9.901046799e-06 9.92110918e-06 0.002026288905
31 53 8.52910897e-06 8.547762181e-06 0.002187005825
31 54 7.342442493e-06 7.359934696e-06 0.002382341131
31 55 6.316103122e-06 6.333401493e-06 0.002738772752
31 56 5.430303568e-06 5.446947184e-06 0.003064951325
31 57 4.665973807e-06 4.682020841e-06 0.003439160609
31 58 4.006818585e-06 4.022424795e-06 0.003894912919
31 59 3.438786521e-06 3.454035334e-06 0.004434358656
31 60 2.949483762e-06 2.964552899e-06 0.005109076266
31 61 2.528291682e-06 2.543279399e-06 0.005928001535
31 62 2.165937987e-06 2.180920269e-06 0.006917225863
31 63 1.854362164e-06 1.869409009e-06 0.008114297265
31 64 1.586573188e-06 1.601752026e-06 0.009567057865
31 65 1.356716316e-06 1.371891749e-06 0.01118541348
31 66 1.159443822e-06 1.174586121e-06 0.01305996795
32 1 0.001509609513 0.001509363385 -0.0001630412756
32 2 0.001496812883 0.001496575533 -0.0001585706521
32 3 0.00147578737 0.001475549034 -0.0001614981593
32 4 0.001446936015 0.00144670178 -0.0001618828153
32 5 0.001410825053 0.00141059566 -0.0001625952824
32 6 0.001368134284 0.001367915192 -0.0001601394531
32 7 0.00131965249 0.001319442455 -0.000159159458
32 8 0.001266224253 0.001266029762 -0.0001535990368
32 9 0.001208747188 0.001208571592 -0.000145270867
32 10 0.001148139678 0.001147977191 -0.0001415223023
32 11 0.001085297981 0.001085145075 -0.0001408889907
32 12 0.001021088962 0.001020940413 -0.0001454811923
32 13 0.0009563158251 0.0009561759876 -0.0001462252414
32 14 0.000891734567 0.0008915971362 -0.0001541162916
32 15 0.0008279877803 0.0008278707903 -0.0001412944243
32 16 0.0007656848558 0.0007655785097 -0.0001388902063
32 17 0.0007053052188 0.0007052132013 -0.0001304647552
32 18 0.0006472597411 0.0006471790857 -0.0001246105887
32 19 0.0005918676142 0.0005917943876 -0.0001237212367
32 20 0.0005393655544 0.0005392961899 -0.0001286038873
32 21 0.0004899133389 0.0004898468952 -0.0001356232743
32 22 0.0004436045326 0.0004435417723 -0.000141477964
32 23 0.0004004755275 0.0004004171188 -0.0001458484069
32 24 0.0003605099407 0.0003604586413 -0.0001422968147
32 25 0.0003236556939 0.0003236097261 -0.0001420268425
32 26 0.0002898191048 0.0002897793471 -0.0001371811669
32 27 0.000258883624 0.0002588494255 -0.0001321000198
32 28 0.0002307097771 0.0002306815192 -0.0001224826839
32 29 0.0002051479339 0.0002051227695 -0.0001226643762
32 30 0.0001820313515 0.0001820110789 -0.0001113687113
32 31 0.0001611941955 0.000161179525 -9.101123493e-05
32 32 0.0001424692048 0.0001424600437 -6.43022332e-05
32 33 0.0001256911004 0.0001256864311 -3.714873042e-05
32 34 0.0001106980389 0.0001106967247 -1.187185763e-05
32 35 9.733271403e-05 9.733503302e-05 2.382537938e-05
32 36 8.544699179e-05 8.545288215e-05 6.893588983e-05
32 37 7.490046e-05 7.491014879e-05 0.0001293556306
32 38 6.556182917e-05 6.557564457e-05 0.0002107232256
32 39 5.731054061e-05 5.732741272e-05 0.0002943979975
32 40 5.003208074e-05 5.005279186e-05 0.0004139569344
32 41 4.362466129e-05 4.36482956e-05 0.0005417648855
32 42 3.799397641e-05 3.801935052e-05 0.0006678455415
32 43 3.305420962e-05 3.307992896e-05 0.0007780957255
32 44 2.872574684e-05 2.875210744e-05 0.0009176646181
32 45 2.49390989e-05 2.496557606e-05 0.001061672699
32 46 2.163108257e-05 2.165711987e-05 0.001203698576
32 47 1.874416643e-05 1.877008887e-05 0.001382960463
32 48 1.622885213e-05 1.625386951e-05 0.001541537772
32 49 1.403947288e-05 1.406336805e-05 0.001701999058
32 50 1.213552107e-05 1.215851279e-05 0.001894580235
32 51 1.048196306e-05 1.050378079e-05 0.002081454079
32 52 9.047255518e-06 9.06775229e-06 0.002265523719
32 53 7.803592525e-06 7.822695119e-06 0.00244792311
32 54 6.726263866e-06 6.744179906e-06 0.002663594599
32 55 5.793530158e-06 5.810726259e-06 0.002968155898
32 56 4.986730805e-06 5.003479302e-06 0.003358612561
32 57 4.28955605e-06 4.305915512e-06 0.003813789274
32 58 3.687449557e-06 3.703576456e-06 0.004373456091
32 59 3.167914438e-06 3.183828776e-06 0.005023601055
32 60 2.720080638e-06 2.735648682e-06 0.005723376087
32 61 2.334032202e-06 2.349429096e-06 0.006596693116
32 62 2.001379024e-06 2.016807617e-06 0.007708980674
32 63 1.715054129e-06 1.730513509e-06 0.009013931785
32 64 1.468819451e-06 1.484231962e-06 0.0104931284
32 65 1.256944755e-06 1.272483965e-06 0.01236268319
32 66 1.074986397e-06 1.090520252e-06 0.01445028058
33 1 0.001261210261 0.001260993163 -0.0001721346469
33 2 0.001250875734 0.001250658057 -0.0001740194194
33 3 0.001233870148 0.00123365587 -0.0001736636453
33 4 0.001210527579 0.001210312145 -0.0001779667449
33 5 0.001181277098 0.001181065344 -0.0001792582489
33 6 0.001146653548 0.001146450826 -0.0001767940201
33 7 0.00110727479 0.001107081973 -0.0001741366069
33 8 0.001063811493 0.001063629501 -0.0001710754118
33 9 0.001016964115 0.001016800074 -0.0001613046675
33 10 0.000967464669 0.0009673152488 -0.0001544451254
33 11 0.0009160291177 0.0009158916997 -0.000150014888
33 12 0.0008633588561 0.000863223452 -0.0001568340725
33 13 0.0008100928013 0.0008099667014 -0.0001556609647
33 14 0.0007568461365 0.0007567275526 -0.0001566816384
33 15 0.0007041545762 0.0007040528224 -0.0001445049829
33 16 0.0006525144835 0.0006524238718 -0.0001388653919
33 17 0.0006023277425 0.0006022532826 -0.0001236202138
33 18 0.000553945999 0.0005538840842 -0.0001117705748
33 19 0.0005076469736 0.0005075911635 -0.0001099388345
33 20 0.0004636362769 0.0004635844537 -0.0001117755185
33 21 0.0004220646666 0.0004220134868 -0.000121260397
33 22 0.0003830223594 0.0003829729142 -0.0001290919925
33 23 0.0003465555384 0.0003465086316 -0.0001353515618
33 24 0.0003126649798 0.00031262419 -0.0001304586197
33 25 0.0002813220838 0.0002812872281 -0.0001238994267
33 26 0.0002524635467 0.0002524357119 -0.0001102528921
33 27 0.0002260057948 0.0002259838206 -9.722858641e-05
33 28 0.0002018458984 0.0002018273665 -9.181197398e-05
33 29 0.0001798635627 0.0001798486749 -8.277283245e-05
33 30 0.0001599338934 0.0001599208881 -8.131674804e-05
33 31 0.0001419205282 0.0001419116854 -6.230821602e-05
33 32 0.0001256911004 0.0001256864311 -3.714873042e-05
33 33 0.0001111124072 0.0001111107835 -1.461298511e-05
33 34 9.805021219e-05 9.805280251e-05 2.641827567e-05
33 35 8.63806536e-05 8.638460688e-05 4.57658466e-05
33 36 7.597726331e-05 7.598363099e-05 8.381037317e-05
33 37 6.672506204e-05 6.673353382e-05 0.0001269654345
33 38 5.851342761e-05 5.85248108e-05 0.0001945397075
33 39 5.124053909e-05 5.125515659e-05 0.0002852721906
33 40 4.481156477e-05 4.482962289e-05 0.0004029790732
33 41 3.913928793e-05 3.916061105e-05 0.000544800951
33 42 3.41445002e-05 3.416773491e-05 0.0006804817123
33 43 2.975378839e-05 2.977758435e-05 0.0007997622056
33 44 2.589800388e-05 2.592341586e-05 0.0009812332542
33 45 2.251880629e-05 2.254479227e-05 0.001153967775
33 46 1.956169992e-05 1.95871898e-05 0.001303050502
33 47 1.697651002e-05 1.700158757e-05 0.001477191349
33 48 1.471970508e-05 1.474405125e-05 0.001653985322
33 49 1.275139282e-05 1.277532034e-05 0.001876463612
33 50 1.103734483e-05 1.106040613e-05 0.00208938762
33 51 9.546408946e-06 9.568205552e-06 0.002283225638
33 52 8.250924479e-06 8.271134729e-06 0.002449452739
33 53 7.125836327e-06 7.144784457e-06 0.002659074557
33 54 6.149540531e-06 6.1675992e-06 0.002936588346
33 55 5.303101631e-06 5.320580062e-06 0.003295888286
33 56 4.569830872e-06 4.587011764e-06 0.003759634048
33 57 3.93548695e-06 3.952213066e-06 0.004250075452
33 58 3.386781426e-06 3.403309796e-06 0.004880258739
33 59 2.912863159e-06 2.929029351e-06 0.005549931892
33 60 2.503509242e-06 2.519515413e-06 0.006393493787
33 61 2.150157954e-06 2.166161502e-06 0.007442963881
33 62 1.845541777e-06 1.861461955e-06 0.008626289795
33 63 1.582919999e-06 1.598878921e-06 0.01008195073
33 64 1.356889581e-06 1.372723981e-06 0.01166963045
33 65 1.162235745e-06 1.17805307e-06 0.01360939481
34 1 0.001054113004 0.001053936454 -0.0001674867798
34 2 0.00104575038 0.00104557137 -0.0001711785651
34 3 0.001031986645 0.001031803552 -0.0001774179613
34 4 0.00101307126 0.001012887283 -0.0001816039747
34 5 0.0009893501496 0.0009891655842 -0.0001865522041
34 6 0.0009612388461 0.0009610581596 -0.0001879726048
34 7 0.0009292182307 0.000929047128 -0.000184136209
34 8 0.0008938231852 0.0008936613179 -0.0001810955252
34 9 0.0008556066173 0.0008554599253 -0.000171447961
34 10 0.0008151537081 0.0008150163123 -0.0001685520252
34 11 0.0007730303702 0.0007729026438 -0.0001652280719
34 12 0.0007297976239 0.0007296759425 -0.0001667331372
34 13 0.0006859798121 0.0006858660019 -0.0001659090461
34 14 0.000642065139 0.0006419654476 -0.0001552668275
34 15 0.0005985045296 0.0005984220873 -0.0001377471509
34 16 0.000555704547 0.0005556335567 -0.0001277481137
34 17 0.0005140010957 0.0005139441572 -0.0001107750539
34 18 0.0004736912134 0.000473643688 -0.0001003298992
34 19 0.0004350085708 0.000434968021 -9.321615635e-05
34 20 0.0003981382372 0.0003981011227 -9.321999751e-05
34 21 0.0003632141924 0.0003631782201 -9.903890964e-05
34 22 0.0003303238423 0.0003302898092 -0.0001030295994
34 23 0.0002995194327 0.0002994862273 -0.000110862455
34 24 0.0002708119259 0.0002707825361 -0.0001085250161
34 25 0.0002441859164 0.0002441635037 -9.178512198e-05
34 26 0.0002196046133 0.0002195885078 -7.333833351e-05
34 27 0.0001970080785 0.0001969962227 -6.017917377e-05
34 28 0.0001763182423 0.0001763089892 -5.247903663e-05
34 29 0.0001574450097 0.0001574367982 -5.215446935e-05
34 30 0.0001402884992 0.0001402808473 -5.454418264e-05
34 31 0.0001247415361 0.0001247366536 -3.914081351e-05
34 32 0.0001106980389 0.0001106967247 -1.187185763e-05
34 33 9.805021219e-05 9.805280251e-05 2.641827567e-05
34 34 8.66930047e-05 8.669770828e-05 5.425554838e-05
34 35 7.652122703e-05 7.65268208e-05 7.310090454e-05
34 36 6.743206091e-05 6.743922549e-05 0.0001062489911
34 37 5.933000196e-05 5.933857356e-05 0.000144473324
34 38 5.212324127e-05 5.213369004e-05 0.0002004628569
34 39 4.572600765e-05 4.573896845e-05 0.0002834449577
34 40 4.005867159e-05 4.007458705e-05 0.0003973037461
34 41 3.50480052e-05 3.506657914e-05 0.0005299573054
34 42 3.062609831e-05 3.064678625e-05 0.0006755002047
34 43 2.673029794e-05 2.675271974e-05 0.0008388156389
34 44 2.330300919e-05 2.332735309e-05 0.0010446679
34 45 2.029408963e-05 2.031886369e-05 0.001220752637
34 46 1.765606036e-05 1.768034e-05 0.001375144574
34 47 1.534576056e-05 1.536946741e-05 0.0015448467
34 48 1.332526557e-05 1.334820329e-05 0.001721370643
34 49 1.155982035e-05 1.158244995e-05 0.001957607772
34 50 1.001932767e-05 1.00417319e-05 0.002236101704
34 51 8.677497178e-06 8.698882831e-06 0.002464495589
34 52 7.50949342e-06 7.52974563e-06 0.002696881079
34 53 6.4939377e-06 6.512888296e-06 0.002918198021
34 54 5.611078296e-06 5.629337275e-06 0.003254094409
34 55 4.844413387e-06 4.862329191e-06 0.003698240167
34 56 4.179322903e-06 4.197081301e-06 0.004249108709
34 57 3.60327463e-06 3.620580561e-06 0.004802834392
34 58 3.104429134e-06 3.121390856e-06 0.005463716943
34 59 2.672822806e-06 2.689477678e-06 0.006231191932
34 60 2.299486531e-06 2.316049374e-06 0.007202844097
34 61 1.976879074e-06 1.993413972e-06 0.008364142278
34 62 1.698414365e-06 1.714850512e-06 0.009677347628
34 63 1.458027376e-06 1.474493801e-06 0.01129363238
34 64 1.251012439e-06 1.267231503e-06 0.01296475043
34 65 1.072537473e-06 1.08861249e-06 0.01498783718
35 1 0.0008813743667 0.0008812288261 -0.0001651291915
35 2 0.00087459768 0.0008744488868 -0.0001701275161
35 3 0.0008634370147 0.000863285095 -0.000175947662
35 4 0.0008480900638 0.0008479365759 -0.0001809807369
35 5 0.0008288311457 0.0008286723322 -0.0001916113408
35 6 0.0008059762199 0.000805822139 -0.0001911730233
35 7 0.0007799175247 0.0007797657272 -0.0001946328106
35 8 0.0007510639575 0.0007509208218 -0.0001905772014
35 9 0.0007198628256 0.0007197306262 -0.0001836452145
35 10 0.000686775731 0.0006866513292 -0.000181138882
35 11 0.0006522567165 0.0006521401608 -0.0001786960019
35 12 0.0006167544052 0.0006166444417 -0.000178293891
35 13 0.0005806897866 0.000580591974 -0.0001684420551
35 14 0.0005444622964 0.000544383011 -0.0001456215425
35 15 0.000508447445 0.0005083839373 -0.0001249051612
35 16 0.0004729740959 0.0004729226893 -0.0001086878419
35 17 0.0004383272456 0.0004382858603 -9.441643978e-05
35 18 0.0004047535034 0.0004047173635 -8.928880948e-05
35 19 0.0003724475037 0.000372418477 -7.793519117e-05
35 20 0.0003415722062 0.0003415490614 -6.775970131e-05
35 21 0.0003122483194 0.0003122297249 -5.955031299e-05
35 22 0.0002845617412 0.0002845447099 -5.985106934e-05
35 23 0.0002585600345 0.000258545287 -5.703676557e-05
35 24 0.000234267401 0.0002342534596 -5.951069835e-05
35 25 0.0002116768648 0.0002116658064 -5.224212516e-05
35 26 0.0001907637647 0.0001907573206 -3.378034719e-05
35 27 0.0001714892528 0.0001714851269 -2.405931497e-05
35 28 0.0001537942004 0.00015379199 -1.437198553e-05
35 29 0.0001376111732 0.0001376095513 -1.178600613e-05
35 30 0.0001228619634 0.0001228612519 -5.790298729e-06
35 31 0.0001094641097 0.0001094649227 7.427027966e-06
35 32 9.733271403e-05 9.733503302e-05 2.382537938e-05
35 33 8.63806536e-05 8.638460688e-05 4.57658466e-05
35 34 7.652122703e-05 7.65268208e-05 7.310090454e-05
35 35 6.767073101e-05 6.767630644e-05 8.239056802e-05
35 36 5.974305841e-05 5.975018441e-05 0.0001192774535
35 37 5.26609357e-05 5.2668858e-05 0.0001504397065
35 38 4.634716196e-05 4.635659657e-05 0.0002035640114
35 39 4.072957545e-05 4.074193756e-05 0.0003035169848
35 40 3.57426621e-05 3.575793498e-05 0.0004273011296
35 41 3.132538992e-05 3.134228022e-05 0.0005391890668
35 42 2.741853917e-05 2.743731891e-05 0.00068492865
35 43 2.396898794e-05 2.398998458e-05 0.000875991724
35 44 2.092914771e-05 2.095166805e-05 0.001076027367
35 45 1.825557851e-05 1.827803832e-05 0.001230298813
35 46 1.59064863e-05 1.592882877e-05 0.001404613946
35 47 1.38456515e-05 1.386759999e-05 0.001585226265
35 48 1.204021538e-05 1.206148894e-05 0.001766875291
35 49 1.045971914e-05 1.048095181e-05 0.002029946817
35 50 9.078321084e-06 9.099507005e-06 0.002333682746
35 51 7.872612849e-06 7.893482685e-06 0.002650941434
35 52 6.821837775e-06 6.841772717e-06 0.002922224653
35 53 5.906639112e-06 5.925603468e-06 0.00321068478
35 54 5.109815251e-06 5.12831332e-06 0.003620105268
35 55 4.416822727e-06 4.435146014e-06 0.004148522247
35 56 3.814885955e-06 3.833058437e-06 0.0047635716
35 57 3.292619802e-06 3.310543023e-06 0.005443452958
35 58 2.839986094e-06 2.857464623e-06 0.006154441804
35 59 2.447690442e-06 2.464911449e-06 0.007035614837
35 60 2.107951642e-06 2.125059522e-06 0.008115878754
35 61 1.814147491e-06 1.831049913e-06 0.009317005319
35 62 1.560196679e-06 1.576878006e-06 0.01069181045
35 63 1.340676388e-06 1.357293957e-06 0.01239491486
35 64 1.151314523e-06 1.167713497e-06 0.0142436951
36 1 0.0007372237613 0.0007370995948 -0.0001684245269
36 2 0.0007317206551 0.0007315972603 -0.0001686365611
36 3 0.0007226597675 0.0007225334378 -0.0001748121824
36 4 0.000710190273 0.0007100644292 -0.0001771972688
36 5 0.0006945343636 0.0006944016708 -0.0001910528535
36 6 0.000675939622 0.0006758048318 -0.0001994116522
36 7 0.0006547042224 0.0006545735875 -0.0001995327168
36 8 0.0006311615712 0.0006310384841 -0.0001950167974
36 9 0.0006056655382 0.00060555133 -0.0001885663364
36 10 0.0005785851592 0.000578475545 -0.0001894521993
36 11 0.0005502808647 0.0005501768628 -0.0001889978606
36 12 0.0005211081535 0.0005210147303 -0.0001792780253
36 13 0.0004914159488 0.0004913346734 -0.0001653903285
36 14 0.0004615253527 0.0004614618264 -0.000137644147
36 15 0.0004317426143 0.0004316957389 -0.000108572613
36 16 0.0004023438523 0.0004023065014 -9.283346843e-05
36 17 0.0003735600731 0.000373532165 -7.470840346e-05
36 18 0.0003456007609 0.0003455773753 -6.766641089e-05
36 19 0.0003186305463 0.0003186130987 -5.475822513e-05
36 20 0.0002927877731 0.0002927772924 -3.579628288e-05
36 21 0.0002681836236 0.0002681763541 -2.710631915e-05
36 22 0.0002448902908 0.0002448871808 -1.26993025e-05
36 23 0.0002229619657 0.0002229596738 -1.027950698e-05
36 24 0.0002024220555 0.0002024195359 -1.244739031e-05
36 25 0.000183273522 0.0001832712257 -1.252911145e-05
36 26 0.0001655000062 0.0001655009517 5.71270451e-06
36 27 0.0001490762415 0.0001490796096 2.259301374e-05
36 28 0.0001339619178 0.0001339655886 2.74022447e-05
36 29 0.000120103132 0.0001201073897 3.545048904e-05
36 30 0.0001074418932 0.0001074460173 3.838385724e-05
36 31 9.591258929e-05 9.591712159e-05 4.725456893e-05
36 32 8.544699179e-05 8.545288215e-05 6.893588983e-05
36 33 7.597726331e-05 7.598363099e-05 8.381037317e-05
36 34 6.743206091e-05 6.743922549e-05 0.0001062489911
36 35 5.974305841e-05 5.975018441e-05 0.0001192774535
36 36 5.284031772e-05 5.284860567e-05 0.0001568490236
36 37 4.666082563e-05 4.666888697e-05 0.0001727645324
36 38 4.113927539e-05 4.114827115e-05 0.0002186659634
36 39 3.621662619e-05 3.622723886e-05 0.0002930332097
36 40 3.18365526e-05 3.184977018e-05 0.0004151700687
36 41 2.794800337e-05 2.796349573e-05 0.0005543279462
36 42 2.450179936e-05 2.451975639e-05 0.0007328861667
36 43 2.14534304e-05 2.147358889e-05 0.0009396397393
36 44 1.876239128e-05 1.878365256e-05 0.001133186282
36 45 1.639095404e-05 1.641211082e-05 0.001290759596
36 46 1.43033482e-05 1.432447902e-05 0.001477333508
36 47 1.246803266e-05 1.248944845e-05 0.001717655154
36 48 1.08575196e-05 1.08786949e-05 0.001950288379
36 49 9.445574883e-06 9.46667853e-06 0.002234236387
36 50 8.209396645e-06 8.23044053e-06 0.002563389991
36 51 7.128537475e-06 7.149400988e-06 0.00292675914
36 52 6.184719929e-06 6.205161347e-06 0.003305148484
36 53 5.361674164e-06 5.381313973e-06 0.003662999346
36 54 4.644334108e-06 4.663260668e-06 0.004075193266
36 55 4.01956975e-06 4.038041393e-06 0.004595427784
36 56 3.475668426e-06 3.494173951e-06 0.005324306968
36 57 3.003179472e-06 3.021505018e-06 0.006102048347
36 58 2.593115843e-06 2.611072592e-06 0.006924777139
36 59 2.237319784e-06 2.25497971e-06 0.007893340015
36 60 1.928851719e-06 1.946279084e-06 0.009035098251
36 61 1.661804567e-06 1.678868192e-06 0.01026812949
36 62 1.430586912e-06 1.447394275e-06 0.01174857889
36 63 1.230435838e-06 1.247168617e-06 0.0135990673
36 64 1.057563975e-06 1.074089469e-06 0.0156259985
37 1 0.000616864793 0.0006167628914 -0.0001651928785
37 2 0.0006123926384 0.0006122919171 -0.0001644717589
37 3 0.0006050258564 0.0006049241881 -0.0001680397098
37 4 0.0005948839171 0.0005947826675 -0.0001702005706
37 5 0.0005821433667 0.0005820339018 -0.0001880377278
37 6 0.0005669959957 0.000566882772 -0.0001996904762
37 7 0.0005496767883 0.0005495662185 -0.0002011542067
37 8 0.0005304518028 0.0005303462446 -0.0001989967703
37 9 0.0005096030537 0.0005095025237 -0.0001972711923
37 10 0.0004874199771 0.0004873249293 -0.0001950017391
37 11 0.0004641946908 0.0004641062903 -0.0001904383498
37 12 0.0004402117401 0.0004401356308 -0.0001728924994
37 13 0.0004157545642 0.0004156921101 -0.000150218685
37 14 0.0003910879887 0.0003910398177 -0.0001231716959
37 15 0.0003664573527 0.0003664235247 -9.231080529e-05
37 16 0.0003420897339 0.0003420654344 -7.103243889e-05
37 17 0.0003181788657 0.0003181629255 -5.009817349e-05
37 18 0.0002948963861 0.00029488724 -3.101481232e-05
37 19 0.0002723878382 0.0002723830328 -1.764167555e-05
37 20 0.000250767835 0.0002507686781 3.361958605e-06
37 21 0.0002301336873 0.0002301372108 1.531041808e-05
37 22 0.000210552701 0.000210557779 2.411750976e-05
37 23 0.0001920719874 0.0001920774807 2.859989634e-05
37 24 0.0001747199793 0.000174723467 1.996171164e-05
37 25 0.0001585001801 0.0001585052044 3.169934097e-05
37 26 0.0001434082564 0.0001434168027 5.959425224e-05
37 27 0.0001294295175 0.0001294393279 7.579775955e-05
37 28 0.0001165341785 0.0001165430393 7.603627837e-05
37 29 0.0001046801337 0.0001046894989 8.946484501e-05
37 30 9.382413421e-05 9.383352008e-05 0.000100036831
37 31 8.391439016e-05 8.392493234e-05 0.0001256301402
37 32 7.490046e-05 7.491014879e-05 0.0001293556306
37 33 6.672506204e-05 6.673353382e-05 0.0001269654345
37 34 5.933000196e-05 5.933857356e-05 0.000144473324
37 35 5.26609357e-05 5.2668858e-05 0.0001504397065
37 36 4.666082563e-05 4.666888697e-05 0.0001727645324
37 37 4.127740957e-05 4.128471501e-05 0.0001769840987
37 38 3.645522028e-05 3.646445144e-05 0.0002532189925
37 39 3.214788543e-05 3.215863259e-05 0.0003343037899
37 40 2.830806393e-05 2.832048311e-05 0.0004387155447
37 41 2.489115698e-05 2.490608249e-05 0.000599631314
37 42 2.185775593e-05 2.187445208e-05 0.0007638546251
37 43 1.916849992e-05 1.918757668e-05 0.0009952139329
37 44 1.679047718e-05 1.681037329e-05 0.001184963757
37 45 1.469032088e-05 1.471061832e-05 0.001381688049
37 46 1.283839031e-05 1.285884298e-05 0.001593086243
37 47 1.120761236e-05 1.122820541e-05 0.001837415914
37 48 9.773748827e-06 9.794346641e-06 0.002107463057
37 49 8.514401267e-06 8.535236398e-06 0.002447045971
37 50 7.410162439e-06 7.431013598e-06 0.002813860006
37 51 6.44308566e-06 6.463825598e-06 0.00321894487
37 52 5.597311504e-06 5.617669238e-06 0.003637055801
37 53 4.858420212e-06 4.878236134e-06 0.004078676093
37 54 4.213487169e-06 4.232763997e-06 0.004575029459
37 55 3.65112576e-06 3.669895279e-06 0.005140748308
37 56 3.160821693e-06 3.179543995e-06 0.005923238669
37 57 2.734097551e-06 2.752771239e-06 0.006829927561
37 58 2.363242628e-06 2.381669622e-06 0.007797335036
37 59 2.041123806e-06 2.059256637e-06 0.008883748458
37 60 1.761624229e-06 1.779376806e-06 0.01007739159
37 61 1.519294913e-06 1.536612315e-06 0.01139831521
37 62 1.309201424e-06 1.326201752e-06 0.01298526498
37 63 1.127216065e-06 1.143966516e-06 0.01486001794
38 1 0.0005163259005 0.0005162462726 -0.0001542203292
38 2 0.0005126878759 0.0005126091136 -0.0001536261292
38 3 0.0005066943526 0.000506613268 -0.0001600267988
38 4 0.0004984360222 0.000498355676 -0.000161196733
38 5 0.0004880536755 0.0004879677917 -0.0001759720787
38 6 0.0004757006177 0.0004756115787 -0.0001871743253
38 7 0.0004615643496 0.0004614747097 -0.0001942087562
38 8 0.0004458522344 0.0004457651948 -0.0001952207107
38 9 0.0004287879959 0.0004287056798 -0.0001919738868
38 10 0.0004106022619 0.0004105276552 -0.0001817006155
38 11 0.0003915338678 0.0003914658023 -0.0001738431955
38 12 0.0003718127019 0.000371752678 -0.0001614358479
38 13 0.0003516622821 0.0003516139044 -0.0001375688116
38 14 0.0003312990077 0.0003312639889 -0.0001057014807
38 15 0.000310926432 0.0003109028601 -7.581176755e-05
38 16 0.0002907244184 0.0002907131603 -3.872415524e-05
38 17 0.0002708616801 0.0002708583 -1.247893111e-05
38 18 0.0002514789057 0.0002514812461 9.306406274e-06
38 19 0.00023270056 0.0002327039881 1.473156428e-05
38 20 0.000214618816 0.0002146276086 4.096869002e-05
38 21 0.0001973215772 0.0001973328701 5.723109255e-05
38 22 0.0001808686198 0.0001808812242 6.968817068e-05
38 23 0.0001653040738 0.0001653161493 7.305017265e-05
38 24 0.0001506558959 0.0001506647245 5.86011982e-05
38 25 0.0001369294568 0.0001369393559 7.229350387e-05
38 26 0.0001241279988 0.00012413958 9.330059531e-05
38 27 0.0001122405682 0.0001122538803 0.000118603003
38 28 0.0001012478188 0.0001012614637 0.000134767378
38 29 9.112107099e-05 9.113395472e-05 0.0001413914182
38 30 8.182289624e-05 8.183697753e-05 0.0001720946968
38 31 7.331700113e-05 7.333160229e-05 0.0001991510277
38 32 6.556182917e-05 6.557564457e-05 0.0002107232256
38 33 5.851342761e-05 5.85248108e-05 0.0001945397075
38 34 5.212324127e-05 5.213369004e-05 0.0002004628569
38 35 4.634716196e-05 4.635659657e-05 0.0002035640114
38 36 4.113927539e-05 4.114827115e-05 0.0002186659634
38 37 3.645522028e-05 3.646445144e-05 0.0002532189925
38 38 3.225163334e-05 3.226232345e-05 0.0003314594083
38 39 2.848990659e-05 2.85008667e-05 0.0003847018427
38 40 2.512902904e-05 2.51411061e-05 0.000480601712
38 41 2.213243401e-05 2.214628311e-05 0.0006257378956
38 42 1.946661267e-05 1.948195853e-05 0.0007883170178
38 43 1.709844467e-05 1.711605799e-05 0.001030112326
38 44 1.500022452e-05 1.501887058e-05 0.00124305187
38 45 1.314364765e-05 1.316300996e-05 0.001473130653
38 46 1.150382299e-05 1.152334608e-05 0.001697095392
38 47 1.005685045e-05 1.007691469e-05 0.001995081387
38 48 8.782479816e-06 8.802810828e-06 0.002314951135
38 49 7.661514603e-06 7.68207142e-06 0.002683127147
38 50 6.676857673e-06 6.697551328e-06 0.003099310579
38 51 5.813253005e-06 5.833796421e-06 0.003533893264
38 52 5.056655116e-06 5.07691647e-06 0.004006868947
38 53 4.394421262e-06 4.41446014e-06 0.004560072169
38 54 3.81567905e-06 3.835293763e-06 0.005140556376
38 55 3.310143473e-06 3.329485191e-06 0.005843165878
38 56 2.868918371e-06 2.888193608e-06 0.006718642589
38 57 2.484468045e-06 2.503565898e-06 0.007686898093
38 58 2.149775494e-06 2.168639894e-06 0.008775055963
38 59 1.858781816e-06 1.877254655e-06 0.009938142617
38 60 1.605949105e-06 1.623967726e-06 0.01121992065
38 61 1.386428585e-06 1.403979253e-06 0.01265890491
38 62 1.195940343e-06 1.21306269e-06 0.01431705741
38 63 1.030732124e-06 1.047501808e-06 0.01626968254
39 1 0.0004323049007 0.0004322498943 -0.0001272396847
39 2 0.0004293431849 0.0004292877888 -0.0001290250887
39 3 0.0004244611307 0.0004244031108 -0.000136690657
39 4 0.0004177315989 0.0004176724385 -0.00014162317
39 5 0.0004092601629 0.0004091997275 -0.0001476698041
39 6 0.0003991762838 0.0003991132484 -0.0001579138508
39 7 0.0003876273672 0.0003875619031 -0.0001688839454
39 8 0.0003747783 0.0003747110916 -0.0001793285517
39 9 0.0003608019109 0.0003607383044 -0.0001762921601
39 10 0.0003458847637 0.0003458286253 -0.0001623037564
39 11 0.000330219193 0.0003301703135 -0.0001480211349
39 12 0.0003139954173 0.0003139506213 -0.000142664522
39 13 0.0002973862321 0.0002973519759 -0.0001151911172
39 14 0.0002805718018 0.0002805486268 -8.259917242e-05
39 15 0.0002637165747 0.0002637038284 -4.833312448e-05
39 16 0.0002469691851 0.0002469675967 -6.431697211e-06
39 17 0.0002304709364 0.00023047505 1.784852717e-05
39 18 0.0002143358625 0.0002143453193 4.412115152e-05
39 19 0.0001986693583 0.000198680991 5.855315245e-05
39 20 0.0001835557239 0.0001835680312 6.704937657e-05
39 21 0.0001690614468 0.0001690761266 8.683085925e-05
39 22 0.000155242911 0.000155259374 0.0001060469915
39 23 0.0001421409034 0.0001421572464 0.0001149773602
39 24 0.0001297816164 0.0001297957646 0.0001090155465
39 25 0.0001181737766 0.0001181888098 0.0001272127915
39 26 0.0001073243522 0.0001073395167 0.0001412956465
39 27 9.722653742e-05 9.724169518e-05 0.000155901463
39 28 8.786412715e-05 8.788123753e-05 0.0001947367586
39 29 7.921996996e-05 7.923747463e-05 0.0002209627962
39 30 7.126665486e-05 7.128445524e-05 0.0002497715084
39 31 6.397408266e-05 6.399212786e-05 0.0002820704403
39 32 5.731054061e-05 5.732741272e-05 0.0002943979975
39 33 5.124053909e-05 5.125515659e-05 0.0002852721906
39 34 4.572600765e-05 4.573896845e-05 0.0002834449577
39 35 4.072957545e-05 4.074193756e-05 0.0003035169848
39 36 3.621662619e-05 3.622723886e-05 0.0002930332097
39 37 3.214788543e-05 3.215863259e-05 0.0003343037899
39 38 2.848990659e-05 2.85008667e-05 0.0003847018427
39 39 2.520804823e-05 2.521999148e-05 0.0004737870418
39 40 2.227116036e-05 2.228359611e-05 0.0005583792685
39 41 1.964708616e-05 1.966097721e-05 0.0007070283424
39 42 1.730835128e-05 1.732324867e-05 0.0008607052914
39 43 1.522722965e-05 1.524340209e-05 0.001062073546
39 44 1.337867016e-05 1.339632593e-05 0.001319695028
39 45 1.174008056e-05 1.175879124e-05 0.001593743983
39 46 1.029055758e-05 1.030941067e-05 0.001832077003
39 47 9.008829003e-06 9.028576787e-06 0.002192047823
39 48 7.878309149e-06 7.898384932e-06 0.002548234949
39 49 6.881878086e-06 6.902545139e-06 0.003003112221
39 50 6.005679811e-06 6.026286781e-06 0.003431246847
39 51 5.235744679e-06 5.25625916e-06 0.003918159256
39 52 4.560190248e-06 4.580430542e-06 0.004438475818
39 53 3.967836799e-06 3.987987708e-06 0.005078562994
39 54 3.449267213e-06 3.469237613e-06 0.005789751498
39 55 2.995788846e-06 3.015512366e-06 0.006583748353
39 56 2.599532748e-06 2.619078442e-06 0.007518926026
39 57 2.253727577e-06 2.273050727e-06 0.008573862303
39 58 1.952427355e-06 1.971311814e-06 0.009672297672
39 59 1.690044607e-06 1.708436754e-06 0.01088264002
39 60 1.461574957e-06 1.479623331e-06 0.0123485786
39 61 1.263017383e-06 1.280627814e-06 0.01394314184
39 62 1.090552601e-06 1.107706056e-06 0.01572913962
40 1 0.0003620665803 0.0003620306339 -9.928134233e-05
40 2 0.0003596535686 0.0003596157725 -0.0001050901421
40 3 0.0003556690968 0.0003556322596 -0.0001035713619
40 4 0.0003501796192 0.0003501407029 -0.0001111323613
40 5 0.0003432617242 0.0003432234627 -0.0001114646514
40 6 0.0003350243967 0.0003349823016 -0.0001256478491
40 7 0.0003255820932 0.0003255355527 -0.0001429455007
40 8 0.0003150613666 0.0003150149294 -0.0001473911557
40 9 0.0003036075917 0.000303562113 -0.0001497941596
40 10 0.0002913672307 0.0002913252533 -0.0001440706929
40 11 0.0002784923039 0.0002784555118 -0.0001321115822
40 12 0.0002651373711 0.000265103769 -0.0001267347833
40 13 0.0002514421477 0.0002514175929 -9.76558857e-05
40 14 0.0002375543268 0.0002375385522 -6.640419189e-05
40 15 0.0002236055294 0.0002235999302 -2.504059165e-05
40 16 0.0002097239611 0.0002097248732 4.349258723e-06
40 17 0.0001960177259 0.0001960249886 3.705132739e-05
40 18 0.000182587681 0.0001825993826 6.408764349e-05
40 19 0.0001695197673 0.0001695341174 8.465168395e-05
40 20 0.0001568852574 0.0001569020496 0.0001070349396
40 21 0.0001447455516 0.0001447630048 0.0001205782732
40 22 0.0001331457905 0.0001331642373 0.0001385457291
40 23 0.0001221216961 0.0001221411209 0.000159061197
40 24 0.0001116987847 0.0001117180171 0.0001721803151
40 25 0.000101890501 0.0001019092683 0.000184191188
40 26 9.270187619e-05 9.272027142e-05 0.0001984342293
40 27 8.41307389e-05 8.414858712e-05 0.0002121486275
40 28 7.616514535e-05 7.618505116e-05 0.0002613506358
40 29 6.879386792e-05 6.881485716e-05 0.0003051033294
40 30 6.199724125e-05 6.201858785e-05 0.0003443153971
40 31 5.575211571e-05 5.577317728e-05 0.0003777715739
40 32 5.003208074e-05 5.005279186e-05 0.0004139569344
40 33 4.481156477e-05 4.482962289e-05 0.0004029790732
40 34 4.005867159e-05 4.007458705e-05 0.0003973037461
40 35 3.57426621e-05 3.575793498e-05 0.0004273011296
40 36 3.18365526e-05 3.184977018e-05 0.0004151700687
40 37 2.830806393e-05 2.832048311e-05 0.0004387155447
40 38 2.512902904e-05 2.51411061e-05 0.000480601712
40 39 2.227116036e-05 2.228359611e-05 0.0005583792685
40 40 1.970822572e-05 1.97210528e-05 0.0006508488819
40 41 1.741426478e-05 1.742787924e-05 0.000781799611
40 42 1.536492308e-05 1.537989299e-05 0.0009742914094
40 43 1.353839669e-05 1.355439456e-05 0.001181666429
40 44 1.19128125e-05 1.193020009e-05 0.001459570835
40 45 1.046932299e-05 1.048764447e-05 0.001750015489
40 46 9.189744753e-06 9.208560433e-06 0.002047464922
40 47 8.056804405e-06 8.076238851e-06 0.002412177892
40 48 7.055368333e-06 7.075374379e-06 0.002835577794
40 49 6.171653608e-06 6.192000474e-06 0.003296825719
40 50 5.392968757e-06 5.413416936e-06 0.003791636829
40 51 4.707388273e-06 4.728112739e-06 0.004402540201
40 52 4.104942168e-06 4.125686409e-06 0.005053479467
40 53 3.57623529e-06 3.596765793e-06 0.005740814475
40 54 3.112599843e-06 3.132928686e-06 0.006531145587
40 55 2.706587023e-06 2.72662546e-06 0.007403581282
40 56 2.351417115e-06 2.371104562e-06 0.008372588062
40 57 2.040975396e-06 2.060341499e-06 0.009488650518
40 58 1.770105439e-06 1.788971757e-06 0.01065830224
40 59 1.533901705e-06 1.552227907e-06 0.01194744243
40 60 1.327871289e-06 1.345881027e-06 0.01356286404
40 61 1.148525123e-06 1.166186485e-06 0.01537742763
41 1 0.0003033262032 0.0003033066115 -6.458971548e-05
41 2 0.0003013559219 0.000301335939 -6.630991901e-05
41 3 0.000298105628 0.0002980841737 -7.196877027e-05
41 4 0.000293623489 0.0002935993701 -8.214225389e-05
41 5 0.0002879746516 0.0002879468926 -9.639388659e-05
41 6 0.0002812399333 0.0002812076077 -0.0001149395553
41 7 0.0002735105095 0.0002734757006 -0.0001272671825
41 8 0.0002648898576 0.0002648562089 -0.0001270289174
41 9 0.0002554942852 0.0002554623741 -0.0001248993824
41 10 0.0002454428234 0.0002454129139 -0.0001218591204
41 11 0.0002348538114 0.0002348293155 -0.0001043029447
41 12 0.0002238544443 0.0002238332387 -9.472925671e-05
41 13 0.0002125601119 0.0002125441107 -7.527844158e-05
41 14 0.0002010860184 0.0002010769728 -4.49839815e-05
41 15 0.0001895423438 0.0001895406284 -9.050367858e-06
41 16 0.0001780343282 0.0001780361214 1.007210989e-05
41 17 0.0001666478567 0.0001666555581 4.621350688e-05
41 18 0.0001554683892 0.0001554812709 8.285734188e-05
41 19 0.0001445698709 0.0001445853103 0.0001067957731
41 20 0.0001340118518 0.0001340292391 0.000129744349
41 21 0.0001238459514 0.0001238641963 0.0001473187015
41 22 0.0001141122132 0.0001141311941 0.0001663352734
41 23 0.0001048408596 0.0001048616061 0.0001978856267
41 24 9.605611039e-05 9.607780558e-05 0.0002258595343
41 25 8.777261148e-05 8.779391594e-05 0.000242723268
41 26 7.999507045e-05 8.001663376e-05 0.0002695580331
41 27 7.272479936e-05 7.274609293e-05 0.0002927964844
41 28 6.595411816e-05 6.597673973e-05 0.0003429895536
41 29 5.967466744e-05 5.969819489e-05 0.0003942619105
41 30 5.387149335e-05 5.389608258e-05 0.0004564423394
41 31 4.85284303e-05 4.855281133e-05 0.0005024071234
41 32 4.362466129e-05 4.36482956e-05 0.0005417648855
41 33 3.913928793e-05 3.916061105e-05 0.000544800951
41 34 3.50480052e-05 3.506657914e-05 0.0005299573054
41 35 3.132538992e-05 3.134228022e-05 0.0005391890668
41 36 2.794800337e-05 2.796349573e-05 0.0005543279462
41 37 2.489115698e-05 2.490608249e-05 0.000599631314
41 38 2.213243401e-05 2.214628311e-05 0.0006257378956
41 39 1.964708616e-05 1.966097721e-05 0.0007070283424
41 40 1.741426478e-05 1.742787924e-05 0.000781799611
41 41 1.541110891e-05 1.542568849e-05 0.0009460430849
41 42 1.361889931e-05 1.363419705e-05 0.001123273197
41 43 1.201808299e-05 1.20343616e-05 0.00135450973
41 44 1.059084176e-05 1.060834416e-05 0.001652597451
41 45 9.320789544e-06 9.339527059e-06 0.002010292627
41 46 8.193257154e-06 8.212506657e-06 0.002349432286
41 47 7.19319296e-06 7.213069943e-06 0.002763304571
41 48 6.307843723e-06 6.328157773e-06 0.003220442912
41 49 5.525312139e-06 5.545817949e-06 0.003711249221
41 50 4.834500234e-06 4.85515092e-06 0.004271524442
41 51 4.225285868e-06 4.246250496e-06 0.004961706354
41 52 3.689366811e-06 3.710141543e-06 0.005630974999
41 53 3.218153181e-06 3.238716319e-06 0.006389732703
41 54 2.804205817e-06 2.824670751e-06 0.007297942993
41 55 2.441352455e-06 2.461441737e-06 0.008228751471
41 56 2.123413928e-06 2.143146264e-06 0.009292741349
41 57 1.845197233e-06 1.864522971e-06 0.01047353465
41 58 1.602137297e-06 1.620876583e-06 0.01169642944
41 59 1.389818509e-06 1.408025522e-06 0.01310028134
41 60 1.204425557e-06 1.22225286e-06 0.01480149792
41 61 1.042812863e-06 1.060260694e-06 0.0167315074
42 1 0.0002541861971 0.0002541784236 -3.05817055e-05
42 2 0.0002525764462 0.0002525687193 -3.059224674e-05
42 3 0.0002499217764 0.0002499118249 -3.981830307e-05
42 4 0.0002462583054 0.0002462459068 -5.03477229e-05
42 5 0.0002416401397 0.0002416229267 -7.123383111e-05
42 6 0.0002361297671 0.0002361072472 -9.537109526e-05
42 7 0.0002297988866 0.0002297739445 -0.0001085387735
42 8 0.0002227302698 0.0002227068975 -0.0001049358374
42 9 0.0002150173816 0.0002149967281 -9.605532802e-05
42 10 0.0002067579268 0.0002067386724 -9.312491317e-05
42 11 0.0001980452961 0.0001980304571 -7.492739774e-05
42 12 0.0001889807671 0.0001889702512 -5.564525155e-05
42 13 0.0001796615968 0.0001796547553 -3.80795504e-05
42 14 0.0001701792963 0.0001701774778 -1.068536192e-05
42 15 0.0001606250561 0.0001606272365 1.357426577e-05
42 16 0.000151082304 0.0001510869108 3.049168022e-05
42 17 0.0001416240239 0.000141632458 5.955253981e-05
42 18 0.0001323204791 0.0001323321944 8.853725778e-05
42 19 0.0001232316623 0.0001232463326 0.0001190471965
42 20 0.0001144098693 0.0001144267591 0.0001476251498
42 21 0.0001058969552 0.000105917027 0.0001895409951
42 22 9.773176556e-05 9.775253892e-05 0.0002125548999
42 23 8.993839159e-05 8.996088599e-05 0.0002501090123
42 24 8.253905128e-05 8.25623155e-05 0.0002818571133
42 25 7.554673099e-05 7.55702938e-05 0.000311897165
42 26 6.896845772e-05 6.899213653e-05 0.0003433280967
42 27 6.280683935e-05 6.282967932e-05 0.0003636542272
42 28 5.705614456e-05 5.707996544e-05 0.0004174988483
42 29 5.171108976e-05 5.17359302e-05 0.0004803697058
42 30 4.676107189e-05 4.678706575e-05 0.0005558866866
42 31 4.219408918e-05 4.222005294e-05 0.0006153410767
42 32 3.799397641e-05 3.801935052e-05 0.0006678455415
42 33 3.41445002e-05 3.416773491e-05 0.0006804817123
42 34 3.062609831e-05 3.064678625e-05 0.0006755002047
42 35 2.741853917e-05 2.743731891e-05 0.00068492865
42 36 2.450179936e-05 2.451975639e-05 0.0007328861667
42 37 2.185775593e-05 2.187445208e-05 0.0007638546251
42 38 1.946661267e-05 1.948195853e-05 0.0007883170178
42 39 1.730835128e-05 1.732324867e-05 0.0008607052914
42 40 1.536492308e-05 1.537989299e-05 0.0009742914094
42 41 1.361889931e-05 1.363419705e-05 0.001123273197
42 42 1.205371618e-05 1.206930378e-05 0.001293177501
42 43 1.065279313e-05 1.066926494e-05 0.001546242958
42 44 9.401346555e-06 9.419086208e-06 0.001886926759
42 45 8.285531207e-06 8.304749714e-06 0.002319526322
42 46 7.293263984e-06 7.313217993e-06 0.002735950484
42 47 6.411957167e-06 6.432422666e-06 0.003191771021
42 48 5.630597757e-06 5.651240963e-06 0.003666254675
42 49 4.938647455e-06 4.959462811e-06 0.004214788969
42 50 4.326740874e-06 4.347750847e-06 0.004855842833
42 51 3.786522515e-06 3.807595397e-06 0.005565233566
42 52 3.310285042e-06 3.331266158e-06 0.006338160137
42 53 2.891104492e-06 2.911762022e-06 0.007145203463
42 54 2.522306198e-06 2.542760221e-06 0.008109254585
42 55 2.198455765e-06 2.218565762e-06 0.009147328779
42 56 1.914374463e-06 1.934061904e-06 0.0102840073
42 57 1.66543944e-06 1.684662247e-06 0.01154218273
42 58 1.447559999e-06 1.466264883e-06 0.01292166359
42 59 1.257058373e-06 1.275208899e-06 0.01443888884
42 60 1.090519252e-06 1.10823344e-06 0.0162438102
43 1 0.0002130620248 0.0002130640876 9.68156306e-06
43 2 0.0002117461993 0.0002117480523 8.750987115e-06
43 3 0.0002095754855 0.0002095752887 -9.391123646e-07
43 4 0.000206579548 0.0002065761592 -1.640418045e-05
43 5 0.0002028002309 0.0002027920358 -4.041000375e-05
43 6 0.00019828775 0.0001982742224 -6.82219052e-05
43 7 0.0001930965137 0.0001930826484 -7.180488624e-05
43 8 0.0001872982144 0.0001872843837 -7.384330771e-05
43 9 0.0001809657054 0.0001809520354 -7.553886752e-05
43 10 0.0001741731098 0.0001741620828 -6.33105561e-05
43 11 0.0001670029213 0.0001669932092 -5.815581206e-05
43 12 0.0001595306014 0.0001595246851 -3.708599182e-05
43 13 0.0001518360894 0.0001518348499 -8.162984014e-06
43 14 0.0001439977485 0.0001439997317 1.377233322e-05
43 15 0.0001360862194 0.0001360918362 4.127391524e-05
43 16 0.0001281720183 0.0001281791265 5.545798803e-05
43 17 0.0001203155578 0.0001203242048 7.186950692e-05
43 18 0.0001125731226 0.0001125836996 9.395598468e-05
43 19 0.0001049944493 0.0001050078534 0.0001276653893
43 20 9.762503018e-05 9.764030056e-05 0.0001564187305
43 21 9.049940013e-05 9.051801645e-05 0.0002057065564
43 22 8.364993225e-05 8.367142069e-05 0.0002568853197
43 23 7.710187583e-05 7.712460934e-05 0.0002948502207
43 24 7.087288256e-05 7.089569349e-05 0.0003218568926
43 25 6.497422538e-05 6.499722031e-05 0.0003539083765
43 26 5.941333503e-05 5.943665373e-05 0.0003924826402
43 27 5.419325465e-05 5.421689378e-05 0.0004362005761
43 28 4.931215595e-05 4.933681549e-05 0.0005000702288
43 29 4.476641838e-05 4.479181119e-05 0.0005672289882
43 30 4.054736417e-05 4.057432212e-05 0.0006648508727
43 31 3.66475304e-05 3.667434844e-05 0.0007317829653
43 32 3.305420962e-05 3.307992896e-05 0.0007780957255
43 33 2.975378839e-05 2.977758435e-05 0.0007997622056
43 34 2.673029794e-05 2.675271974e-05 0.0008388156389
43 35 2.396898794e-05 2.398998458e-05 0.000875991724
43 36 2.14534304e-05 2.147358889e-05 0.0009396397393
43 37 1.916849992e-05 1.918757668e-05 0.0009952139329
43 38 1.709844467e-05 1.711605799e-05 0.001030112326
43 39 1.522722965e-05 1.524340209e-05 0.001062073546
43 40 1.353839669e-05 1.355439456e-05 0.001181666429
43 41 1.201808299e-05 1.20343616e-05 0.00135450973
43 42 1.065279313e-05 1.066926494e-05 0.001546242958
43 43 9.428514399e-06 9.445770786e-06 0.001830233937
43 44 8.332933197e-06 8.351296236e-06 0.002203670465
43 45 7.35451649e-06 7.374036358e-06 0.002654133438
43 46 6.482569547e-06 6.502975026e-06 0.003147745604
43 47 5.707259308e-06 5.727882282e-06 0.00361346358
43 48 5.018280879e-06 5.039300796e-06 0.004188668943
43 49 4.407227972e-06 4.42852369e-06 0.00483199835
43 50 3.86638763e-06 3.887565725e-06 0.005477488622
43 51 3.387928951e-06 3.409129595e-06 0.006257700172
43 52 2.965479402e-06 2.98656883e-06 0.007111642081
43 53 2.593025124e-06 2.613848551e-06 0.008030553512
43 54 2.265095216e-06 2.285505134e-06 0.009010622481
43 55 1.976642192e-06 1.996605648e-06 0.01009968118
43 56 1.723006548e-06 1.742707747e-06 0.01143419835
43 57 1.500588853e-06 1.519820554e-06 0.01281610242
43 58 1.305612373e-06 1.324366966e-06 0.01436459551
43 59 1.134973511e-06 1.153147667e-06 0.01601284637
44 1 0.0001786368377 0.0001786452533 4.711018306e-05
44 2 0.0001775613054 0.0001775683904 3.990176574e-05
44 3 0.0001757837997 0.0001757900456 3.553165765e-05
44 4 0.0001733321521 0.0001733344104 1.302877663e-05
44 5 0.0001702371742 0.0001702344748 -1.585642897e-05
44 6 0.0001665376166 0.0001665311925 -3.857439572e-05
44 7 0.0001622805843 0.0001622724664 -5.002347513e-05
44 8 0.0001575205175 0.0001575119939 -5.411055427e-05
44 9 0.0001523172985 0.0001523080152 -6.094726281e-05
44 10 0.0001467278556 0.0001467220092 -3.98449161e-05
44 11 0.0001408211784 0.0001408173825 -2.695578457e-05
44 12 0.0001346594394 0.0001346581907 -9.273275038e-06
44 13 0.0001283068449 0.0001283079317 8.470689329e-06
44 14 0.000121823939 0.0001218284411 3.695509634e-05
44 15 0.0001152717616 0.0001152789135 6.204427776e-05
44 16 0.0001087071366 0.0001087150704 7.298406113e-05
44 17 0.0001021787636 0.0001021884818 9.510972396e-05
44 18 9.573484465e-05 9.574604726e-05 0.0001170170344
44 19 8.941734977e-05 8.942963488e-05 0.000137390657
44 20 8.326186876e-05 8.327586844e-05 0.000168140374
44 21 7.729922129e-05 7.731605321e-05 0.0002177502954
44 22 7.155658703e-05 7.157622467e-05 0.0002744351061
44 23 6.605641992e-05 6.607730333e-05 0.0003161450563
44 24 6.081285327e-05 6.083533796e-05 0.000369735845
44 25 5.583938973e-05 5.586181869e-05 0.0004016692454
44 26 5.114094916e-05 5.116404243e-05 0.0004515612637
44 27 4.672197637e-05 4.674551389e-05 0.0005037783825
44 28 4.258216612e-05 4.260636706e-05 0.0005683349664
44 29 3.871878411e-05 3.874379375e-05 0.0006459302752
44 30 3.51255691e-05 3.515246789e-05 0.0007657894696
44 31 3.179790353e-05 3.182495615e-05 0.0008507673104
44 32 2.872574684e-05 2.875210744e-05 0.0009176646181
44 33 2.589800388e-05 2.592341586e-05 0.0009812332542
44 34 2.330300919e-05 2.332735309e-05 0.0010446679
44 35 2.092914771e-05 2.095166805e-05 0.001076027367
44 36 1.876239128e-05 1.878365256e-05 0.001133186282
44 37 1.679047718e-05 1.681037329e-05 0.001184963757
44 38 1.500022452e-05 1.501887058e-05 0.00124305187
44 39 1.337867016e-05 1.339632593e-05 0.001319695028
44 40 1.19128125e-05 1.193020009e-05 0.001459570835
44 41 1.059084176e-05 1.060834416e-05 0.001652597451
44 42 9.401346555e-06 9.419086208e-06 0.001886926759
44 43 8.332933197e-06 8.351296236e-06 0.002203670465
44 44 7.375312052e-06 7.394431943e-06 0.002592417889
44 45 6.518683814e-06 6.538568026e-06 0.003050341539
44 46 5.7541158e-06 5.774411388e-06 0.003527142805
44 47 5.072356591e-06 5.093304574e-06 0.004129832466
44 48 4.465900385e-06 4.487219519e-06 0.00477375953
44 49 3.927166238e-06 3.948743496e-06 0.00549435808
44 50 3.449467222e-06 3.47105895e-06 0.006259438524
44 51 3.026648872e-06 3.047918703e-06 0.007027518479
44 52 2.652737747e-06 2.67361779e-06 0.007871129725
44 53 2.322363822e-06 2.342963031e-06 0.008869931872
44 54 2.031011383e-06 2.051241258e-06 0.009960493234
44 55 1.774404082e-06 1.794186953e-06 0.01114902254
44 56 1.548506294e-06 1.567949916e-06 0.01255637264
44 57 1.350045743e-06 1.369063474e-06 0.01408673141
44 58 1.175886309e-06 1.194413596e-06 0.01575601945
44 59 1.023146142e-06 1.041209223e-06 0.01765444831
45 1 0.0001498124531 0.0001498226875 6.831526669e-05
45 2 0.0001489318546 0.0001489408111 6.013790339e-05
45 3 0.0001474734451 0.0001474841174 7.236772253e-05
45 4 0.000145462964 0.0001454719098 6.149937525e-05
45 5 0.0001429276997 0.0001429305323 1.981843349e-05
45 6 0.0001398928343 0.0001398927211 -8.092100177e-07
45 7 0.0001363985738 0.000136396816 -1.288719565e-05
45 8 0.0001324896945 0.0001324858601 -2.894102806e-05
45 9 0.000128211177 0.0001282066212 -3.55335431e-05
45 10 0.000123610635 0.0001236085692 -1.671266889e-05
45 11 0.0001187426164 0.0001187428432 1.910003294e-06
45 12 0.0001136595422 0.000113661241 1.494691069e-05
45 13 0.0001084108854 0.0001084152585 4.033767786e-05
45 14 0.0001030479452 0.0001030552051 7.045111031e-05
45 15 9.762070171e-05 9.762941496e-05 8.92561908e-05
45 16 9.217377744e-05 9.218356763e-05 0.0001062144625
45 17 8.67491553e-05 8.676012813e-05 0.0001264892084
45 18 8.138746644e-05 8.139791054e-05 0.0001283256034
45 19 7.612090832e-05 7.613176405e-05 0.0001426115987
45 20 7.09799279e-05 7.099237706e-05 0.0001753899083
45 21 6.599136688e-05 6.600619114e-05 0.0002246395143
45 22 6.117755452e-05 6.119541398e-05 0.0002919282755
45 23 5.655806124e-05 5.6578119e-05 0.0003546401885
45 24 5.214712697e-05 5.216841796e-05 0.0004082868506
45 25 4.795586814e-05 4.797669247e-05 0.0004342395149
45 26 4.398831481e-05 4.400987081e-05 0.0004900391615
45 27 4.024952333e-05 4.027173672e-05 0.0005518921145
45 28 3.674006871e-05 3.676325827e-05 0.0006311787818
45 29 3.345809235e-05 3.348292583e-05 0.000742226608
45 30 3.040090682e-05 3.042708999e-05 0.000861262797
45 31 2.756321418e-05 2.759029134e-05 0.0009823657136
45 32 2.49390989e-05 2.496557606e-05 0.001061672699
45 33 2.251880629e-05 2.254479227e-05 0.001153967775
45 34 2.029408963e-05 2.031886369e-05 0.001220752637
45 35 1.825557851e-05 1.827803832e-05 0.001230298813
45 36 1.639095404e-05 1.641211082e-05 0.001290759596
45 37 1.469032088e-05 1.471061832e-05 0.001381688049
45 38 1.314364765e-05 1.316300996e-05 0.001473130653
45 39 1.174008056e-05 1.175879124e-05 0.001593743983
45 40 1.046932299e-05 1.048764447e-05 0.001750015489
45 41 9.320789544e-06 9.339527059e-06 0.002010292627
45 42 8.285531207e-06 8.304749714e-06 0.002319526322
45 43 7.35451649e-06 7.374036358e-06 0.002654133438
45 44 6.518683814e-06 6.538568026e-06 0.003050341539
45 45 5.769867631e-06 5.790012686e-06 0.003491424052
45 46 5.099987119e-06 5.120542973e-06 0.004030569757
45 47 4.502005678e-06 4.522843688e-06 0.00462860587
45 48 3.968883798e-06 3.990110767e-06 0.005348347394
45 49 3.494726746e-06 3.516043298e-06 0.006099633434
45 50 3.073567513e-06 3.094829974e-06 0.006917844232
45 51 2.700030577e-06 2.721131241e-06 0.007814972364
45 52 2.369242048e-06 2.390058216e-06 0.008786003363
45 53 2.076782044e-06 2.097149331e-06 0.009807137457
45 54 1.818471477e-06 1.83834548e-06 0.01092896049
45 55 1.590661197e-06 1.609964356e-06 0.01213530508
45 56 1.38966398e-06 1.408674529e-06 0.01367996141
45 57 1.212894457e-06 1.231469704e-06 0.01531480909
45 58 1.057495291e-06 1.075643522e-06 0.01716152485
46 1 0.0001256711963 0.0001256793968 6.52534634e-05
46 2 0.0001249475572 0.0001249566375 7.26724685e-05
46 3 0.0001237529073 0.0001237625015 7.752706597e-05
46 4 0.0001221043187 0.0001221124133 6.629213917e-05
46 5 0.00012002249 0.0001200274383 4.12283698e-05
46 6 0.0001175321973 0.0001175337789 1.345659301e-05
46 7 0.0001146625999 0.000114662159 -3.845521056e-06
46 8 0.0001114480663 0.0001114471214 -8.477904397e-06
46 9 0.0001079271023 0.0001079262616 -7.788964192e-06
46 10 0.0001041387238 0.0001041394244 6.72814099e-06
46 11 0.0001001244316 0.0001001278897 3.453791594e-05
46 12 9.59281059e-05 9.593357189e-05 5.69800692e-05
46 13 9.159158668e-05 9.159825604e-05 7.281634139e-05
46 14 8.715493648e-05 8.716288927e-05 9.124889674e-05
46 15 8.265707505e-05 8.266694423e-05 0.0001193990895
46 16 7.813677064e-05 7.814786628e-05 0.0001420028852
46 17 7.362897599e-05 7.364061219e-05 0.0001580383649
46 18 6.916568896e-05 6.91772844e-05 0.0001676472967
46 19 6.477567835e-05 6.478686129e-05 0.0001726409358
46 20 6.048318114e-05 6.04950203e-05 0.0001957430784
46 21 5.631040847e-05 5.632404858e-05 0.0002422305656
46 22 5.227631456e-05 5.229283315e-05 0.0003159860765
46 23 4.839826364e-05 4.841692154e-05 0.0003855075164
46 24 4.468839438e-05 4.470864246e-05 0.0004530948258
46 25 4.115688376e-05 4.117727592e-05 0.0004954736443
46 26 3.780838036e-05 3.7829262e-05 0.0005523018041
46 27 3.464657015e-05 3.466843809e-05 0.0006311716465
46 28 3.167326052e-05 3.169629479e-05 0.0007272465918
46 29 2.888779707e-05 2.891224202e-05 0.0008462035044
46 30 2.628820641e-05 2.631387747e-05 0.0009765239565
46 31 2.387099916e-05 2.389725104e-05 0.001099739476
46 32 2.163108257e-05 2.165711987e-05 0.001203698576
46 33 1.956169992e-05 1.95871898e-05 0.001303050502
46 34 1.765606036e-05 1.768034e-05 0.001375144574
46 35 1.59064863e-05 1.592882877e-05 0.001404613946
46 36 1.43033482e-05 1.432447902e-05 0.001477333508
46 37 1.283839031e-05 1.285884298e-05 0.001593086243
46 38 1.150382299e-05 1.152334608e-05 0.001697095392
46 39 1.029055758e-05 1.030941067e-05 0.001832077003
46 40 9.189744753e-06 9.208560433e-06 0.002047464922
46 41 8.193257154e-06 8.212506657e-06 0.002349432286
46 42 7.293263984e-06 7.313217993e-06 0.002735950484
46 43 6.482569547e-06 6.502975026e-06 0.003147745604
46 44 5.7541158e-06 5.774411388e-06 0.003527142805
46 45 5.099987119e-06 5.120542973e-06 0.004030569757
46 46 4.514220159e-06 4.534786827e-06 0.004555973719
46 47 3.990208645e-06 4.010971196e-06 0.005203374808
46 48 3.522380715e-06 3.543338136e-06 0.005949788587
46 49 3.105483143e-06 3.126539964e-06 0.006780529754
46 50 2.734512608e-06 2.755630721e-06 0.007722806911
46 51 2.405138339e-06 2.42605369e-06 0.008696111362
46 52 2.113102504e-06 2.133625882e-06 0.009712438258
46 53 1.854428829e-06 1.874520303e-06 0.01083431929
46 54 1.625691268e-06 1.645246686e-06 0.01202898591
46 55 1.423578273e-06 1.442631271e-06 0.01338387808
46 56 1.245188731e-06 1.263796126e-06 0.01494343349
46 57 1.087970393e-06 1.106138404e-06 0.01669899467
47 1 0.000105443627 0.0001054500529 6.094066665e-05
47 2 0.0001048510455 0.0001048572595 5.926533886e-05
47 3 0.0001038696423 0.0001038776383 7.698053742e-05
47 4 0.0001025167241 0.0001025235308 6.639666075e-05
47 5 0.0001008057369 0.000100811804 6.018568515e-05
47 6 9.875941358e-05 9.876345639e-05 4.093595215e-05
47 7 9.639961278e-05 9.640313854e-05 3.657435674e-05
47 8 9.375704526e-05 9.375860273e-05 1.661172857e-05
47 9 9.085915474e-05 9.086010213e-05 1.04270303e-05
47 10 8.773789778e-05 8.773975897e-05 2.121310652e-05
47 11 8.442696723e-05 8.443092182e-05 4.684033533e-05
47 12 8.096117975e-05 8.096753112e-05 7.844956145e-05
47 13 7.737542996e-05 7.738351063e-05 0.0001044346226
47 14 7.370297572e-05 7.37122001e-05 0.0001251562481
47 15 6.997508034e-05 6.99858419e-05 0.0001537913498
47 16 6.622379569e-05 6.623513135e-05 0.0001711720998
47 17 6.247755764e-05 6.248883751e-05 0.0001805427066
47 18 5.87621032e-05 5.877349796e-05 0.0001939135023
47 19 5.510176882e-05 5.511318866e-05 0.0002072500035
47 20 5.151808402e-05 5.152936698e-05 0.0002190096326
47 21 4.802815693e-05 4.804078426e-05 0.0002629151513
47 22 4.464778438e-05 4.466346224e-05 0.0003511453043
47 23 4.139238551e-05 4.14107266e-05 0.0004431029381
47 24 3.827354477e-05 3.829328974e-05 0.0005158908496
47 25 3.529902155e-05 3.531937479e-05 0.000576594895
47 26 3.247362312e-05 3.249487244e-05 0.0006543565913
47 27 2.980096347e-05 2.98235226e-05 0.0007569934658
47 28 2.728382022e-05 2.730711314e-05 0.0008537266949
47 29 2.492162973e-05 2.494568893e-05 0.0009653943509
47 30 2.271257575e-05 2.273776476e-05 0.001109033413
47 31 2.065428799e-05 2.068053691e-05 0.001270870375
47 32 1.874416643e-05 1.877008887e-05 0.001382960463
47 33 1.697651002e-05 1.700158757e-05 0.001477191349
47 34 1.534576056e-05 1.536946741e-05 0.0015448467
47 35 1.38456515e-05 1.386759999e-05 0.001585226265
47 36 1.246803266e-05 1.248944845e-05 0.001717655154
47 37 1.120761236e-05 1.122820541e-05 0.001837415914
47 38 1.005685045e-05 1.007691469e-05 0.001995081387
47 39 9.008829003e-06 9.028576787e-06 0.002192047823
47 40 8.056804405e-06 8.076238851e-06 0.002412177892
47 41 7.19319296e-06 7.213069943e-06 0.002763304571
47 42 6.411957167e-06 6.432422666e-06 0.003191771021
47 43 5.707259308e-06 5.727882282e-06 0.00361346358
47 44 5.072356591e-06 5.093304574e-06 0.004129832466
47 45 4.502005678e-06 4.522843688e-06 0.00462860587
47 46 3.990208645e-06 4.010971196e-06 0.005203374808
47 47 3.531776113e-06 3.552487585e-06 0.005864321878
47 48 3.121566935e-06 3.142527282e-06 0.006714687524
47 49 2.755563042e-06 2.776558284e-06 0.007619220509
47 50 2.429558554e-06 2.450377354e-06 0.008568964117
47 51 2.139446277e-06 2.160101639e-06 0.009654536498
47 52 1.881966385e-06 1.902157509e-06 0.01072873737
47 53 1.653462381e-06 1.673267267e-06 0.01197782676
47 54 1.45108591e-06 1.470434358e-06 0.01333377121
47 55 1.272063334e-06 1.290927547e-06 0.01482961787
47 56 1.113882783e-06 1.132264522e-06 0.01650239965
48 1 8.848993049e-05 8.849562303e-05 6.432973334e-05
48 2 8.800345187e-05 8.800907824e-05 6.393350688e-05
48 3 8.719899682e-05 8.720487116e-05 6.736699189e-05
48 4 8.608724836e-05 8.609288955e-05 6.552865867e-05
48 5 8.468114299e-05 8.46866552e-05 6.509375792e-05
48 6 8.299748334e-05 8.300301694e-05 6.667187553e-05
48 7 8.105676022e-05 8.106177503e-05 6.186790004e-05
48 8 7.888223858e-05 7.888525018e-05 3.817832716e-05
48 9 7.649552905e-05 7.649781145e-05 2.983713705e-05
48 10 7.392162156e-05 7.392537867e-05 5.082561204e-05
48 11 7.118969252e-05 7.11949144e-05 7.335173205e-05
48 12 6.832791874e-05 6.833392068e-05 8.784023107e-05
48 13 6.536205011e-05 6.536995399e-05 0.0001209245979
48 14 6.23208348e-05 6.233017078e-05 0.0001498051522
48 15 5.923080733e-05 5.924091347e-05 0.0001706230192
48 16 5.611648567e-05 5.612734511e-05 0.0001935160297
48 17 5.300251822e-05 5.301313805e-05 0.0002003645919
48 18 4.990905352e-05 4.992022016e-05 0.0002237396994
48 19 4.685822386e-05 4.686857958e-05 0.0002210011211
48 20 4.38650675e-05 4.387612721e-05 0.000252130229
48 21 4.094586568e-05 4.09586144e-05 0.0003113555669
48 22 3.81140875e-05 3.812960182e-05 0.0004070495232
48 23 3.538228697e-05 3.54004745e-05 0.000514029134
48 24 3.276066226e-05 3.27804972e-05 0.0006054501685
48 25 3.025605988e-05 3.027690402e-05 0.0006889246725
48 26 2.787310065e-05 2.789501557e-05 0.0007862390257
48 27 2.561495953e-05 2.563837766e-05 0.0009142361801
48 28 2.348535795e-05 2.350891533e-05 0.001003066562
48 29 2.148314563e-05 2.150709671e-05 0.001114877574
48 30 1.960767819e-05 1.963210156e-05 0.001245602318
48 31 1.785732003e-05 1.788199029e-05 0.001381520893
48 32 1.622885213e-05 1.625386951e-05 0.001541537772
48 33 1.471970508e-05 1.474405125e-05 0.001653985322
48 34 1.332526557e-05 1.334820329e-05 0.001721370643
48 35 1.204021538e-05 1.206148894e-05 0.001766875291
48 36 1.08575196e-05 1.08786949e-05 0.001950288379
48 37 9.773748827e-06 9.794346641e-06 0.002107463057
48 38 8.782479816e-06 8.802810828e-06 0.002314951135
48 39 7.878309149e-06 7.898384932e-06 0.002548234949
48 40 7.055368333e-06 7.075374379e-06 0.002835577794
48 41 6.307843723e-06 6.328157773e-06 0.003220442912
48 42 5.630597757e-06 5.651240963e-06 0.003666254675
48 43 5.018280879e-06 5.039300796e-06 0.004188668943
48 44 4.465900385e-06 4.487219519e-06 0.00477375953
48 45 3.968883798e-06 3.990110767e-06 0.005348347394
48 46 3.522380715e-06 3.543338136e-06 0.005949788587
48 47 3.121566935e-06 3.142527282e-06 0.006714687524
48 48 2.762650222e-06 2.783572457e-06 0.007573247884
48 49 2.441817572e-06 2.462638346e-06 0.008526752256
48 50 2.155522108e-06 2.17615798e-06 0.009573491396
48 51 1.900459514e-06 1.920827475e-06 0.01071738741
48 52 1.673886827e-06 1.693598208e-06 0.01177581485
48 53 1.47237059e-06 1.491667047e-06 0.01310570682
48 54 1.293435462e-06 1.3124651e-06 0.01471247595
48 55 1.135077343e-06 1.153645449e-06 0.01635844972
49 1 7.427707846e-05 7.428230261e-05 7.033324794e-05
49 2 7.387868252e-05 7.388269004e-05 5.424458245e-05
49 3 7.321813983e-05 7.322204195e-05 5.329442693e-05
49 4 7.230437701e-05 7.230828983e-05 5.411598626e-05
49 5 7.114777474e-05 7.115228692e-05 6.341983515e-05
49 6 6.976305438e-05 6.97675679e-05 6.469786848e-05
49 7 6.816597382e-05 6.81700547e-05 5.986683587e-05
49 8 6.637432312e-05 6.637771809e-05 5.114887779e-05
49 9 6.440712392e-05 6.441020639e-05 4.785914651e-05
49 10 6.228364299e-05 6.228845289e-05 7.722573795e-05
49 11 6.002815492e-05 6.003427397e-05 0.0001019362853
49 12 5.766357095e-05 5.766996944e-05 0.0001109625035
49 13 5.521013193e-05 5.521793577e-05 0.0001413479519
49 14 5.26921626e-05 5.270030181e-05 0.0001544670967
49 15 5.012906532e-05 5.013859502e-05 0.0001901033526
49 16 4.754424878e-05 4.755344477e-05 0.0001934197899
49 17 4.495490377e-05 4.496432721e-05 0.0002096198109
49 18 4.237972851e-05 4.238935469e-05 0.000227141238
49 19 3.983499675e-05 3.984511106e-05 0.0002539051551
49 20 3.733520533e-05 3.734653238e-05 0.0003033878638
49 21 3.489353525e-05 3.490683141e-05 0.0003810495467
49 22 3.252200572e-05 3.253746315e-05 0.000475291575
49 23 3.023030126e-05 3.024812761e-05 0.0005896847822
49 24 2.802748965e-05 2.804680554e-05 0.0006891764153
49 25 2.591909615e-05 2.593982234e-05 0.0007996493895
49 26 2.391004207e-05 2.393193525e-05 0.0009156481513
49 27 2.200364321e-05 2.202643887e-05 0.001035994785
49 28 2.020203032e-05 2.022528418e-05 0.001151065388
49 29 1.850556915e-05 1.852920677e-05 0.0012773246
49 30 1.691419099e-05 1.693786005e-05 0.001399361166
49 31 1.542591245e-05 1.544994996e-05 0.00155825511
49 32 1.403947288e-05 1.406336805e-05 0.001701999058
49 33 1.275139282e-05 1.277532034e-05 0.001876463612
49 34 1.155982035e-05 1.158244995e-05 0.001957607772
49 35 1.045971914e-05 1.048095181e-05 0.002029946817
49 36 9.445574883e-06 9.46667853e-06 0.002234236387
49 37 8.514401267e-06 8.535236398e-06 0.002447045971
49 38 7.661514603e-06 7.68207142e-06 0.002683127147
49 39 6.881878086e-06 6.902545139e-06 0.003003112221
49 40 6.171653608e-06 6.192000474e-06 0.003296825719
49 41 5.525312139e-06 5.545817949e-06 0.003711249221
49 42 4.938647455e-06 4.959462811e-06 0.004214788969
49 43 4.407227972e-06 4.42852369e-06 0.00483199835
49 44 3.927166238e-06 3.948743496e-06 0.00549435808
49 45 3.494726746e-06 3.516043298e-06 0.006099633434
49 46 3.105483143e-06 3.126539964e-06 0.006780529754
49 47 2.755563042e-06 2.776558284e-06 0.007619220509
49 48 2.441817572e-06 2.462638346e-06 0.008526752256
49 49 2.160786165e-06 2.181538824e-06 0.009604216905
49 50 1.909839156e-06 1.930236853e-06 0.01068032199
49 51 1.686016817e-06 1.705925069e-06 0.01180786102
49 52 1.486719623e-06 1.506006363e-06 0.01297268119
49 53 1.309253928e-06 1.328086827e-06 0.01438445103
49 54 1.151277749e-06 1.169967331e-06 0.01623377321
49 55 1.011283551e-06 1.029634085e-06 0.01814578516
50 1 6.235935791e-05 6.236400839e-05 7.457558103e-05
50 2 6.203266215e-05 6.203558048e-05 4.704507008e-05
50 3 6.148924683e-05 6.149251381e-05 5.313078506e-05
50 4 6.073739749e-05 6.074117818e-05 6.224654944e-05
50 5 5.978633071e-05 5.979029492e-05 6.630642553e-05
50 6 5.864740142e-05 5.865074856e-05 5.707228233e-05
50 7 5.733168464e-05 5.733535588e-05 6.403515271e-05
50 8 5.585448647e-05 5.585859995e-05 7.36463957e-05
50 9 5.423211007e-05 5.423633754e-05 7.795148202e-05
50 10 5.247994866e-05 5.248548908e-05 0.0001055720813
50 11 5.061703539e-05 5.062372037e-05 0.0001320697374
50 12 4.86619777e-05 4.866912486e-05 0.0001468735725
50 13 4.663245885e-05 4.663991505e-05 0.0001598927787
50 14 4.454655025e-05 4.455413037e-05 0.0001701616565
50 15 4.242092293e-05 4.242936814e-05 0.0001990812261
50 16 4.027404398e-05 4.028254268e-05 0.0002110218304
50 17 3.812121298e-05 3.812967645e-05 0.0002220147985
50 18 3.597675263e-05 3.598572584e-05 0.0002494170123
50 19 3.385426574e-05 3.386444271e-05 0.0003006111756
50 20 3.176702971e-05 3.177827174e-05 0.0003538899948
50 21 2.972550395e-05 2.973828258e-05 0.0004298877413
50 22 2.773888103e-05 2.775413468e-05 0.0005499013537
50 23 2.581685038e-05 2.58340723e-05 0.0006670808171
50 24 2.396609729e-05 2.398494627e-05 0.000786485015
50 25 2.219181288e-05 2.221225895e-05 0.0009213336182
50 26 2.049918696e-05 2.052022869e-05 0.001026466793
50 27 1.889028185e-05 1.891186981e-05 0.001142807381
50 28 1.736721009e-05 1.738908435e-05 0.001259514621
50 29 1.593045956e-05 1.595276225e-05 0.001400003131
50 30 1.458045953e-05 1.460288642e-05 0.001538146522
50 31 1.331618993e-05 1.333863992e-05 0.001685916772
50 32 1.213552107e-05 1.215851279e-05 0.001894580235
50 33 1.103734483e-05 1.106040613e-05 0.00208938762
50 34 1.001932767e-05 1.00417319e-05 0.002236101704
50 35 9.078321084e-06 9.099507005e-06 0.002333682746
50 36 8.209396645e-06 8.23044053e-06 0.002563389991
50 37 7.410162439e-06 7.431013598e-06 0.002813860006
50 38 6.676857673e-06 6.697551328e-06 0.003099310579
50 39 6.005679811e-06 6.026286781e-06 0.003431246847
50 40 5.392968757e-06 5.413416936e-06 0.003791636829
50 41 4.834500234e-06 4.85515092e-06 0.004271524442
50 42 4.326740874e-06 4.347750847e-06 0.004855842833
50 43 3.86638763e-06 3.887565725e-06 0.005477488622
50 44 3.449467222e-06 3.47105895e-06 0.006259438524
50 45 3.073567513e-06 3.094829974e-06 0.006917844232
50 46 2.734512608e-06 2.755630721e-06 0.007722806911
50 47 2.429558554e-06 2.450377354e-06 0.008568964117
50 48 2.155522108e-06 2.17615798e-06 0.009573491396
50 49 1.909839156e-06 1.930236853e-06 0.01068032199
50 50 1.690084019e-06 1.710055588e-06 0.01181690905
50 51 1.493838862e-06 1.513231898e-06 0.01298201385
50 52 1.318643185e-06 1.337556289e-06 0.01434285189
50 53 1.162404085e-06 1.180987114e-06 0.01598671974
50 54 1.023288052e-06 1.041644358e-06 0.01793855255
51 1 5.236400259e-05 5.236782103e-05 7.292113935e-05
51 2 5.209501855e-05 5.209772754e-05 5.200098951e-05
51 3 5.164682867e-05 5.165103823e-05 8.150661872e-05
51 4 5.10287202e-05 5.103287448e-05 8.141064202e-05
51 5 5.024682407e-05 5.025025222e-05 6.822615615e-05
51 6 4.9308904e-05 4.931193405e-05 6.145036801e-05
51 7 4.822464852e-05 4.822824775e-05 7.463452349e-05
51 8 4.700705818e-05 4.701087678e-05 8.123462122e-05
51 9 4.566799603e-05 4.567262952e-05 0.000101460343
51 10 4.422165976e-05 4.422719407e-05 0.0001251492837
51 11 4.268202645e-05 4.268888583e-05 0.0001607087722
51 12 4.106442705e-05 4.107239477e-05 0.000194029877
51 13 3.938489979e-05 3.939253896e-05 0.0001939620782
51 14 3.765661978e-05 3.766403028e-05 0.0001967913558
51 15 3.589319801e-05 3.590125744e-05 0.0002245392999
51 16 3.41099001e-05 3.411809057e-05 0.0002401198541
51 17 3.231943487e-05 3.232771038e-05 0.0002560537154
51 18 3.053343303e-05 3.05424643e-05 0.0002957828972
51 19 2.87632923e-05 2.877375047e-05 0.0003635941276
51 20 2.702056281e-05 2.703193006e-05 0.0004206891078
51 21 2.531398303e-05 2.53262671e-05 0.0004852682597
51 22 2.365108836e-05 2.366489444e-05 0.0005837394586
51 23 2.203870223e-05 2.205480401e-05 0.0007306139094
51 24 2.048431307e-05 2.050185888e-05 0.0008565485957
51 25 1.899209427e-05 1.90108243e-05 0.0009862012038
51 26 1.756585407e-05 1.7585415e-05 0.001113576614
51 27 1.6208225e-05 1.622835553e-05 0.001241994683
51 28 1.492103576e-05 1.494145091e-05 0.001368212502
51 29 1.370491398e-05 1.372566463e-05 0.001514103157
51 30 1.255999795e-05 1.258120142e-05 0.001688174325
51 31 1.148620411e-05 1.150759243e-05 0.001862087883
51 32 1.048196306e-05 1.050378079e-05 0.002081454079
51 33 9.546408946e-06 9.568205552e-06 0.002283225638
51 34 8.677497178e-06 8.698882831e-06 0.002464495589
51 35 7.872612849e-06 7.893482685e-06 0.002650941434
51 36 7.128537475e-06 7.149400988e-06 0.00292675914
51 37 6.44308566e-06 6.463825598e-06 0.00321894487
51 38 5.813253005e-06 5.833796421e-06 0.003533893264
51 39 5.235744679e-06 5.25625916e-06 0.003918159256
51 40 4.707388273e-06 4.728112739e-06 0.004402540201
51 41 4.225285868e-06 4.246250496e-06 0.004961706354
51 42 3.786522515e-06 3.807595397e-06 0.005565233566
51 43 3.387928951e-06 3.409129595e-06 0.006257700172
51 44 3.026648872e-06 3.047918703e-06 0.007027518479
51 45 2.700030577e-06 2.721131241e-06 0.007814972364
51 46 2.405138339e-06 2.42605369e-06 0.008696111362
51 47 2.139446277e-06 2.160101639e-06 0.009654536498
51 48 1.900459514e-06 1.920827475e-06 0.01071738741
51 49 1.686016817e-06 1.705925069e-06 0.01180786102
51 50 1.493838862e-06 1.513231898e-06 0.01298201385
51 51 1.321592596e-06 1.340728981e-06 0.01447979176
51 52 1.167802753e-06 1.18653902e-06 0.01604403419
51 53 1.03042707e-06 1.048923071e-06 0.01794983993
52 1 4.39800157e-05 4.398187222e-05 4.221286979e-05
52 2 4.375784831e-05 4.375961775e-05 4.043708639e-05
52 3 4.338882395e-05 4.339198275e-05 7.280196828e-05
52 4 4.287988441e-05 4.288308931e-05 7.474138415e-05
52 5 4.223583038e-05 4.223858744e-05 6.527789392e-05
52 6 4.146334077e-05 4.146553873e-05 5.300965704e-05
52 7 4.057016087e-05 4.057227345e-05 5.207223983e-05
52 8 3.956497795e-05 3.956822541e-05 8.207930167e-05
52 9 3.845954138e-05 3.846374962e-05 0.0001094199635
52 10 3.726486212e-05 3.726992816e-05 0.0001359467836
52 11 3.599228813e-05 3.599836979e-05 0.0001689711092
52 12 3.465385435e-05 3.466100873e-05 0.0002064526769
52 13 3.326284983e-05 3.326990765e-05 0.0002121830306
52 14 3.183028182e-05 3.183706969e-05 0.0002132520984
52 15 3.036693241e-05 3.03742635e-05 0.0002414166423
52 16 2.888511999e-05 2.889286463e-05 0.0002681187467
52 17 2.739518181e-05 2.740371604e-05 0.0003115231076
52 18 2.590828176e-05 2.591700939e-05 0.0003368663235
52 19 2.443200539e-05 2.444218823e-05 0.000416782967
52 20 2.297686969e-05 2.298787344e-05 0.0004789052605
52 21 2.155029608e-05 2.156181045e-05 0.0005343021121
52 22 2.015787957e-05 2.017083746e-05 0.0006428201864
52 23 1.880648834e-05 1.882087308e-05 0.0007648817623
52 24 1.750130214e-05 1.751692166e-05 0.0008924779346
52 25 1.6246098e-05 1.626309431e-05 0.001046178008
52 26 1.504481152e-05 1.506264319e-05 0.001185237171
52 27 1.389929709e-05 1.391800696e-05 0.00134610221
52 28 1.281201124e-05 1.283086491e-05 0.001471561783
52 29 1.178299895e-05 1.180219761e-05 0.001629352554
52 30 1.081265951e-05 1.083235206e-05 0.001821249152
52 31 9.901046799e-06 9.92110918e-06 0.002026288905
52 32 9.047255518e-06 9.06775229e-06 0.002265523719
52 33 8.250924479e-06 8.271134729e-06 0.002449452739
52 34 7.50949342e-06 7.52974563e-06 0.002696881079
52 35 6.821837775e-06 6.841772717e-06 0.002922224653
52 36 6.184719929e-06 6.205161347e-06 0.003305148484
52 37 5.597311504e-06 5.617669238e-06 0.003637055801
52 38 5.056655116e-06 5.07691647e-06 0.004006868947
52 39 4.560190248e-06 4.580430542e-06 0.004438475818
52 40 4.104942168e-06 4.125686409e-06 0.005053479467
52 41 3.689366811e-06 3.710141543e-06 0.005630974999
52 42 3.310285042e-06 3.331266158e-06 0.006338160137
52 43 2.965479402e-06 2.98656883e-06 0.007111642081
52 44 2.652737747e-06 2.67361779e-06 0.007871129725
52 45 2.369242048e-06 2.390058216e-06 0.008786003363
52 46 2.113102504e-06 2.133625882e-06 0.009712438258
52 47 1.881966385e-06 1.902157509e-06 0.01072873737
52 48 1.673886827e-06 1.693598208e-06 0.01177581485
52 49 1.486719623e-06 1.506006363e-06 0.01297268119
52 50 1.318643185e-06 1.337556289e-06 0.01434285189
52 51 1.167802753e-06 1.18653902e-06 0.01604403419
52 52 1.03290495e-06 1.051361499e-06 0.01786858381
53 1 3.694449272e-05 3.694526e-05 2.076829675e-05
53 2 3.676111755e-05 3.676226508e-05 3.121590313e-05
53 3 3.645752562e-05 3.645952e-05 5.470419314e-05
53 4 3.603832566e-05 3.604034604e-05 5.606216212e-05
53 5 3.550799494e-05 3.550929783e-05 3.669300314e-05
53 6 3.487210474e-05 3.487207177e-05 -9.456104075e-07
53 7 3.413527617e-05 3.413539332e-05 3.431750029e-06
53 8 3.330520013e-05 3.330688664e-05 5.063788603e-05
53 9 3.239218374e-05 3.239493032e-05 8.479141427e-05
53 10 3.140472642e-05 3.140850352e-05 0.0001202720045
53 11 3.035256379e-05 3.035702673e-05 0.0001470365773
53 12 2.924476112e-05 2.925020133e-05 0.0001860231579
53 13 2.809151776e-05 2.809785211e-05 0.0002254899778
53 14 2.690360212e-05 2.690977634e-05 0.0002294941683
53 15 2.568908207e-05 2.569560259e-05 0.0002538245444
53 16 2.445705866e-05 2.446466215e-05 0.0003108912314
53 17 2.321725188e-05 2.322587507e-05 0.0003714130022
53 18 2.197852639e-05 2.198765247e-05 0.0004152269322
53 19 2.074790968e-05 2.075781585e-05 0.0004774538542
53 20 1.953337278e-05 1.954353401e-05 0.0005201981253
53 21 1.834042307e-05 1.835127725e-05 0.0005918172902
53 22 1.717516242e-05 1.718678823e-05 0.0006768962957
53 23 1.604208001e-05 1.605506855e-05 0.0008096542144
53 24 1.494614435e-05 1.496037963e-05 0.0009524388097
53 25 1.389069341e-05 1.390625637e-05 0.001120387331
53 26 1.287906422e-05 1.289553183e-05 0.001278634082
53 27 1.19131802e-05 1.193037124e-05 0.001443026779
53 28 1.09946178e-05 1.101231337e-05 0.001609475991
53 29 1.012433841e-05 1.014231761e-05 0.001775839822
53 30 9.302348678e-06 9.320815092e-06 0.001985134634
53 31 8.52910897e-06 8.547762181e-06 0.002187005825
53 32 7.803592525e-06 7.822695119e-06 0.00244792311
53 33 7.125836327e-06 7.144784457e-06 0.002659074557
53 34 6.4939377e-06 6.512888296e-06 0.002918198021
53 35 5.906639112e-06 5.925603468e-06 0.00321068478
53 36 5.361674164e-06 5.381313973e-06 0.003662999346
53 37 4.858420212e-06 4.878236134e-06 0.004078676093
53 38 4.394421262e-06 4.41446014e-06 0.004560072169
53 39 3.967836799e-06 3.987987708e-06 0.005078562994
53 40 3.57623529e-06 3.596765793e-06 0.005740814475
53 41 3.218153181e-06 3.238716319e-06 0.006389732703
53 42 2.891104492e-06 2.911762022e-06 0.007145203463
53 43 2.593025124e-06 2.613848551e-06 0.008030553512
53 44 2.322363822e-06 2.342963031e-06 0.008869931872
53 45 2.076782044e-06 2.097149331e-06 0.009807137457
53 46 1.854428829e-06 1.874520303e-06 0.01083431929
53 47 1.653462381e-06 1.673267267e-06 0.01197782676
53 48 1.47237059e-06 1.491667047e-06 0.01310570682
53 49 1.309253928e-06 1.328086827e-06 0.01438445103
53 50 1.162404085e-06 1.180987114e-06 0.01598671974
53 51 1.03042707e-06 1.048923071e-06 0.01794983993
54 1 3.10392913e-05 3.103964799e-05 1.149171811e-05
54 2 3.088827458e-05 3.088889355e-05 2.003891265e-05
54 3 3.063826726e-05 3.063944736e-05 3.851732249e-05
54 4 3.029258718e-05 3.029398816e-05 4.624802078e-05
54 5 2.985528993e-05 2.985619114e-05 3.018591901e-05
54 6 2.933034848e-05 2.93306558e-05 1.047798529e-05
54 7 2.872221318e-05 2.872281693e-05 2.102038973e-05
54 8 2.803765953e-05 2.80388415e-05 4.215653711e-05
54 9 2.728415068e-05 2.728551443e-05 4.998317404e-05
54 10 2.646800099e-05 2.647011647e-05 7.992588837e-05
54 11 2.559738001e-05 2.560029752e-05 0.0001139767677
54 12 2.46796426e-05 2.468394867e-05 0.0001744785701
54 13 2.372400134e-05 2.372907615e-05 0.0002139102219
54 14 2.27378408e-05 2.274368007e-05 0.0002568085406
54 15 2.172907576e-05 2.173564057e-05 0.0003021210446
54 16 2.070550763e-05 2.071261349e-05 0.0003431872647
54 17 1.967406802e-05 1.968193742e-05 0.0003999886432
54 18 1.864157647e-05 1.865055327e-05 0.0004815471744
54 19 1.761521832e-05 1.762493729e-05 0.0005517371054
54 20 1.660110277e-05 1.661104784e-05 0.0005990606855
54 21 1.560397332e-05 1.561428594e-05 0.0006608972962
54 22 1.462868148e-05 1.463946904e-05 0.0007374253459
54 23 1.367952675e-05 1.369081749e-05 0.0008253749743
54 24 1.275956265e-05 1.277195251e-05 0.0009710253962
54 25 1.187193228e-05 1.188590466e-05 0.001176925273
54 26 1.102000241e-05 1.103513135e-05 0.001372861361
54 27 1.020554751e-05 1.022154212e-05 0.001567246499
54 28 9.43000398e-06 9.446530179e-06 0.001752512326
54 29 8.69406841e-06 8.711008875e-06 0.001948508408
54 30 7.998018625e-06 8.015451709e-06 0.002179675298
54 31 7.342442493e-06 7.359934696e-06 0.002382341131
54 32 6.726263866e-06 6.744179906e-06 0.002663594599
54 33 6.149540531e-06 6.1675992e-06 0.002936588346
54 34 5.611078296e-06 5.629337275e-06 0.003254094409
54 35 5.109815251e-06 5.12831332e-06 0.003620105268
54 36 4.644334108e-06 4.663260668e-06 0.004075193266
54 37 4.213487169e-06 4.232763997e-06 0.004575029459
54 38 3.81567905e-06 3.835293763e-06 0.005140556376
54 39 3.449267213e-06 3.469237613e-06 0.005789751498
54 40 3.112599843e-06 3.132928686e-06 0.006531145587
54 41 2.804205817e-06 2.824670751e-06 0.007297942993
54 42 2.522306198e-06 2.542760221e-06 0.008109254585
54 43 2.265095216e-06 2.285505134e-06 0.009010622481
54 44 2.031011383e-06 2.051241258e-06 0.009960493234
54 45 1.818471477e-06 1.83834548e-06 0.01092896049
54 46 1.625691268e-06 1.645246686e-06 0.01202898591
54 47 1.45108591e-06 1.470434358e-06 0.01333377121
54 48 1.293435462e-06 1.3124651e-06 0.01471247595
54 49 1.151277749e-06 1.169967331e-06 0.01623377321
54 50 1.023288052e-06 1.041644358e-06 0.01793855255
55 1 2.608250468e-05 2.608226367e-05 -9.240318568e-06
55 2 2.59583071e-05 2.595800271e-05 -1.172614576e-05
55 3 2.57521222e-05 2.575236284e-05 9.344542893e-06
55 4 2.546708118e-05 2.546750663e-05 1.670589455e-05
55 5 2.510587918e-05 2.510640247e-05 2.084341611e-05
55 6 2.467234899e-05 2.467276757e-05 1.696524192e-05
55 7 2.417038252e-05 2.417099757e-05 2.544634633e-05
55 8 2.360570079e-05 2.360608495e-05 1.627375021e-05
55 9 2.298340231e-05 2.29835284e-05 5.486252503e-06
55 10 2.230807018e-05 2.230923584e-05 5.225274718e-05
55 11 2.158745306e-05 2.158942349e-05 9.127669141e-05
55 12 2.082782725e-05 2.083051374e-05 0.0001289857978
55 13 2.003500725e-05 2.003903419e-05 0.0002009953485
55 14 1.921713126e-05 1.922152022e-05 0.0002283880914
55 15 1.837887581e-05 1.838442306e-05 0.0003018275304
55 16 1.752775357e-05 1.753402524e-05 0.000357813694
55 17 1.666940508e-05 1.667636472e-05 0.0004175099985
55 18 1.580895565e-05 1.581716882e-05 0.0005195261933
55 19 1.495281693e-05 1.496179865e-05 0.0006006710868
55 20 1.410605717e-05 1.411520441e-05 0.0006484615631
55 21 1.327266129e-05 1.328189151e-05 0.0006954312652
55 22 1.245609513e-05 1.246589741e-05 0.0007869468608
55 23 1.166034815e-05 1.167077847e-05 0.0008945116223
55 24 1.088828591e-05 1.089960621e-05 0.001039676731
55 25 1.014246203e-05 1.01549721e-05 0.001233434879
55 26 9.424994439e-06 9.438999774e-06 0.001485978087
55 27 8.738424072e-06 8.753363705e-06 0.001709648486
55 28 8.083790949e-06 8.099313151e-06 0.001920163714
55 29 7.461481271e-06 7.477700327e-06 0.002173704565
55 30 6.87211321e-06 6.88901171e-06 0.002458996198
55 31 6.316103122e-06 6.333401493e-06 0.002738772752
55 32 5.793530158e-06 5.810726259e-06 0.002968155898
55 33 5.303101631e-06 5.320580062e-06 0.003295888286
55 34 4.844413387e-06 4.862329191e-06 0.003698240167
55 35 4.416822727e-06 4.435146014e-06 0.004148522247
55 36 4.01956975e-06 4.038041393e-06 0.004595427784
55 37 3.65112576e-06 3.669895279e-06 0.005140748308
55 38 3.310143473e-06 3.329485191e-06 0.005843165878
55 39 2.995788846e-06 3.015512366e-06 0.006583748353
55 40 2.706587023e-06 2.72662546e-06 0.007403581282
55 41 2.441352455e-06 2.461441737e-06 0.008228751471
55 42 2.198455765e-06 2.218565762e-06 0.009147328779
55 43 1.976642192e-06 1.996605648e-06 0.01009968118
55 44 1.774404082e-06 1.794186953e-06 0.01114902254
55 45 1.590661197e-06 1.609964356e-06 0.01213530508
55 46 1.423578273e-06 1.442631271e-06 0.01338387808
55 47 1.272063334e-06 1.290927547e-06 0.01482961787
55 48 1.135077343e-06 1.153645449e-06 0.01635844972
55 49 1.011283551e-06 1.029634085e-06 0.01814578516
56 1 2.192075733e-05 2.192005973e-05 -3.182340033e-05
56 2 2.18184727e-05 2.181758324e-05 -4.076635787e-05
56 3 2.16488849e-05 2.164796989e-05 -4.226607423e-05
56 4 2.141363534e-05 2.141296715e-05 -3.120367731e-05
56 5 2.111507674e-05 2.111497473e-05 -4.831091133e-06
56 6 2.075719657e-05 2.075699942e-05 -9.49770561e-06
56 7 2.034266901e-05 2.034259945e-05 -3.419540437e-06
56 8 1.987588058e-05 1.987581973e-05 -3.061271307e-06
56 9 1.936117109e-05 1.936111997e-05 -2.639964478e-06
56 10 1.880256011e-05 1.880329749e-05 3.921686114e-05
56 11 1.820580384e-05 1.820740678e-05 8.80459201e-05
56 12 1.757632254e-05 1.757867793e-05 0.0001340097007
56 13 1.691932956e-05 1.692243567e-05 0.0001835833419
56 14 1.624020447e-05 1.624402103e-05 0.00023500689
56 15 1.554372721e-05 1.554871716e-05 0.0003210262566
56 16 1.483569745e-05 1.484168073e-05 0.0004033030999
56 17 1.412144839e-05 1.412788008e-05 0.0004554555087
56 18 1.340468397e-05 1.341204097e-05 0.0005488376397
56 19 1.269027692e-05 1.269860053e-05 0.0006559046294
56 20 1.198284355e-05 1.199166983e-05 0.0007365765533
56 21 1.128657415e-05 1.129500503e-05 0.0007469833461
56 22 1.060279375e-05 1.061198695e-05 0.0008670542698
56 23 9.935703404e-06 9.945608848e-06 0.0009969545046
56 24 9.287751525e-06 9.298471717e-06 0.001154228997
56 25 8.661298717e-06 8.672786479e-06 0.001326332419
56 26 8.057633795e-06 8.070382355e-06 0.001582171697
56 27 7.47886243e-06 7.492720535e-06 0.00185296964
56 28 6.926312541e-06 6.940912291e-06 0.002107867584
56 29 6.40030119e-06 6.415740685e-06 0.002412307492
56 30 5.901355962e-06 5.917685013e-06 0.002766999757
56 31 5.430303568e-06 5.446947184e-06 0.003064951325
56 32 4.986730805e-06 5.003479302e-06 0.003358612561
56 33 4.569830872e-06 4.587011764e-06 0.003759634048
56 34 4.179322903e-06 4.197081301e-06 0.004249108709
56 35 3.814885955e-06 3.833058437e-06 0.0047635716
56 36 3.475668426e-06 3.494173951e-06 0.005324306968
56 37 3.160821693e-06 3.179543995e-06 0.005923238669
56 38 2.868918371e-06 2.888193608e-06 0.006718642589
56 39 2.599532748e-06 2.619078442e-06 0.007518926026
56 40 2.351417115e-06 2.371104562e-06 0.008372588062
56 41 2.123413928e-06 2.143146264e-06 0.009292741349
56 42 1.914374463e-06 1.934061904e-06 0.0102840073
56 43 1.723006548e-06 1.742707747e-06 0.01143419835
56 44 1.548506294e-06 1.567949916e-06 0.01255637264
56 45 1.38966398e-06 1.408674529e-06 0.01367996141
56 46 1.245188731e-06 1.263796126e-06 0.01494343349
56 47 1.113882783e-06 1.132264522e-06 0.01650239965
57 1 1.842655553e-05 1.842484309e-05 -9.293305498e-05
57 2 1.834172223e-05 1.834028977e-05 -7.809811482e-05
57 3 1.820134179e-05 1.820032231e-05 -5.601088585e-05
57 4 1.800723974e-05 1.800635403e-05 -4.918649278e-05
57 5 1.776077624e-05 1.776032656e-05 -2.531833675e-05
57 6 1.74651815e-05 1.746467416e-05 -2.904881253e-05
57 7 1.712269178e-05 1.712227951e-05 -2.407710593e-05
57 8 1.673696508e-05 1.673642238e-05 -3.242511592e-05
57 9 1.631123141e-05 1.631072248e-05 -3.120147569e-05
57 10 1.584859639e-05 1.584907796e-05 3.038573104e-05
57 11 1.535392768e-05 1.535560133e-05 0.0001090047694
57 12 1.483225481e-05 1.48345541e-05 0.0001550193474
57 13 1.428781505e-05 1.429028194e-05 0.0001726570007
57 14 1.372379489e-05 1.372715163e-05 0.0002445926056
57 15 1.314489462e-05 1.314949113e-05 0.000349680017
57 16 1.255578045e-05 1.256153398e-05 0.0004582374868
57 17 1.196134236e-05 1.196736885e-05 0.0005038306529
57 18 1.136409423e-05 1.137089505e-05 0.0005984483462
57 19 1.076797903e-05 1.077578443e-05 0.0007248711844
57 20 1.017719607e-05 1.018545009e-05 0.0008110299628
57 21 9.594703291e-06 9.60302186e-06 0.0008669959649
57 22 9.022352924e-06 9.031328606e-06 0.0009948272134
57 23 8.463581295e-06 8.472886949e-06 0.001099493658
57 24 7.919745766e-06 7.92989617e-06 0.001281657776
57 25 7.393395062e-06 7.404238698e-06 0.001466665238
57 26 6.885333263e-06 6.897485641e-06 0.001764965814
57 27 6.3977778e-06 6.410906705e-06 0.002052103913
57 28 5.931521649e-06 5.945483835e-06 0.002353896149
57 29 5.486993374e-06 5.501927893e-06 0.002721803682
57 30 5.064893031e-06 5.080697705e-06 0.003120435998
57 31 4.665973807e-06 4.682020841e-06 0.003439160609
57 32 4.28955605e-06 4.305915512e-06 0.003813789274
57 33 3.93548695e-06 3.952213066e-06 0.004250075452
57 34 3.60327463e-06 3.620580561e-06 0.004802834392
57 35 3.292619802e-06 3.310543023e-06 0.005443452958
57 36 3.003179472e-06 3.021505018e-06 0.006102048347
57 37 2.734097551e-06 2.752771239e-06 0.006829927561
57 38 2.484468045e-06 2.503565898e-06 0.007686898093
57 39 2.253727577e-06 2.273050727e-06 0.008573862303
57 40 2.040975396e-06 2.060341499e-06 0.009488650518
57 41 1.845197233e-06 1.864522971e-06 0.01047353465
57 42 1.66543944e-06 1.684662247e-06 0.01154218273
57 43 1.500588853e-06 1.519820554e-06 0.01281610242
57 44 1.350045743e-06 1.369063474e-06 0.01408673141
57 45 1.212894457e-06 1.231469704e-06 0.01531480909
57 46 1.087970393e-06 1.106138404e-06 0.01669899467
58 1 1.549030023e-05 1.548920931e-05 -7.042563903e-05
58 2 1.54205827e-05 1.541941079e-05 -7.599601346e-05
58 3 1.530526498e-05 1.530385255e-05 -9.228439695e-05
58 4 1.514468192e-05 1.514367862e-05 -6.624770577e-05
58 5 1.494088454e-05 1.494046137e-05 -2.832252385e-05
58 6 1.469609578e-05 1.469617312e-05 5.262641799e-06
58 7 1.441305055e-05 1.441315113e-05 6.978456595e-06
58 8 1.409425398e-05 1.409405676e-05 -1.399318361e-05
58 9 1.374176351e-05 1.374183003e-05 4.841322455e-06
58 10 1.335939102e-05 1.335964062e-05 1.868299187e-05
58 11 1.294962355e-05 1.295083659e-05 9.367391142e-05
58 12 1.25169554e-05 1.251889223e-05 0.0001547360839
58 13 1.206512162e-05 1.206735586e-05 0.0001851817365
58 14 1.159662289e-05 1.159979919e-05 0.0002738986411
58 15 1.111540234e-05 1.111976887e-05 0.0003928364894
58 16 1.062495278e-05 1.063074138e-05 0.000544812613
58 17 1.012949053e-05 1.013608192e-05 0.0006507126058
58 18 9.631747267e-06 9.639007907e-06 0.0007538238222
58 19 9.134227904e-06 9.142557544e-06 0.0009119150889
58 20 8.640889879e-06 8.64956368e-06 0.001003808701
58 21 8.153593045e-06 8.162633092e-06 0.001108719483
58 22 7.674750529e-06 7.684131161e-06 0.001222271921
58 23 7.206562844e-06 7.216171748e-06 0.001333354676
58 24 6.750701703e-06 6.760612012e-06 0.001468041296
58 25 6.308270097e-06 6.319051785e-06 0.001709135327
58 26 5.880918582e-06 5.89283706e-06 0.002026635465
58 27 5.470087608e-06 5.483067109e-06 0.002372814022
58 28 5.076898485e-06 5.090604695e-06 0.002699721114
58 29 4.701819101e-06 4.716088855e-06 0.003034943235
58 30 4.34495757e-06 4.359949707e-06 0.003450467932
58 31 4.006818585e-06 4.022424795e-06 0.003894912919
58 32 3.687449557e-06 3.703576456e-06 0.004373456091
58 33 3.386781426e-06 3.403309796e-06 0.004880258739
58 34 3.104429134e-06 3.121390856e-06 0.005463716943
58 35 2.839986094e-06 2.857464623e-06 0.006154441804
58 36 2.593115843e-06 2.611072592e-06 0.006924777139
58 37 2.363242628e-06 2.381669622e-06 0.007797335036
58 38 2.149775494e-06 2.168639894e-06 0.008775055963
58 39 1.952427355e-06 1.971311814e-06 0.009672297672
58 40 1.770105439e-06 1.788971757e-06 0.01065830224
58 41 1.602137297e-06 1.620876583e-06 0.01169642944
58 42 1.447559999e-06 1.466264883e-06 0.01292166359
58 43 1.305612373e-06 1.324366966e-06 0.01436459551
58 44 1.175886309e-06 1.194413596e-06 0.01575601945
58 45 1.057495291e-06 1.075643522e-06 0.01716152485
59 1 1.302329536e-05 1.302314782e-05 -1.132920045e-05
59 2 1.296598185e-05 1.296550255e-05 -3.696610375e-05
59 3 1.287053394e-05 1.287005287e-05 -3.737784179e-05
59 4 1.273789894e-05 1.273772563e-05 -1.360604603e-05
59 5 1.256933968e-05 1.256979517e-05 3.62374703e-05
59 6 1.236681691e-05 1.236786081e-05 8.441111221e-05
59 7 1.213243093e-05 1.213381902e-05 0.0001144119624
59 8 1.186887328e-05 1.186983097e-05 8.068906254e-05
59 9 1.157746587e-05 1.157828626e-05 7.086107779e-05
59 10 1.126089472e-05 1.126176386e-05 7.718253595e-05
59 11 1.092134276e-05 1.092299119e-05 0.0001509363776
59 12 1.056275858e-05 1.056480219e-05 0.0001934734819
59 13 1.018741203e-05 1.019009558e-05 0.0002634180461
59 14 9.79835042e-06 9.801793929e-06 0.0003514376505
59 15 9.398052436e-06 9.402804571e-06 0.0005056509908
59 16 8.989910111e-06 8.995983002e-06 0.0006755229328
59 17 8.577190976e-06 8.584099363e-06 0.0008054370294
59 18 8.162128146e-06 8.169808538e-06 0.000940979108
59 19 7.747003669e-06 7.755624197e-06 0.001112756458
59 20 7.334277402e-06 7.343897036e-06 0.001311599427
59 21 6.926834093e-06 6.936797311e-06 0.001438350922
59 22 6.52630069e-06 6.536301662e-06 0.001532410609
59 23 6.133966805e-06 6.144184118e-06 0.00166569421
59 24 5.751544211e-06 5.762011074e-06 0.001819835231
59 25 5.379961676e-06 5.391139978e-06 0.002077766111
59 26 5.020607019e-06 5.032721364e-06 0.002412924377
59 27 4.674611396e-06 4.687703888e-06 0.00280076602
59 28 4.343334083e-06 4.356841923e-06 0.0031100162
59 29 4.026920485e-06 4.040705322e-06 0.003423170863
59 30 3.725232467e-06 3.739690915e-06 0.003881220348
59 31 3.438786521e-06 3.454035334e-06 0.004434358656
59 32 3.167914438e-06 3.183828776e-06 0.005023601055
59 33 2.912863159e-06 2.929029351e-06 0.005549931892
59 34 2.672822806e-06 2.689477678e-06 0.006231191932
59 35 2.447690442e-06 2.464911449e-06 0.007035614837
59 36 2.237319784e-06 2.25497971e-06 0.007893340015
59 37 2.041123806e-06 2.059256637e-06 0.008883748458
59 38 1.858781816e-06 1.877254655e-06 0.009938142617
59 39 1.690044607e-06 1.708436754e-06 0.01088264002
59 40 1.533901705e-06 1.552227907e-06 0.01194744243
59 41 1.389818509e-06 1.408025522e-06 0.01310028134
59 42 1.257058373e-06 1.275208899e-06 0.01443888884
59 43 1.134973511e-06 1.153147667e-06 0.01601284637
59 44 1.023146142e-06 1.041209223e-06 0.01765444831
60 1 1.095047399e-05 1.095120607e-05 6.685323612e-05
60 2 1.090305251e-05 1.090357656e-05 4.806392917e-05
60 3 1.082407741e-05 1.082470128e-05 5.763690372e-05
60 4 1.071442727e-05 1.071533172e-05 8.441507995e-05
60 5 1.057484168e-05 1.057650151e-05 0.0001569600538
60 6 1.04072306e-05 1.04095085e-05 0.0002188767284
60 7 1.021306496e-05 1.021589265e-05 0.0002768699573
60 8 9.995080182e-06 9.997410159e-06 0.0002331123931
60 9 9.754174426e-06 9.756004572e-06 0.0001876269851
60 10 9.49203314e-06 9.493775586e-06 0.0001835693504
60 11 9.210617891e-06 9.212946275e-06 0.0002527934537
60 12 8.913336766e-06 8.915829533e-06 0.0002796670537
60 13 8.601616791e-06 8.604794469e-06 0.000369428036
60 14 8.277875806e-06 8.28223347e-06 0.000526422966
60 15 7.944994333e-06 7.950530588e-06 0.0006968229813
60 16 7.605624445e-06 7.612031835e-06 0.0008424540578
60 17 7.261719938e-06 7.269017877e-06 0.001004987648
60 18 6.915563322e-06 6.92367953e-06 0.001173614831
60 19 6.56908362e-06 6.578096362e-06 0.001371993808
60 20 6.224510536e-06 6.234218596e-06 0.001559650443
60 21 5.883532371e-06 5.893852425e-06 0.001754057419
60 22 5.548079024e-06 5.558648741e-06 0.001905112863
60 23 5.219320399e-06 5.230095221e-06 0.002064410949
60 24 4.898393436e-06 4.909511611e-06 0.002269759534
60 25 4.586379789e-06 4.598048011e-06 0.002544102876
60 26 4.28438083e-06 4.296685905e-06 0.002872077672
60 27 3.993045939e-06 4.00624164e-06 0.003304670657
60 28 3.713826563e-06 3.727372052e-06 0.003647313256
60 29 3.446649204e-06 3.460581884e-06 0.004042384056
60 30 3.19172356e-06 3.206232692e-06 0.004545861311
60 31 2.949483762e-06 2.964552899e-06 0.005109076266
60 32 2.720080638e-06 2.735648682e-06 0.005723376087
60 33 2.503509242e-06 2.519515413e-06 0.006393493787
60 34 2.299486531e-06 2.316049374e-06 0.007202844097
60 35 2.107951642e-06 2.125059522e-06 0.008115878754
60 36 1.928851719e-06 1.946279084e-06 0.009035098251
60 37 1.761624229e-06 1.779376806e-06 0.01007739159
60 38 1.605949105e-06 1.623967726e-06 0.01121992065
60 39 1.461574957e-06 1.479623331e-06 0.0123485786
60 40 1.327871289e-06 1.345881027e-06 0.01356286404
60 41 1.204425557e-06 1.22225286e-06 0.01480149792
60 42 1.090519252e-06 1.10823344e-06 0.0162438102
61 1 9.208681051e-06 9.210119783e-06 0.0001562365409
61 2 9.169005444e-06 9.170748731e-06 0.0001901282608
61 3 9.103648999e-06 9.105541797e-06 0.0002079164501
61 4 9.012866235e-06 9.015108762e-06 0.0002488139412
61 5 8.897331478e-06 8.900288631e-06 0.0003323639644
61 6 8.758807614e-06 8.762135405e-06 0.0003799365384
61 7 8.598149734e-06 8.60190044e-06 0.0004362225042
61 8 8.417486707e-06 8.421011839e-06 0.0004187868014
61 9 8.218189899e-06 8.221051388e-06 0.0003481896741
61 10 8.000823946e-06 8.003729613e-06 0.0003631708866
61 11 7.767343541e-06 7.770859546e-06 0.0004526651057
61 12 7.520392555e-06 7.524329797e-06 0.0005235420607
61 13 7.26169285e-06 7.266077529e-06 0.0006038094945
61 14 6.992722061e-06 6.998061906e-06 0.0007636289875
61 15 6.715700571e-06 6.722238523e-06 0.0009735324136
61 16 6.433291361e-06 6.440535301e-06 0.001126008265
61 17 6.147068945e-06 6.154830229e-06 0.001262599222
61 18 5.858315958e-06 5.866931304e-06 0.001470618136
61 19 5.56911076e-06 5.57855889e-06 0.001696524044
61 20 5.281423995e-06 5.2913307e-06 0.001875763903
61 21 4.996228598e-06 5.006749468e-06 0.002105762362
61 22 4.715308744e-06 4.726193358e-06 0.002308356655
61 23 4.439567097e-06 4.450909047e-06 0.002554742245
61 24 4.170298888e-06 4.182007397e-06 0.002807594775
61 25 3.908252155e-06 3.920461552e-06 0.003124004395
61 26 3.65452968e-06 3.667107272e-06 0.003441644358
61 27 3.40951965e-06 3.422645285e-06 0.003849702225
61 28 3.173905617e-06 3.187645402e-06 0.004328983399
61 29 2.948679925e-06 2.962552144e-06 0.004704552432
61 30 2.733202119e-06 2.747691623e-06 0.005301292488
61 31 2.528291682e-06 2.543279399e-06 0.005928001535
61 32 2.334032202e-06 2.349429096e-06 0.006596693116
61 33 2.150157954e-06 2.166161502e-06 0.007442963881
61 34 1.976879074e-06 1.993413972e-06 0.008364142278
61 35 1.814147491e-06 1.831049913e-06 0.009317005319
61 36 1.661804567e-06 1.678868192e-06 0.01026812949
61 37 1.519294913e-06 1.536612315e-06 0.01139831521
61 38 1.386428585e-06 1.403979253e-06 0.01265890491
61 39 1.263017383e-06 1.280627814e-06 0.01394314184
61 40 1.148525123e-06 1.166186485e-06 0.01537742763
61 41 1.042812863e-06 1.060260694e-06 0.0167315074
62 1 7.744068733e-06 7.746831864e-06 0.0003568061235
62 2 7.711062658e-06 7.714273682e-06 0.0004164178414
62 3 7.656885322e-06 7.660344107e-06 0.0004517221882
62 4 7.58206213e-06 7.585538302e-06 0.0004584732449
62 5 7.486520333e-06 7.490537803e-06 0.0005366271355
62 6 7.371858553e-06 7.376199184e-06 0.0005888108201
62 7 7.239016785e-06 7.24353999e-06 0.000624836917
62 8 7.089137982e-06 7.093722297e-06 0.0006466674307
62 9 6.9238484e-06 6.928034278e-06 0.0006045595018
62 10 6.743614599e-06 6.747870254e-06 0.0006310643541
62 11 6.549986582e-06 6.554709662e-06 0.0007210822991
62 12 6.344705869e-06 6.350095438e-06 0.0008494592743
62 13 6.130080099e-06 6.135612275e-06 0.0009024637878
62 14 5.906507198e-06 5.91286519e-06 0.001076438635
62 15 5.676130778e-06 5.683458853e-06 0.001291033591
62 16 5.441164874e-06 5.448978005e-06 0.001435929813
62 17 5.202611824e-06 5.210969331e-06 0.001606405913
62 18 4.961860349e-06 4.970925023e-06 0.001826869972
62 19 4.720468821e-06 4.730268265e-06 0.002075947125
62 20 4.479912218e-06 4.490340771e-06 0.002327847534
62 21 4.241501175e-06 4.252392464e-06 0.002567791088
62 22 4.006294705e-06 4.017573336e-06 0.002815227568
62 23 3.775201562e-06 3.786927455e-06 0.003106030829
62 24 3.549154286e-06 3.561389044e-06 0.003447232011
62 25 3.329148926e-06 3.341780541e-06 0.003794247493
62 26 3.115991516e-06 3.128812465e-06 0.004114565045
62 27 2.909812165e-06 2.923084949e-06 0.004561388795
62 28 2.711089487e-06 2.72509072e-06 0.005164430674
62 29 2.520915901e-06 2.535219346e-06 0.005673908168
62 30 2.339014727e-06 2.353762533e-06 0.00630513581
62 31 2.165937987e-06 2.180920269e-06 0.006917225863
62 32 2.001379024e-06 2.016807617e-06 0.007708980674
62 33 1.845541777e-06 1.861461955e-06 0.008626289795
62 34 1.698414365e-06 1.714850512e-06 0.009677347628
62 35 1.560196679e-06 1.576878006e-06 0.01069181045
62 36 1.430586912e-06 1.447394275e-06 0.01174857889
62 37 1.309201424e-06 1.326201752e-06 0.01298526498
62 38 1.195940343e-06 1.21306269e-06 0.01431705741
62 39 1.090552601e-06 1.107706056e-06 0.01572913962
63 1 6.512828528e-06 6.516835665e-06 0.0006152682365
63 2 6.48548311e-06 6.489900505e-06 0.0006811204032
63 3 6.440808872e-06 6.445279975e-06 0.0006941835431
63 4 6.37880489e-06 6.383376456e-06 0.0007166807426
63 5 6.299643764e-06 6.304743962e-06 0.0008096011059
63 6 6.204629504e-06 6.210079103e-06 0.0008783116558
63 7 6.094520253e-06 6.100209857e-06 0.0009335604916
63 8 5.970279633e-06 5.976082435e-06 0.0009719480809
63 9 5.833151436e-06 5.838746546e-06 0.0009591916663
63 10 5.683669177e-06 5.689339414e-06 0.0009976366335
63 11 5.522887558e-06 5.529068914e-06 0.001119225364
63 12 5.352545373e-06 5.359196202e-06 0.001242554449
63 13 5.174075552e-06 5.181018204e-06 0.001341815124
63 14 4.988398189e-06 4.995850324e-06 0.001493893538
63 15 4.796976781e-06 4.805009705e-06 0.001674580684
63 16 4.601336511e-06 4.609799336e-06 0.001839210031
63 17 4.402253482e-06 4.411493272e-06 0.002098877331
63 18 4.201374754e-06 4.211323187e-06 0.002367899458
63 19 3.999990934e-06 4.010466421e-06 0.002618877728
63 20 3.798962449e-06 3.810035656e-06 0.002914797687
63 21 3.599570697e-06 3.611070292e-06 0.003194712864
63 22 3.402722134e-06 3.41452956e-06 0.003469993984
63 23 3.209088938e-06 3.22128735e-06 0.003801207249
63 24 3.019568773e-06 3.032128719e-06 0.004159516506
63 25 2.834857528e-06 2.847747989e-06 0.004547128467
63 26 2.65570114e-06 2.668748327e-06 0.004912897274
63 27 2.482030968e-06 2.495642676e-06 0.005484100698
63 28 2.314747761e-06 2.328855895e-06 0.006094890482
63 29 2.154372198e-06 2.168727945e-06 0.00666354108
63 30 2.000792171e-06 2.015517954e-06 0.007359976342
63 31 1.854362164e-06 1.869409009e-06 0.008114297265
63 32 1.715054129e-06 1.730513509e-06 0.009013931785
63 33 1.582919999e-06 1.598878921e-06 0.01008195073
63 34 1.458027376e-06 1.474493801e-06 0.01129363238
63 35 1.340676388e-06 1.357293957e-06 0.01239491486
63 36 1.230435838e-06 1.247168617e-06 0.0135990673
63 37 1.127216065e-06 1.143966516e-06 0.01486001794
63 38 1.030732124e-06 1.047501808e-06 0.01626968254
64 1 5.477577587e-06 5.482789093e-06 0.0009514252997
64 2 5.455109854e-06 5.460497063e-06 0.0009875528428
64 3 5.417987974e-06 5.423564333e-06 0.001029230614
64 4 5.366699933e-06 5.372318116e-06 0.001046860031
64 5 5.301425844e-06 5.307209075e-06 0.001090882165
64 6 5.2225115e-06 5.228804108e-06 0.001204900778
64 7 5.130966525e-06 5.137777381e-06 0.001327402132
64 8 5.027876946e-06 5.034899821e-06 0.001396787312
64 9 4.913987156e-06 4.921027326e-06 0.001432679855
64 10 4.789998986e-06 4.797087953e-06 0.001479951653
64 11 4.656668613e-06 4.66406838e-06 0.001589069012
64 12 4.515443558e-06 4.52299994e-06 0.00167345286
64 13 4.366900305e-06 4.374944512e-06 0.001842086295
64 14 4.212505326e-06 4.220980556e-06 0.002011921569
64 15 4.053329927e-06 4.062189561e-06 0.002185766713
64 16 3.890325893e-06 3.899643133e-06 0.002394976892
64 17 3.724396579e-06 3.734390956e-06 0.002683488959
64 18 3.55688597e-06 3.567449774e-06 0.002969958509
64 19 3.388694794e-06 3.39979357e-06 0.003275236192
64 20 3.220724155e-06 3.232345012e-06 0.003608150483
64 21 3.053839107e-06 3.065968263e-06 0.003971773226
64 22 2.88892987e-06 2.90146316e-06 0.004338385215
64 23 2.726760955e-06 2.739560786e-06 0.004694152177
64 24 2.568035094e-06 2.580920376e-06 0.005017564786
64 25 2.412952256e-06 2.426127525e-06 0.005460227858
64 26 2.262224531e-06 2.27569359e-06 0.005953900063
64 27 2.116101921e-06 2.130056201e-06 0.006594332508
64 28 1.975293692e-06 1.989580773e-06 0.007232889612
64 29 1.840009612e-06 1.854562874e-06 0.007909340386
64 30 1.710367756e-06 1.725231346e-06 0.008690288527
64 31 1.586573188e-06 1.601752026e-06 0.009567057865
64 32 1.468819451e-06 1.484231962e-06 0.0104931284
64 33 1.356889581e-06 1.372723981e-06 0.01166963045
64 34 1.251012439e-06 1.267231503e-06 0.01296475043
64 35 1.151314523e-06 1.167713497e-06 0.0142436951
64 36 1.057563975e-06 1.074089469e-06 0.0156259985
65 1 4.607246241e-06 4.613354852e-06 0.001325870407
65 2 4.588811866e-06 4.594898539e-06 0.001326415981
65 3 4.557847239e-06 4.564317533e-06 0.001419594423
65 4 4.515488407e-06 4.521878102e-06 0.001415061584
65 5 4.461247173e-06 4.46794708e-06 0.001501801405
65 6 4.395678644e-06 4.402986109e-06 0.001662420144
65 7 4.31973656e-06 4.327544459e-06 0.001807494298
65 8 4.234303969e-06 4.242250629e-06 0.001876733618
65 9 4.139539189e-06 4.147802893e-06 0.001996285958
65 10 4.036585416e-06 4.044959027e-06 0.002074429073
65 11 3.925704891e-06 3.934525432e-06 0.002246868132
65 12 3.808448278e-06 3.817345898e-06 0.002336284936
65 13 3.685150719e-06 3.694290227e-06 0.002480090775
65 14 3.556824839e-06 3.56624295e-06 0.002647898563
65 15 3.424530913e-06 3.434092349e-06 0.002792042596
65 16 3.288685778e-06 3.298719968e-06 0.003051124533
65 17 3.150428714e-06 3.160990797e-06 0.003352585864
65 18 3.010566351e-06 3.021744259e-06 0.00371289222
65 19 2.8700086e-06 2.88178613e-06 0.004103656591
65 20 2.729618522e-06 2.741881467e-06 0.004492548718
65 21 2.590046854e-06 2.602748611e-06 0.004904064598
65 22 2.451995582e-06 2.465054294e-06 0.005325748336
65 23 2.316100287e-06 2.329409846e-06 0.005746538307
65 24 2.182985161e-06 2.196368493e-06 0.006130748184
65 25 2.0527811e-06 2.06642369e-06 0.006645905874
65 26 1.926189955e-06 1.940008439e-06 0.007173998789
65 27 1.803385449e-06 1.817495511e-06 0.007824207551
65 28 1.684857989e-06 1.699198481e-06 0.008511395378
65 29 1.570699717e-06 1.585373487e-06 0.009342186881
65 30 1.461332279e-06 1.476221606e-06 0.01018887181
65 31 1.356716316e-06 1.371891749e-06 0.01118541348
65 32 1.256944755e-06 1.272483965e-06 0.01236268319
65 33 1.162235745e-06 1.17805307e-06 0.01360939481
65 34 1.072537473e-06 1.08861249e-06 0.01498783718
66 1 3.875503242e-06 3.882229654e-06 0.001735622752
66 2 3.859883896e-06 3.866943422e-06 0.001828947833
66 3 3.834318129e-06 3.841612515e-06 0.001902394494
66 4 3.798995832e-06 3.806453746e-06 0.001963127793
66 5 3.754187391e-06 3.76176591e-06 0.002018684248
66 6 3.699857495e-06 3.707925169e-06 0.002180536528
66 7 3.636833206e-06 3.645379313e-06 0.002349875737
66 8 3.565690926e-06 3.574641023e-06 0.002510059827
66 9 3.487046186e-06 3.496280302e-06 0.002648120013
66 10 3.401460769e-06 3.410916217e-06 0.002779819997
66 11 3.309470399e-06 3.319208162e-06 0.002942392913
66 12 3.212046113e-06 3.221846804e-06 0.00305122977
66 13 3.109524461e-06 3.11954491e-06 0.003222501984
66 14 3.002896878e-06 3.013028226e-06 0.003373858084
66 15 2.892748222e-06 2.903026574e-06 0.003553144397
66 16 2.779508352e-06 2.790265338e-06 0.003870103804
66 17 2.664240444e-06 2.675457451e-06 0.004210208219
66 18 2.547472344e-06 2.559296029e-06 0.004641339963
66 19 2.430047725e-06 2.44244772e-06 0.005102778602
66 20 2.312639809e-06 2.325546867e-06 0.005581092871
66 21 2.195918085e-06 2.209190508e-06 0.006044133817
66 22 2.080534229e-06 2.09393427e-06 0.006440673274
66 23 1.96681751e-06 1.980289139e-06 0.006849455479
66 24 1.85519792e-06 1.868719103e-06 0.00728827015
66 25 1.745839487e-06 1.759639645e-06 0.007904597305
66 26 1.63951496e-06 1.65341702e-06 0.00847937317
66 27 1.536221031e-06 1.550368283e-06 0.00920912476
66 28 1.43645502e-06 1.45076198e-06 0.009959908217
66 29 1.340196955e-06 1.354819438e-06 0.0109106972
66 30 1.247918835e-06 1.262716571e-06 0.01185793213
66 31 1.159443822e-06 1.174586121e-06 0.01305996795
66 32 1.074986397e-06 1.090520252e-06 0.01445028058
67 1 3.259841104e-06 3.267331359e-06 0.002297736315
67 2 3.246799445e-06 3.254666184e-06 0.002422921102
67 3 3.225550531e-06 3.233676614e-06 0.002519285757
67 4 3.19614967e-06 3.204539308e-06 0.002624920398
67 5 3.158856788e-06 3.16749779e-06 0.002735483937
67 6 3.114031968e-06 3.122858759e-06 0.002834521841
67 7 3.061626504e-06 3.070987489e-06 0.003057520311
67 8 3.00258903e-06 3.012302428e-06 0.003235007542
67 9 2.93720821e-06 2.947269123e-06 0.003425331906
67 10 2.86609612e-06 2.876393587e-06 0.003592854671
67 11 2.789701603e-06 2.800215265e-06 0.003768740854
67 12 2.708643111e-06 2.719299748e-06 0.00393430819
67 13 2.62347435e-06 2.634231359e-06 0.004100291167
67 14 2.534642348e-06 2.545605777e-06 0.004325434192
67 15 2.442659139e-06 2.454022826e-06 0.004652178733
67 16 2.348312042e-06 2.360079544e-06 0.005011047122
67 17 2.252294675e-06 2.264363662e-06 0.005358529137
67 18 2.154992339e-06 2.167447561e-06 0.005779705637
67 19 2.056974407e-06 2.069882819e-06 0.006275436272
67 20 1.958802801e-06 1.972195381e-06 0.006837125484
67 21 1.861116985e-06 1.874881409e-06 0.007395786482
67 22 1.764514259e-06 1.778403827e-06 0.007871610001
67 23 1.669430978e-06 1.683189591e-06 0.008241498661
67 24 1.575864073e-06 1.58962764e-06 0.008733980968
67 25 1.484094044e-06 1.498067548e-06 0.009415511079
67 26 1.394743307e-06 1.408818808e-06 0.01009182213
67 27 1.307900951e-06 1.322150727e-06 0.0108951488
67 28 1.223847442e-06 1.238292868e-06 0.01180329045
67 29 1.142785064e-06 1.157435989e-06 0.01282036789
67 30 1.06488121e-06 1.079733404e-06 0.01394727709
68 1 2.741736238e-06 2.750118174e-06 0.003057163422
68 2 2.731058855e-06 2.739620997e-06 0.003135099676
68 3 2.71330413e-06 2.722222748e-06 0.003286995206
68 4 2.688833968e-06 2.698067456e-06 0.003434012076
68 5 2.658077074e-06 2.66735372e-06 0.003489984002
68 6 2.620883547e-06 2.630331751e-06 0.003604969157
68 7 2.577344822e-06 2.587299683e-06 0.003862448415
68 8 2.528174496e-06 2.538599244e-06 0.004123428748
68 9 2.473790209e-06 2.484610866e-06 0.00437412088
68 10 2.414615955e-06 2.425748365e-06 0.004610426774
68 11 2.350971767e-06 2.362453268e-06 0.00488372575
68 12 2.283529783e-06 2.295188942e-06 0.005105761815
68 13 2.212750941e-06 2.224434605e-06 0.005280153131
68 14 2.138901937e-06 2.150679358e-06 0.005506293037
68 15 2.062241707e-06 2.074416335e-06 0.00590358936
68 16 1.983590855e-06 1.996137069e-06 0.006325001292
68 17 1.903484809e-06 1.91632617e-06 0.006746237794
68 18 1.822194044e-06 1.835456385e-06 0.007278226837
68 19 1.740369556e-06 1.753984116e-06 0.00782279831
68 20 1.658283552e-06 1.672345429e-06 0.008479778269
68 21 1.576642748e-06 1.590952608e-06 0.009076158954
68 22 1.495984267e-06 1.510191267e-06 0.009496757234
68 23 1.416261605e-06 1.430418026e-06 0.009995626356
68 24 1.337735468e-06 1.351958763e-06 0.01063236715
68 25 1.260768877e-06 1.275107399e-06 0.01137283907
68 26 1.185697452e-06 1.200125228e-06 0.01216817652
68 27 1.112741002e-06 1.127240721e-06 0.01303063291
68 28 1.04197542e-06 1.056649797e-06 0.01408322819
69 1 2.305455509e-06 2.31501829e-06 0.004147891925
69 2 2.296720331e-06 2.306315069e-06 0.004177582553
69 3 2.282138233e-06 2.291888856e-06 0.004272581933
69 4 2.261938179e-06 2.271857145e-06 0.004385162603
69 5 2.236431435e-06 2.246381995e-06 0.00444930254
69 6 2.205488443e-06 2.215667647e-06 0.004615396942
69 7 2.169435249e-06 2.179957576e-06 0.004850260895
69 8 2.12858714e-06 2.139531002e-06 0.005141373884
69 9 2.083342591e-06 2.094698971e-06 0.005451038035
69 10 2.034049299e-06 2.045800062e-06 0.00577702934
69 11 1.98103787e-06 1.993195827e-06 0.006137165217
69 12 1.924956787e-06 1.937266048e-06 0.00639456506
69 13 1.865922778e-06 1.8784039e-06 0.006688980617
69 14 1.804282605e-06 1.817011116e-06 0.007054610078
69 15 1.740463129e-06 1.753493243e-06 0.007486578145
69 16 1.674877521e-06 1.688255057e-06 0.007987173105
69 17 1.608023705e-06 1.621696226e-06 0.008502686305
69 18 1.540273299e-06 1.554207262e-06 0.009046422667
69 19 1.472056458e-06 1.486165843e-06 0.009584811891
69 20 1.403557747e-06 1.417933516e-06 0.01024237829
69 21 1.335196856e-06 1.349852842e-06 0.01097664788
69 22 1.267619856e-06 1.282244973e-06 0.0115374627
69 23 1.20085437e-06 1.215407697e-06 0.01211914446
69 24 1.135034176e-06 1.14961393e-06 0.01284521203
69 25 1.070474256e-06 1.085110656e-06 0.01367281817
69 26 1.007387484e-06 1.022118292e-06 0.01462278246
70 1 1.938401305e-06 1.948951927e-06 0.005442950118
70 2 1.93115661e-06 1.941733721e-06 0.005477085895
70 3 1.919059442e-06 1.929767975e-06 0.005580094307
70 4 1.902391573e-06 1.913150596e-06 0.005655525371
70 5 1.881319189e-06 1.892013898e-06 0.005684686413
70 6 1.855603272e-06 1.866524696e-06 0.005885646063
70 7 1.825728147e-06 1.83688193e-06 0.006109224536
70 8 1.791701266e-06 1.803313869e-06 0.006481327437
70 9 1.754214824e-06 1.766074952e-06 0.006760933021
70 10 1.713154615e-06 1.725442338e-06 0.007172571235
70 11 1.669034983e-06 1.681712222e-06 0.007595550284
70 12 1.622253892e-06 1.63519601e-06 0.007977862083
70 13 1.573077893e-06 1.586216406e-06 0.008352106008
70 14 1.521842057e-06 1.5351035e-06 0.008714072635
70 15 1.468786894e-06 1.482190907e-06 0.009125907113
70 16 1.414058491e-06 1.42781205e-06 0.009726301254
70 17 1.358151186e-06 1.372296607e-06 0.01041520323
70 18 1.301560131e-06 1.315967212e-06 0.01106908581
70 19 1.244621261e-06 1.259136424e-06 0.01166231313
70 20 1.187485556e-06 1.202104012e-06 0.01231042864
70 21 1.130264211e-06 1.145154585e-06 0.01317424131
70 22 1.073773131e-06 1.088555567e-06 0.01376681466
70 23 1.017751361e-06 1.032555553e-06 0.01454598064
71 1 1.629867684e-06 1.640930717e-06 0.006787688266
71 2 1.623713253e-06 1.634942241e-06 0.006915622152
71 3 1.613683553e-06 1.625014195e-06 0.007021600602
71 4 1.599728068e-06 1.611224908e-06 0.007186746435
71 5 1.582148539e-06 1.59368247e-06 0.007290043181
71 6 1.560901099e-06 1.5725232e-06 0.007445763389
71 7 1.536005055e-06 1.547909736e-06 0.007750417321
71 8 1.507881423e-06 1.520028788e-06 0.008055915483
71 9 1.476731472e-06 1.489088595e-06 0.008367887904
71 10 1.44254511e-06 1.45531614e-06 0.008853123328
71 11 1.405845187e-06 1.418954185e-06 0.009324638149
71 12 1.366957706e-06 1.380258174e-06 0.00972997718
71 13 1.326021002e-06 1.339493073e-06 0.01015977185
71 14 1.283392766e-06 1.296930196e-06 0.01054815858
71 15 1.239088184e-06 1.252844072e-06 0.01110162187
71 16 1.193427008e-06 1.207509415e-06 0.01179997373
71 17 1.146677944e-06 1.161198231e-06 0.01266291656
71 18 1.099362269e-06 1.114177113e-06 0.01347585253
71 19 1.051804287e-06 1.066704754e-06 0.01416657759
71 20 1.004093598e-06 1.019029709e-06 0.01487521776
72 1 1.370133997e-06 1.381721825e-06 0.008457441527
72 2 1.364980379e-06 1.376752043e-06 0.008624054312
72 3 1.356801095e-06 1.368512171e-06 0.008631387504
72 4 1.345130959e-06 1.357066214e-06 0.00887293155
72 5 1.33030451e-06 1.342502521e-06 0.009169337035
72 6 1.312630872e-06 1.324932547e-06 0.00937177019
72 7 1.291866009e-06 1.304489324e-06 0.009771381061
72 8 1.268473546e-06 1.281325644e-06 0.01013194017
72 9 1.242588583e-06 1.255612015e-06 0.0104808879
72 10 1.214095043e-06 1.227534413e-06 0.01106945497
72 11 1.183597985e-06 1.197291891e-06 0.01156972751
72 12 1.151347439e-06 1.165094075e-06 0.01193960718
72 13 1.117320755e-06 1.131158604e-06 0.01238484857
72 14 1.081815737e-06 1.095708554e-06 0.01284212829
72 15 1.044892383e-06 1.058969901e-06 0.01347269657
72 16 1.006712207e-06 1.021169047e-06 0.01436044994
73 1 1.151623893e-06 1.163566287e-06 0.01037004694
73 2 1.147353589e-06 1.159440675e-06 0.01053475313
73 3 1.140478957e-06 1.152599886e-06 0.01062792803
73 4 1.130619726e-06 1.14309625e-06 0.01103511972
73 5 1.118272093e-06 1.131002016e-06 0.01138356475
73 6 1.103439849e-06 1.11640836e-06 0.01175280297
73 7 1.086234843e-06 1.099424149e-06 0.01214222325
73 8 1.066805939e-06 1.08017448e-06 0.01253137123
73 9 1.04526322e-06 1.058799031e-06 0.01294966726
73 10 1.021643195e-06 1.035450249e-06 0.01351455607
end{disp_deviation_34}
begin{disp_ACL}
A = 2.000109917 k = 0.7911959777 b = 1.003262758 K0= 1.97868526 K1= 1.759912331
0 -1.131959885e-72 1.353885622e-72 6.05724129
0.01745329252 0.009811136916 7.659861179e-72 6.05723703
0.03490658504 0.01962210765 2.39300444e-71 6.057224272
0.05235987756 0.02943274687 2.705341415e-72 6.057203078
0.06981317008 0.03924289088 1.990087617e-72 6.057173552
0.0872664626 0.0490523785 1.319061983e-71 6.05713584
0.1047197551 0.05886105183 3.029366879e-71 6.057090126
0.1221730476 0.06866875705 1.079225845e-71 6.057036636
0.1396263402 0.0784753452 2.138522004e-71 6.056975633
0.1570796327 0.08828067291 1.065129135e-71 6.056907416
0.1745329252 0.0980846031 9.55561184e-73 6.05683232
0.1919862177 0.1078870057 4.557052827e-71 6.056750713
0.2094395102 0.1176877582 9.664871603e-72 6.056662997
0.2268928028 0.1274867464 1.022847168e-71 6.056569601
0.2443460953 0.1372838648 1.389654427e-71 6.056470983
0.2617993878 0.1470790172 2.350591731e-71 6.056367625
0.2792526803 0.1568721171 4.342019941e-72 6.056260036
0.2967059728 0.1666630883 2.407149084e-71 6.056148739
0.3141592654 0.176451865 1.700396712e-71 6.056034281
0.3316125579 0.1862383922 4.065900256e-72 6.055917221
0.3490658504 0.1960226259 5.733134332e-72 6.055798129
0.3665191429 0.2058045336 2.011307597e-71 6.055677588
0.3839724354 0.2155840939 1.813442516e-71 6.055556186
0.401425728 0.2253612972 2.152667304e-71 6.055434514
0.4188790205 0.235136145 1.530880917e-71 6.055313165
0.436332313 0.2449086506 9.148527105e-73 6.05519273
0.4537856055 0.2546788384 2.491992177e-71 6.055073796
0.471238898 0.2644467443 9.15162594e-73 6.054956939
0.4886921906 0.2742124151 1.192077097e-71 6.054842728
0.5061454831 0.2839759082 2.378877881e-71 6.054731718
0.5235987756 0.2937372919 5.175453531e-72 6.054624448
0.5410520681 0.3034966443 1.304970817e-71 6.054521437
0.5585053606 0.3132540532 5.175500306e-72 6.054423185
0.5759586532 0.3230096161 2.831381762e-71 6.054330168
0.5934119457 0.3327634389 2.039586211e-71 6.054242836
0.6108652382 0.3425156361 1.192083969e-71 6.054161613
0.6283185307 0.3522663297 9.101919533e-72 6.05408689
0.6457718232 0.362015649 1.700410964e-71 6.05401903
0.6632251158 0.3717637298 9.164741576e-73 6.05395836
0.6806784083 0.3815107137 8.539030641e-72 6.053905174
0.6981317008 0.3912567477 1.756930445e-71 6.053859728
0.7155849933 0.4010019831 4.066519875e-72 6.053822242
0.7330382858 0.4107465751 1.361441519e-71 6.053792897
0.7504915784 0.4204906817 5.733559388e-72 6.053771835
0.7679448709 0.4302344636 1.0773753e-72 6.053759156
0.7853981634 0.4399780827 8.539051812e-72 6.053754924
0.8028514559 0.4497217018 1.361441818e-71 6.053759156
0.8203047484 0.4594654837 9.665231298e-72 6.053771835
0.837758041 0.4692095903 1.135665625e-71 6.053792897
0.8552113335 0.4789541823 1.079261655e-71 6.053822242
0.872664626 0.4886994177 1.756930445e-71 6.053859728
0.8901179185 0.4984454517 9.16543978e-73 6.053905174
0.907571211 0.5081924356 1.456453934e-72 6.05395836
0.9250245036 0.5179405164 1.983048324e-71 6.05401903
0.9424777961 0.5276898357 9.101919533e-72 6.05408689
0.9599310886 0.5374405293 2.442287564e-72 6.054161613
0.9773843811 0.5471927265 2.831382133e-71 6.054242836
0.9948376736 0.5569465493 4.066369604e-72 6.054330168
1.012290966 0.5667021122 2.265771566e-71 6.054423185
1.029744259 0.5764595212 2.322323921e-71 6.054521437
1.047197551 0.5862188735 4.066282553e-72 6.054624448
1.064650844 0.5959802572 1.530885484e-71 6.054731718
1.082104136 0.6057437503 1.076164752e-72 6.054842728
1.099557429 0.6155094211 9.15162594e-73 6.054956939
1.117010721 0.625277327 6.853118708e-72 6.055073796
1.134464014 0.6350475148 1.079246381e-71 6.05519273
1.151917306 0.6448200204 1.869972257e-71 6.055313165
1.169370599 0.6545948682 1.530879963e-71 6.055434514
1.186823891 0.6643720715 2.441600744e-72 6.055556186
1.204277184 0.6741516318 4.89692456e-72 6.055677588
1.221730476 0.6839335395 5.453950828e-72 6.055798129
1.239183769 0.6937177733 1.361422754e-71 6.055917221
1.256637061 0.7035043004 2.06784662e-71 6.056034281
1.274090354 0.7132930771 1.928122534e-72 6.056148739
1.291543646 0.7230840483 1.502625855e-71 6.056260036
1.308996939 0.7328771482 7.695120126e-72 6.056367625
1.326450232 0.7426723006 1.276724767e-71 6.056470983
1.343903524 0.752469419 9.130417523e-73 6.056569601
1.361356817 0.7622684072 6.852839943e-72 6.056662997
1.378810109 0.7720691597 4.50046633e-71 6.056750713
1.396263402 0.7818715623 3.029367901e-71 6.05683232
1.413716694 0.7916754925 1.163842346e-71 6.056907416
1.431169987 0.8014808202 1.728648945e-71 6.056975633
1.448623279 0.8112874084 3.227375713e-71 6.057036636
1.466076572 0.8210951136 2.520262689e-71 6.057090126
1.483529864 0.8309037869 1.813432047e-71 6.05713584
1.500983157 0.8407132745 5.244515795e-72 6.057173552
1.518436449 0.8505234185 2.569753571e-71 6.057203078
1.535889742 0.8603340578 3.243787015e-72 6.057224272
1.553343034 0.8701450285 5.505954084e-72 6.05723703
end{disp_ACL}
